symbol,company_name,sector,industry,first_date,latest_date,trading_days,latest_price,forecast_30d_date,model_reliability,total_return_pct,avg_daily_return_pct,annualized_volatility_pct,sector_median_volatility_pct,volatility_vs_sector_pct,risk_level,sector_relative_risk,revenue,net_income,ebitda,eps,profit_margin_pct,sector_median_profit_margin_pct,profit_margin_vs_sector_pct,ebitda_margin_pct,sector_median_ebitda_margin_pct,ebitda_margin_vs_sector_pct,fundamental_label,forecast_30d_price,forecast_30d_upside_pct,forecast_signal,final_signal,dashboard_forecast_method,review_reason,old_forecast_30d_price,old_forecast_30d_upside_pct,forecast_naive_30d_x,forecast_moving_average_30d_30d_x,forecast_drift_30d_x,forecast_recent_linear_trend_252d_30d_x,latest_close,forecast_lower_band_30d_x,forecast_upper_band_30d_x,forecast_date,weighted_ensemble_30d_price,weighted_ensemble_30d_upside_pct,adaptive_momentum_30d_price,adaptive_momentum_30d_upside_pct,xgboost_direct_30d_price,xgboost_direct_30d_upside_pct,naive_30d_price,drift_30d_price,moving_average_30d_price,recent_momentum_10d_30d_price,linear_trend_252d_30d_price,latest_date_price_feature,latest_close_price_feature,current_price,annualized_volatility,volatility_90d,avg_volume_30d,price_history_rows,best_model_recent_mape,best_model_directional_accuracy,avg_recent_model_mape,weight_pct_adaptive_blended_momentum,weight_pct_drift,weight_pct_moving_average_30d,weight_pct_naive,weight_pct_recent_linear_trend_252d,weight_pct_recent_momentum_10d,recent_mape_adaptive_blended_momentum,recent_mape_drift,recent_mape_moving_average_30d,recent_mape_naive,recent_mape_recent_linear_trend_252d,recent_mape_recent_momentum_10d,investment_signal,forecast_upside_pct,forecast_price_30d,main_forecast_price_30d,main_forecast_model,main_directional_model,weighted_ensemble_method,forecast_30d_date_live_x,latest_date_live_x,latest_close_live_x,forecast_lower_band_30d_y,forecast_upper_band_30d_y,forecast_naive_30d_y,forecast_moving_average_30d_30d_y,forecast_drift_30d_y,forecast_recent_linear_trend_252d_30d_y,forecast_recent_momentum_10d_30d_x,forecast_adaptive_blended_momentum_30d_x,forecast_weighted_ensemble_30d_x,forecast_weighted_ensemble_upside_pct_30d_x,forecast_30d_date_live_y,latest_date_live_y,latest_close_live_y,forecast_recent_momentum_10d_30d_y,forecast_adaptive_blended_momentum_30d_y,forecast_weighted_ensemble_30d_y,forecast_weighted_ensemble_upside_pct_30d_y,best_model_name,best_model_mae,best_model_rmse,best_model_mape,forecast_30d_date_live,latest_date_live,latest_close_live,forecast_lower_band_30d,forecast_upper_band_30d,forecast_naive_30d,forecast_moving_average_30d_30d,forecast_drift_30d,forecast_recent_linear_trend_252d_30d,forecast_recent_momentum_10d_30d,forecast_adaptive_blended_momentum_30d,forecast_weighted_ensemble_30d,forecast_weighted_ensemble_upside_pct_30d
ALB,Albemarle Corporation,Basic Materials,Specialty Chemicals,2010-01-04,2026-09-29,4106,107.62000274658205,2026-11-10,Moderate,552.1355327111006,0.081606800394401,45.8772289165651,32.50264559878705,30.57048047897205,Medium Risk,Above-Sector Volatility,5142733000.0,-510628000.0,748625000.0,0.0,-9.929117455640805,5.415904936014625,-283.3325653412834,14.556948610787298,19.29199471294753,-24.54409807080436,Below-Sector Profitability,100.70703427772212,-6.423497762900278,Negative Forecast,Weak Fundamentals / Negative Forecast,Weighted Ensemble,Classified,197.9170801810893,0.6187510176562708,196.6999969482422,183.3403325398763,213.1602081117176,114.77622936250788,107.62000274658205,152.331,243.5917,2026-11-10,100.70703427772212,-6.423497762900278,96.38658236611316,-10.438041343411555,,,107.62000274658205,105.86300258643529,124.28866704305013,91.86678746032877,156.82529764637638,2026-09-29,107.62000274658205,107.62000274658205,0.458772289165651,0.458772289165651,2390966.6666666665,751,2.318748,0.550562,10.448834666666666,32.5552,20.0,5.5757,14.6825,0.691,26.4957,2.344906,2.318748,12.679796,2.321478,40.622635,2.405445,Weak Fundamentals / Negative Forecast,-6.423497762900278,100.70703427772212,100.70703427772212,Weighted Ensemble,Adaptive Momentum,Constrained dynamic ensemble excluding XGBoost,2026-07-03,2026-05-22,171.5800018310547,117.46736273390754,205.08761776172665,171.5800018310547,191.17400156656905,170.0091152650533,222.14575713430327,109.40423942279588,150.22878873356498,155.213084460846,-9.538942298371271,2026-07-07,2026-05-26,174.69000244140625,111.38726336351694,155.6328905146839,158.49244631830763,-9.272171215711978,drift,3.1298125697275396,4.035556046063866,2.3187483956037442,2026-11-10,2026-09-29,107.62000274658205,82.32965176527725,123.1865620169145,107.62000274658205,124.28866704305013,105.86300258643529,156.82529764637638,91.86678746032877,96.38658236611316,100.70703427772212,-6.423497762900278
APD,"Air Products and Chemicals, Inc.",Basic Materials,Specialty Chemicals,2010-01-04,2026-09-29,4106,279.19000244140625,2026-11-10,High,487.0354889554002,0.0550102887795551,24.33157885106052,32.50264559878705,-24.86290973052889,Low Risk,Near-Sector Volatility,12037300000.0,-386500000.0,5103500000.0,-1.77,-3.2108529321359445,5.415904936014625,-159.28562207184342,42.397381472589366,19.29199471294753,119.76670688249258,Below-Sector Profitability,269.97118369662354,-3.301987415082124,Negative Forecast,Needs Further Review,Weighted Ensemble,Classified,301.8692611434137,0.6063234209162016,300.04998779296875,293.83057556152346,304.3593495686849,232.27976145837613,279.19000244140625,279.1827,330.1253,2026-11-10,269.97118369662354,-3.301987415082124,264.79108210097934,-5.157391100868241,,,279.19000244140625,279.1944039781386,295.4496643066406,247.68059395147648,312.38788624250657,2026-09-29,279.19000244140625,279.19000244140625,0.2433157885106052,0.2433157885106052,1135270.0,751,1.10792,0.0,1.8432786666666665,29.4678,20.0,7.7978,14.2135,4.2379,24.2831,1.136167,1.108815,3.312293,1.10792,3.24055,1.153927,Needs Further Review,-3.301987415082124,269.97118369662354,269.97118369662354,Weighted Ensemble,Adaptive Momentum,Constrained dynamic ensemble excluding XGBoost,2026-07-03,2026-05-22,289.4700012207031,255.8599295641652,314.98610999026783,289.4700012207031,297.94533284505206,290.2110543969279,279.8015506643166,272.3570727126191,281.7418974249544,283.8878720829763,-1.9283964190371512,2026-07-07,2026-05-26,289.6000061035156,249.13364139083112,278.4680171542288,277.6352932979985,-4.131461517041692,naive,3.2557773166232615,4.439671922616684,1.1079195424585542,2026-11-10,2026-09-29,279.19000244140625,242.6100505285017,300.4180571570905,279.19000244140625,295.4496643066406,279.1944039781386,312.38788624250657,247.68059395147648,264.79108210097934,269.97118369662354,-3.301987415082124
CE,Celanese Corporation,Basic Materials,Chemicals,2010-01-04,2026-09-29,4106,44.84000015258789,2026-11-10,Moderate,163.1963859626741,0.0516601446631985,41.64461892949943,32.50264559878705,15.064278146096008,Medium Risk,Near-Sector Volatility,9544000000.0,-1144000000.0,1695000000.0,-10.64,-11.986588432523051,5.415904936014625,-321.32198726042566,17.759849119865883,19.29199471294753,-7.941872345908177,Below-Sector Profitability,42.50788982204884,-5.200959684663287,Negative Forecast,Weak Fundamentals / Negative Forecast,Weighted Ensemble,Classified,68.06705426995559,0.4531465821205236,67.76000213623047,63.709957122802734,70.54326702299572,24.618058682191872,44.84000015258789,55.9621,87.0142,2026-11-10,42.50788982204884,-5.200959684663287,42.49448946029281,-5.230844523446574,,,44.84000015258789,43.0887089738094,45.75933329264323,38.39586355621725,53.79318623937337,2026-09-29,44.84000015258789,44.84000015258789,0.4164461892949943,0.4164461892949943,1753356.6666666667,751,2.034413,0.58427,5.299721333333333,29.6881,20.0,8.713,16.3076,1.7158,23.5755,2.165912,2.034413,6.367895,2.053491,16.970345,2.206272,Weak Fundamentals / Negative Forecast,-5.200959684663287,42.50788982204884,42.50788982204884,Weighted Ensemble,Adaptive Momentum,Constrained dynamic ensemble excluding XGBoost,2026-07-03,2026-05-22,52.38999938964844,36.76068073423528,63.52692303101159,52.38999938964844,62.06299997965495,50.89626931778227,55.46940582129228,40.31707705005172,46.47118406394311,48.3248687072335,-7.759363866719483,2026-07-07,2026-05-26,52.369998931884766,35.619267117247105,45.74315589487064,46.93731681833885,-10.373653283079028,drift,0.961686906055391,1.236231259847422,2.0344134351683025,2026-11-10,2026-09-29,44.84000015258789,35.4029172056091,51.038751598615775,44.84000015258789,45.75933329264323,43.0887089738094,53.79318623937337,38.39586355621725,42.49448946029281,42.50788982204884,-5.200959684663287
CF,"CF Industries Holdings, Inc.",Basic Materials,Agricultural Inputs,2010-01-04,2026-09-29,4106,115.70999908447266,2026-11-10,High,870.506537366285,0.0859097790648467,37.23768067153751,32.50264559878705,20.62632228119137,Medium Risk,Near-Sector Volatility,7084000000.0,1455000000.0,3377000000.0,8.98,20.53924336533032,5.415904936014625,279.23936272863074,47.67080745341615,19.29199471294753,147.10149553079964,Above-Sector Profitability,104.84702797774942,-9.38810058998692,Negative Forecast,Weak Fundamentals / Negative Forecast,Weighted Ensemble,Classified,125.01414474180643,0.6555135374951022,124.1999969482422,125.12266591389974,129.70274135044644,85.6987803224817,115.70999908447266,100.9313,151.3848,2026-11-10,104.84702797774942,-9.38810058998692,102.87360459454418,-11.093591384922084,,,115.70999908447266,117.21808777025984,127.78466771443684,73.77995284038938,139.60005917742626,2026-09-29,115.70999908447266,115.70999908447266,0.3723768067153751,0.3723768067153751,2696953.333333333,751,1.882853,0.0,3.237180166666666,28.6039,20.0,7.7636,15.3424,5.2138,23.0763,1.979597,1.889085,6.471595,1.882853,5.19232,2.007631,Weak Fundamentals / Negative Forecast,-9.38810058998692,104.84702797774942,104.84702797774942,Weighted Ensemble,Adaptive Momentum,Constrained dynamic ensemble excluding XGBoost,2026-07-03,2026-05-22,121.6999969482422,100.8595451920296,164.25849387436742,121.6999969482422,122.6806660970052,124.5963654767444,116.974682493321,144.15915155022154,124.44167263240412,128.71300239718005,5.762535435329886,2026-07-07,2026-05-26,119.16000366210938,104.52574159447336,114.38484598482232,114.88639325150636,-3.5864470285862824,naive,2.2712225172254787,2.8371308709076675,1.8828525411152959,2026-11-10,2026-09-29,115.70999908447266,89.02893175513934,123.47558326321698,115.70999908447266,127.78466771443684,117.21808777025984,139.60005917742626,73.77995284038938,102.87360459454418,104.84702797774942,-9.38810058998692
CTVA,"Corteva, Inc.",Basic Materials,Agricultural Inputs,2019-05-24,2026-09-29,1743,77.87000274658203,2026-11-10,High,204.4454224847321,0.0852260747347051,31.27043515501688,32.50264559878705,0.834682723409552,Low Risk,Near-Sector Volatility,17401000000.0,1193000000.0,3357000000.0,1.6,6.8559278202402165,5.415904936014625,26.58877696781092,19.29199471294753,19.29199471294753,0.0,Above-Sector Profitability,73.66562004199449,-5.39923276780941,Negative Forecast,Weak Fundamentals / Negative Forecast,Weighted Ensemble,Classified,81.94687290826704,1.1564877759922556,81.01000213623047,81.49300003051758,83.36831746782575,74.1149203541146,77.87000274658203,75.3945,87.8331,2026-11-10,73.66562004199449,-5.39923276780941,72.90864297140823,-6.371336330011333,,,77.87000274658203,79.25904489673236,82.43566665649413,63.40723978410883,89.89878919058998,2026-09-29,77.87000274658203,77.87000274658203,0.3127043515501688,0.3127043515501688,4781443.333333333,751,1.313976,0.539326,2.603177,31.195,20.0,6.7063,14.1395,3.0312,24.9281,1.322071,1.313976,5.10914,1.319082,5.192435,1.362358,Weak Fundamentals / Negative Forecast,-5.39923276780941,73.66562004199449,73.66562004199449,Weighted Ensemble,Adaptive Momentum,Constrained dynamic ensemble excluding XGBoost,2026-07-03,2026-05-22,79.55999755859375,70.57629209657117,86.55776071343928,79.55999755859375,80.91999994913736,80.68067586796128,78.73447063073343,75.02995062887877,77.7308545409032,78.15961747179168,-1.760156020330106,2026-07-07,2026-05-26,79.08999633789062,68.85305408776064,76.2208539861767,75.96686395805693,-3.948833638189782,drift,1.072918704804602,1.6295223168549677,1.313975673135785,2026-11-10,2026-09-29,77.87000274658203,64.21277812687501,84.51002642261155,77.87000274658203,82.43566665649413,79.25904489673236,89.89878919058998,63.40723978410883,72.90864297140823,73.66562004199449,-5.39923276780941
DD,"DuPont de Nemours, Inc.",Basic Materials,Specialty Chemicals,2010-01-04,2026-09-29,4106,130.1199951171875,2026-11-10,High,298.575224923957,0.0531167933706062,25.22776761529742,32.50264559878705,-3.739981150147653,Low Risk,Near-Sector Volatility,6849000000.0,57000000.0,1628000000.0,-1.87,0.8322382829610162,5.415904936014625,-84.63343997368182,23.769893415097098,19.29199471294753,23.211175250552444,Below-Sector Profitability,132.28234969249522,1.6618157519605472,Neutral Forecast,Stable Watchlist,Weighted Ensemble,Classified,45.65999984741211,0.0,45.65999984741211,45.90166651407878,47.881738344828285,38.42912413855507,130.1199951171875,39.825,50.5787,2026-11-10,132.28234969249522,1.6618157519605472,129.5116049547012,-0.4675608556074559,,,130.1199951171875,131.9349837592344,132.3506657918294,136.5649421732552,151.2130285393804,2026-09-29,130.1199951171875,130.1199951171875,0.2522776761529742,0.2522776761529742,1146720.0,751,1.245288,0.0,3.2682043333333333,31.0035,20.0,9.6914,15.2412,1.508,22.5559,1.300595,1.252885,3.050193,1.245288,11.43195,1.328315,Stable Watchlist,1.6618157519605472,132.28234969249522,132.28234969249522,Weighted Ensemble,Adaptive Momentum,Constrained dynamic ensemble excluding XGBoost,2026-07-03,2026-05-22,48.119998931884766,40.28270022770791,55.03362752373769,48.119998931884766,47.589000193278,49.15707536224145,53.4682584877959,43.51724218109641,47.08831247258413,47.084000679445886,-2.1529473720591,2026-07-07,2026-05-26,49.459999084472656,46.24660898384849,49.80801067306835,49.037117333892894,-0.854997489703797,naive,1.725888400607639,2.2065117740063918,1.2452883591290058,2026-11-10,2026-09-29,130.1199951171875,118.40878924381065,147.78142865844956,130.1199951171875,132.3506657918294,131.9349837592344,151.2130285393804,136.5649421732552,129.5116049547012,132.28234969249522,1.6618157519605472
DOW,Dow Inc.,Basic Materials,Chemicals,2019-03-20,2026-09-29,1789,27.61000061035156,2026-11-10,High,20.029485458729347,0.0401631968151564,34.09418112206585,32.50264559878705,19.04304793398256,Low Risk,Near-Sector Volatility,39968000000.0,-2623000000.0,2847000000.0,-3.7,-6.562750200160128,5.415904936014625,-221.17550580548829,7.123198558847077,19.29199471294753,-63.0769204282103,Below-Sector Profitability,25.64923157755608,-7.101662402935068,Negative Forecast,Weak Fundamentals / Negative Forecast,Weighted Ensemble,Positive adaptive forecast with manageable risk and no weak fundamentals flag,40.4900016784668,0.0,40.4900016784668,39.10566673278809,41.89271059490385,10.89427191252237,27.61000061035156,34.9221,50.5236,2026-11-10,25.64923157755608,-7.101662402935068,25.783278046219955,-6.6161627082569785,,,27.61000061035156,26.93421847468402,29.83033339182536,21.84905419508223,36.1939060585449,2026-09-29,27.61000061035156,27.61000061035156,0.3409418112206585,0.3409418112206585,8785333.333333334,751,1.76828,0.516854,5.5005725000000005,31.6423,20.0,6.7092,14.5702,1.1391,25.9392,1.76828,1.783917,6.94166,1.795819,18.924744,1.789015,Weak Fundamentals / Negative Forecast,-7.101662402935068,25.64923157755608,25.64923157755608,Weighted Ensemble,Adaptive Momentum,Constrained dynamic ensemble excluding XGBoost,2026-07-03,2026-05-22,36.0099983215332,27.97123953911655,43.77227676716144,36.0099983215332,38.47566655476888,35.48707471234653,36.86205898803454,33.54849400624306,34.25694132818768,34.990925089611146,-2.8299730058934034,2026-07-07,2026-05-26,35.279998779296875,26.60498368978073,31.87836500508469,32.311081766848886,-8.415297945503951,adaptive_blended_momentum,0.5444417972464677,0.6692848722106496,1.7682797798167948,2026-11-10,2026-09-29,27.61000061035156,22.082341548381333,29.792269949167764,27.61000061035156,29.83033339182536,26.93421847468402,36.1939060585449,21.84905419508223,25.783278046219955,25.64923157755608,-7.101662402935068
ECL,Ecolab Inc.,Basic Materials,Specialty Chemicals,2010-01-04,2026-09-29,4106,277.8699951171875,2026-11-10,High,592.978426338783,0.0578370495058134,22.09000536807434,32.50264559878705,-28.58972085761378,Low Risk,Below-Sector Volatility,16081200000.0,2075600000.0,3985400000.0,7.33,12.906996990274358,5.415904936014625,138.31653514531894,24.782976394796407,19.29199471294753,28.46248800889255,Above-Sector Profitability,281.50766601350364,1.3091269155498435,Neutral Forecast,Stable Watchlist,Weighted Ensemble,Negative adaptive forecast but fundamentals are not clearly weak,260.6000061035156,0.0,260.6000061035156,267.23400065104164,262.5317379179455,288.8444278066316,277.8699951171875,230.2061,271.8823,2026-11-10,281.50766601350364,1.3091269155498435,278.96850915616585,0.3953338101564615,,,277.8699951171875,283.5940186157755,278.9806671142578,287.9154603835055,275.4595285643844,2026-09-29,277.8699951171875,277.8699951171875,0.2209000536807434,0.2209000536807434,1336680.0,751,1.062587,0.0,1.6584286666666666,30.2686,20.0,9.0192,14.4563,4.6351,21.6208,1.103202,1.065405,2.625704,1.062587,2.959051,1.134623,Stable Watchlist,1.3091269155498435,281.50766601350364,281.50766601350364,Weighted Ensemble,Adaptive Momentum,Constrained dynamic ensemble excluding XGBoost,2026-07-03,2026-05-22,253.32000732421875,229.7624078926706,280.00586257272926,253.32000732421875,260.4703328450521,257.5333423230487,272.1887587001773,250.6390975963112,251.01768896437352,253.64309809015992,0.1275425377387019,2026-07-07,2026-05-26,254.22999572753903,263.8560100222834,254.3255644453748,258.37301985379526,1.6296362332855263,naive,2.895666334364149,3.7685606668202087,1.0625871865624075,2026-11-10,2026-09-29,277.8699951171875,255.4800832700806,310.1868647059851,277.8699951171875,278.9806671142578,283.5940186157755,275.4595285643844,287.9154603835055,278.96850915616585,281.50766601350364,1.3091269155498435
EMN,Eastman Chemical Company,Basic Materials,Specialty Chemicals,2010-01-04,2026-09-29,4106,65.75,2026-11-10,High,276.9331168668293,0.0513502584756233,28.242995754771723,32.50264559878705,-4.962494209569258,Low Risk,Near-Sector Volatility,8752000000.0,474000000.0,1406000000.0,4.14,5.415904936014625,5.415904936014625,0.0,16.06489945155393,19.29199471294753,-16.72763915505214,Above-Sector Profitability,65.66652848246396,-0.12695287838181,Neutral Forecast,Stable Watchlist,Weighted Ensemble,Classified,73.08999633789062,0.0,73.08999633789062,72.44833297729492,73.14000429425921,37.78386650131733,65.75,64.7628,82.3995,2026-11-10,65.66652848246396,-0.12695287838181,63.97536550012147,-2.699063878142252,,,65.75,65.38803870396863,69.51666666666667,65.36154531320994,75.1858320980728,2026-09-29,65.75,65.75,0.2824299575477172,0.2824299575477172,1058773.3333333333,751,1.368322,0.0,2.583812333333333,31.0686,20.0,8.3289,15.1275,3.3133,22.1617,1.428203,1.369205,4.15598,1.368322,5.717281,1.463883,Stable Watchlist,-0.12695287838181,65.66652848246396,65.66652848246396,Weighted Ensemble,Adaptive Momentum,Constrained dynamic ensemble excluding XGBoost,2026-07-03,2026-05-22,74.12000274658203,64.06725903281377,87.25270199180365,74.12000274658203,73.1970001220703,73.8050256908977,69.10088250200064,75.54807911229943,75.77168838936672,74.76657983231405,0.8723381837190174,2026-07-07,2026-05-26,74.38999938964844,73.64501229628813,76.06356692546642,74.50199863353097,0.1505568554932954,naive,0.9682224697536892,1.2547064231213367,1.3683222865843692,2026-11-10,2026-09-29,65.75,58.0062818603939,74.33837895896072,65.75,69.51666666666667,65.38803870396863,75.1858320980728,65.36154531320994,63.97536550012147,65.66652848246396,-0.12695287838181
FCX,Freeport-McMoRan Inc.,Basic Materials,Copper,2010-01-04,2026-09-29,4106,70.79000091552734,2026-11-10,Moderate,93.49221610753575,0.0645685103265424,49.013315985759,32.50264559878705,52.29343207608653,Medium Risk,Above-Sector Volatility,25915000000.0,2204000000.0,8985000000.0,1.53,8.504726992089523,5.415904936014625,57.03242749950951,34.671039938259696,19.29199471294753,79.7172374041278,Above-Sector Profitability,72.45320982569753,2.349496946828502,Positive Forecast,Needs Further Review,Weighted Ensemble,Negative adaptive forecast but fundamentals are not clearly weak,57.984030445949166,0.3531181567373063,57.77999877929688,61.623586400349936,60.28443381899879,47.4600733064208,70.79000091552734,41.7081,62.4965,2026-11-10,72.45320982569753,2.349496946828502,69.66357322455629,-1.591224292135842,,,70.79000091552734,72.67960801557558,73.13366673787435,75.19428547272608,78.45068859450132,2026-09-29,70.79000091552734,70.79000091552734,0.49013315985759,0.49013315985759,13287606.666666666,751,2.362857,0.0,3.631558,27.9874,20.0,9.1831,15.1663,5.1271,22.5361,2.498821,2.369564,5.863531,2.362857,6.165789,2.528786,Needs Further Review,2.349496946828502,72.45320982569753,72.45320982569753,Weighted Ensemble,Adaptive Momentum,Constrained dynamic ensemble excluding XGBoost,2026-07-03,2026-05-22,61.9900016784668,49.410211727777416,79.65504976892638,61.9900016784668,63.05499979654948,63.44311758763047,67.47660059041759,63.02129417617507,61.88343542022689,62.735738413358135,1.202995184222396,2026-07-07,2026-05-26,64.36000061035156,64.33000352578895,66.70618567804733,65.3879575816678,1.5971985108261606,naive,1.5842223697238498,2.063840571310656,2.3628568571367654,2026-11-10,2026-09-29,70.79000091552734,58.421474532932265,89.85510304241672,70.79000091552734,73.13366673787435,72.67960801557558,78.45068859450132,75.19428547272608,69.66357322455629,72.45320982569753,2.349496946828502
FMC,FMC Corporation,Basic Materials,Agricultural Inputs,2010-01-04,2026-09-29,4106,9.09000015258789,2026-11-10,Moderate,-16.735477666017918,0.0226917882434174,62.31919990022872,32.50264559878705,9.99865975354508,High Risk,Near-Sector Volatility,3467400000.0,-2202300000.0,486900000.0,-17.88,-63.51444886658592,5.415904936014625,-1272.7393596632066,14.042221837688182,19.29199471294753,-27.21218284253439,Below-Sector Profitability,7.776043670719761,-14.454966554583068,Negative Forecast,Weak Fundamentals / Negative Forecast,Weighted Ensemble,Negative adaptive forecast plus below-sector profitability,15.380000114440918,0.0,15.380000114440918,16.146669991811116,12.44427120117914,8.811430812502522,9.09000015258789,11.0013,18.5859,2026-11-10,7.776043670719761,-14.454966554583068,7.361316775973891,-19.01741856540948,,,9.09000015258789,8.400849906923654,11.03866662979126,5.796039995536254,7.319879962922231,2026-09-29,9.09000015258789,9.09000015258789,0.6231919990022872,0.6231919990022872,3391296.6666666665,751,2.803715,0.58427,10.435714,32.3674,20.0,8.1241,15.5542,0.9277,23.0266,2.950492,2.803715,8.43375,2.831431,42.615382,2.979514,Weak Fundamentals / Negative Forecast,-14.454966554583068,7.776043670719761,7.776043670719761,Weighted Ensemble,Adaptive Momentum,Constrained dynamic ensemble excluding XGBoost,2026-07-03,2026-05-22,13.109999656677246,9.169791843055751,16.754051062414398,13.109999656677246,14.790333302815757,12.058320544169764,2.279273648155147,12.277116112552632,12.255559363305002,12.394803781031271,-5.455346257630968,2026-07-07,2026-05-26,12.979999542236328,12.597682762082831,12.307532886865696,12.436052497476808,-4.190655346246669,drift,0.31762910156550944,0.44142972274841147,2.8037150350992737,2026-11-10,2026-09-29,9.09000015258789,5.914182397903544,10.224043003877444,9.09000015258789,11.03866662979126,8.400849906923654,7.319879962922231,5.796039995536254,7.361316775973891,7.776043670719761,-14.454966554583068
IFF,International Flavors & Fragrances Inc.,Basic Materials,Specialty Chemicals,2010-01-04,2026-09-29,4106,85.25,2026-11-10,High,140.97260573801978,0.0359990222774897,30.991053595663683,32.50264559878705,-17.185064131225182,Low Risk,Near-Sector Volatility,10890000000.0,-361000000.0,1739000000.0,-1.46,-3.314967860422406,5.415904936014625,-161.2080141654365,15.968778696051425,19.29199471294753,-17.22588081918653,Below-Sector Profitability,86.24075775800236,1.162179188272563,Neutral Forecast,Stable Watchlist,Weighted Ensemble,Classified,70.19999694824219,0.0,70.19999694824219,71.25699920654297,69.54381543114071,49.67825256097143,85.25,60.6885,77.3043,2026-11-10,86.24075775800236,1.162179188272563,85.44630155491899,0.2302657535706616,,,85.25,86.12878157397891,85.12966690063476,88.35324590505901,87.35918385524322,2026-09-29,85.25,85.25,0.3099105359566368,0.3099105359566368,1578943.3333333333,751,1.389493,0.0,2.0536911666666664,27.0292,20.0,10.7307,15.4186,5.7827,21.0389,1.49204,1.391374,3.020177,1.389493,3.455132,1.573931,Stable Watchlist,1.162179188272563,86.24075775800236,86.24075775800236,Weighted Ensemble,Adaptive Momentum,Constrained dynamic ensemble excluding XGBoost,2026-07-03,2026-05-22,75.27999877929688,58.57638329241789,86.06934179039972,75.27999877929688,73.77233225504557,74.9862979977678,71.81000514829418,60.319718610473466,73.66572329645997,71.00444179373974,-5.679539127108717,2026-07-07,2026-05-26,75.87000274658203,67.84669733280174,75.86647231918579,73.6904919642808,-2.872691054962989,naive,1.1135554843478732,1.563359558907844,1.3894930480712093,2026-11-10,2026-09-29,85.25,75.2665571449807,98.81504589545884,85.25,85.12966690063476,86.12878157397891,87.35918385524322,88.35324590505901,85.44630155491899,86.24075775800236,1.162179188272563
LIN,Linde plc,Basic Materials,Specialty Chemicals,2010-01-04,2026-09-29,4106,473.3699951171875,2026-11-10,High,735.0794413693409,0.0606062553300392,19.87859152741703,32.50264559878705,-34.84043490724465,Low Risk,Below-Sector Volatility,33986000000.0,6898000000.0,13554000000.0,14.69,20.296592714647208,5.415904936014625,274.75902835146064,39.88112752309775,19.29199471294753,106.72371165606909,Above-Sector Profitability,485.00826056721473,2.458598045942068,Positive Forecast,Needs Further Review,Weighted Ensemble,Classified,504.36385598223336,0.6433015204458313,501.1400146484375,497.93333129882814,507.87295895531065,446.8265507369223,473.3699951171875,468.4871,537.5634,2026-11-10,485.00826056721473,2.458598045942068,479.0996697924815,1.2104008987463537,,,473.3699951171875,478.0472564026728,474.7150024414062,506.0256386018484,524.0950975579907,2026-09-29,473.3699951171875,473.3699951171875,0.1987859152741703,0.1987859152741703,1998850.0,751,0.932403,0.0,2.060766833333333,29.2845,20.0,9.2145,15.668,2.5737,23.2593,0.984182,0.94041,2.676991,0.932403,5.819321,1.011294,Needs Further Review,2.458598045942068,485.00826056721473,485.00826056721473,Weighted Ensemble,Adaptive Momentum,Constrained dynamic ensemble excluding XGBoost,2026-07-03,2026-05-22,517.5800170898438,499.701108195516,593.1136328705368,517.5800170898438,503.8783335367838,525.4868546162592,483.15995776364,598.3378285073605,539.4257097263192,544.4075124677062,5.183255630444015,2026-07-07,2026-05-26,514.969970703125,548.027562725107,524.1459381612775,526.1310396868992,2.1673242361171385,naive,4.664887152777778,6.266215667539453,0.9324026655519232,2026-11-10,2026-09-29,473.3699951171875,444.4612252634984,529.2542958701912,473.3699951171875,474.7150024414062,478.0472564026728,524.0950975579907,506.0256386018484,479.0996697924815,485.00826056721473,2.458598045942068
LYB,LyondellBasell Industries N.V.,Basic Materials,Specialty Chemicals,2010-04-28,2026-09-29,4027,58.18000030517578,2026-11-10,High,740.8182437806149,0.0787986371978013,32.9297770370219,32.50264559878705,10.709936069629192,Low Risk,Near-Sector Volatility,30153000000.0,-745000000.0,2419000000.0,-2.34,-2.470732597088184,5.415904936014625,-145.619940273662,8.022418996451432,19.29199471294753,-58.41581383459894,Below-Sector Profitability,52.5836656763819,-9.619000686557277,Negative Forecast,Weak Fundamentals / Negative Forecast,Weighted Ensemble,Classified,75.08977260817004,0.6565337051834484,74.5999984741211,74.51666666666667,77.07100813729423,28.18576231233345,58.18000030517578,62.131,92.6711,2026-11-10,52.5836656763819,-9.619000686557277,53.419234140609866,-8.182822515630669,,,58.18000030517578,57.08756200185451,63.326333363850914,40.90384271765696,72.66849584125828,2026-09-29,58.18000030517578,58.18000030517578,0.329297770370219,0.329297770370219,3493746.6666666665,751,1.701003,0.58427,4.222993166666666,31.3884,20.0,6.2808,14.4843,1.9016,25.9448,1.719469,1.701003,7.385306,1.710693,11.077555,1.743933,Weak Fundamentals / Negative Forecast,-9.619000686557277,52.5836656763819,52.5836656763819,Weighted Ensemble,Adaptive Momentum,Constrained dynamic ensemble excluding XGBoost,2026-07-03,2026-05-22,69.72000122070312,53.33242488786003,85.35659731148358,69.72000122070312,72.67166671752929,68.99121826997764,66.30693607131654,63.9414109444616,66.76886017908892,67.47054405292738,-3.226415846802619,2026-07-07,2026-05-26,69.01000213623047,57.04984740419645,64.82645831554281,64.95857074308526,-5.87078867951258,drift,1.0493274251634637,1.275956442023386,1.7010033631614208,2026-11-10,2026-09-29,58.18000030517578,45.50326273322344,60.76579414044204,58.18000030517578,63.326333363850914,57.08756200185451,72.66849584125828,40.90384271765696,53.419234140609866,52.5836656763819,-9.619000686557277
MLM,"Martin Marietta Materials, Inc.",Basic Materials,Building Materials,2010-01-04,2026-09-29,4106,479.0899963378906,2026-11-10,High,705.8491107009945,0.0688929268481081,32.43967023341912,32.50264559878705,-7.1231474743541305,Low Risk,Near-Sector Volatility,6150000000.0,1137000000.0,2111000000.0,18.81,18.48780487804878,5.415904936014625,241.3613255119893,34.32520325203252,19.29199471294753,77.92459391975513,Above-Sector Profitability,456.57214743418433,-4.700129219109179,Negative Forecast,Needs Further Review,Weighted Ensemble,Classified,623.0328423968186,0.640127130327035,619.0700073242188,603.6819946289063,632.9872145879837,707.840747747229,479.0899963378906,568.0496,699.7418,2026-11-10,456.57214743418433,-4.700129219109179,445.6232700751699,-6.985477993390922,,,479.0899963378906,482.287033545311,509.3430033365885,404.6997074411457,519.4873304421388,2026-09-29,479.0899963378906,479.0899963378906,0.3243967023341912,0.3243967023341912,812146.6666666666,751,1.673319,0.0,3.1670831666666666,31.2593,20.0,8.8362,14.9095,2.8094,22.1856,1.725902,1.674431,4.335153,1.673319,7.825414,1.76828,Needs Further Review,-4.700129219109179,456.57214743418433,456.57214743418433,Weighted Ensemble,Adaptive Momentum,Constrained dynamic ensemble excluding XGBoost,2026-07-03,2026-05-22,536.47998046875,434.2536832606071,562.8062987236991,536.47998046875,595.6099914550781,542.9486859952714,641.2293327769552,402.5493782891506,484.6761512255896,494.36900002228685,-7.849497088347757,2026-07-07,2026-05-26,560.9299926757812,492.02402769264125,537.8516456889439,541.9717629170596,-3.3797853575784096,naive,9.249217732747395,11.389262375436376,1.6733192396954875,2026-11-10,2026-09-29,479.0899963378906,395.945941143271,526.4812797695356,479.0899963378906,509.3430033365885,482.287033545311,519.4873304421388,404.6997074411457,445.6232700751699,456.57214743418433,-4.700129219109179
MOS,The Mosaic Company,Basic Materials,Agricultural Inputs,2010-01-04,2026-09-29,4106,22.420000076293945,2026-11-10,Moderate,-49.819228524101874,0.017248419900186,43.86290521629293,32.50264559878705,26.91139661496924,Medium Risk,Above-Sector Volatility,12052400000.0,540700000.0,2504300000.0,1.703482,4.486243403803392,5.415904936014625,-17.16539605466818,20.77843417078756,19.29199471294753,7.704954723227384,Below-Sector Profitability,20.07804431901264,-10.445832958571662,Negative Forecast,Weak Fundamentals / Negative Forecast,Weighted Ensemble,Negative adaptive forecast plus below-sector profitability,23.101164809678853,-0.7255506865642963,23.270000457763672,24.777666982014978,22.54660215831938,33.20172660596517,22.420000076293945,17.9011,26.1254,2026-11-10,20.07804431901264,-10.445832958571662,19.84504150034035,-11.485096196213924,,,22.420000076293945,22.023603933886083,24.332666714986164,15.309721406599044,21.017046091521863,2026-09-29,22.420000076293945,22.420000076293945,0.4386290521629293,0.4386290521629293,8261723.333333333,751,2.221569,0.52809,3.537998333333333,29.1906,20.0,10.1282,14.0065,3.3623,23.3124,2.294989,2.221569,4.331262,2.223424,7.823959,2.332787,Weak Fundamentals / Negative Forecast,-10.445832958571662,20.07804431901264,20.07804431901264,Weighted Ensemble,Adaptive Momentum,Constrained dynamic ensemble excluding XGBoost,2026-07-03,2026-05-22,22.51000022888184,18.12218317212361,28.0686260436104,22.51000022888184,23.12966683705648,22.10012892683832,20.61447925317193,23.49795455879455,22.53485644707391,22.553597995711165,0.193681769817977,2026-07-07,2026-05-26,22.6200008392334,25.3045559915855,23.219947486691165,23.17972160481092,2.47445068439922,drift,0.5070390488136836,0.6191303139305271,2.2215694996460518,2026-11-10,2026-09-29,22.420000076293945,16.559982859269084,24.343495225938227,22.420000076293945,24.332666714986164,22.023603933886083,21.017046091521863,15.309721406599044,19.84504150034035,20.07804431901264,-10.445832958571662
NEM,Newmont Corporation,Basic Materials,Gold,2010-01-04,2026-09-29,4106,117.08999633789062,2026-11-10,Moderate,225.2775208760572,0.0547118536597119,45.94570262661371,32.50264559878705,11.226117691843598,Medium Risk,Near-Sector Volatility,22669000000.0,7085000000.0,14092000000.0,6.41,31.254135603687853,5.415904936014625,477.080579754169,62.16418898054612,19.29199471294753,222.22789766174657,Above-Sector Profitability,111.32461953772008,-4.923885029027756,Negative Forecast,Needs Further Review,Weighted Ensemble,Classified,111.65226884997574,0.5061414444329544,111.08999633789062,110.36900024414062,118.0911356608073,120.85991999269822,117.08999633789062,89.8189,135.3995,2026-11-10,111.32461953772008,-4.923885029027756,108.55696051735607,-7.287587400643924,,,117.08999633789062,122.8094783737657,125.56000035603842,98.13394610883678,121.73663324746856,2026-09-29,117.08999633789062,117.08999633789062,0.4594570262661371,0.4594570262661371,7689563.333333333,751,2.295091,0.0,5.740352166666668,30.6905,20.0,6.9549,14.5123,1.6874,26.1549,2.340333,2.297177,8.228621,2.295091,16.942803,2.338088,Needs Further Review,-4.923885029027756,111.32461953772008,111.32461953772008,Weighted Ensemble,Adaptive Momentum,Constrained dynamic ensemble excluding XGBoost,2026-07-03,2026-05-22,107.63999938964844,80.87620601069491,131.01191702391318,107.63999938964844,112.84166666666668,111.7064418905755,135.86734052961032,84.87995015396478,101.78221984770344,102.9356439290204,-4.37045288675509,2026-07-07,2026-05-26,111.61000061035156,88.31094327328087,106.18908650704384,106.59028060147038,-4.49755396598001,naive,2.495777384440106,3.124006415301797,2.295091148236163,2026-11-10,2026-09-29,117.08999633789062,90.98233712959406,136.21513038915955,117.08999633789062,125.56000035603842,122.8094783737657,121.73663324746856,98.13394610883678,108.55696051735607,111.32461953772008,-4.923885029027756
NUE,Nucor Corporation,Basic Materials,Steel,2010-01-04,2026-09-29,4106,236.2400054931641,2026-11-10,High,627.2455245220119,0.0693009399918792,36.24780273340227,32.50264559878705,0.0,Medium Risk,Near-Sector Volatility,32494000000.0,1744000000.0,4285000000.0,7.53,5.367144703637595,5.415904936014625,-0.9003155142695535,13.187049916907736,19.29199471294753,-31.644964073842257,Below-Sector Profitability,221.45555135898397,-6.258234757198208,Negative Forecast,Weak Fundamentals / Negative Forecast,Weighted Ensemble,Positive adaptive forecast with manageable risk and no weak fundamentals flag,226.7100526807369,0.6303251084927365,225.2899932861328,186.8603434244792,238.1821768624442,167.28332518416693,236.2400054931641,241.4334,296.0746,2026-11-10,221.455551358984,-6.258234757198208,219.458780056648,-7.103464716521803,,,236.2400054931641,240.26969011767127,252.06000162760412,179.64711235011754,286.75555757487325,2026-09-29,236.2400054931641,236.2400054931641,0.3624780273340227,0.3624780273340227,1410370.0,751,1.704582,0.573034,3.3667525,29.3997,20.0,7.8982,15.545,3.2329,23.9242,1.804714,1.704582,5.801422,1.712176,7.317241,1.86038,Weak Fundamentals / Negative Forecast,-6.258234757198208,221.455551358984,221.45555135898397,Weighted Ensemble,Adaptive Momentum,Constrained dynamic ensemble excluding XGBoost,2026-07-03,2026-05-22,232.0,210.39739553763715,271.3801760216037,232.0,218.5113321940104,236.93240617905667,214.3328682241832,246.0411433879488,242.61711934573776,238.95121308646029,2.9962125372673643,2026-07-07,2026-05-26,240.2899932861328,266.9800354878801,259.21735899963363,252.8452736689818,5.225053366204226,drift,4.242298772820272,5.705721696596482,1.7045817720187242,2026-11-10,2026-09-29,236.2400054931641,188.8642004684087,259.67102873958856,236.2400054931641,252.06000162760415,240.26969011767127,286.75555757487325,179.64711235011754,219.458780056648,221.45555135898397,-6.258234757198208
PPG,"PPG Industries, Inc.",Basic Materials,Specialty Chemicals,2010-01-04,2026-09-29,4106,106.0199966430664,2026-11-10,High,388.0994518997827,0.0519555528970038,29.71732791089028,32.50264559878705,-20.32842247541732,Low Risk,Near-Sector Volatility,15875000000.0,1576000000.0,2814000000.0,6.96,9.92755905511811,5.415904936014625,83.3037908236154,17.725984251968505,19.29199471294753,-8.117410792819788,Above-Sector Profitability,106.7635848216994,0.7013659707388983,Neutral Forecast,Stable Watchlist,Weighted Ensemble,Classified,108.5,0.0,108.5,107.26700032552084,109.37584813435872,93.52421024782797,106.0199966430664,92.8163,120.7719,2026-11-10,106.7635848216994,0.7013659707388983,104.24807820242084,-1.671305882616669,,,106.0199966430664,105.17922225605878,109.2513328552246,109.48355629109048,117.66268845871976,2026-09-29,106.0199966430664,106.0199966430664,0.2971732791089028,0.2971732791089028,1557373.3333333333,751,1.457136,0.0,2.4982193333333336,30.8634,20.0,8.9319,14.8901,3.5848,21.7299,1.518561,1.459725,3.827396,1.457136,5.167956,1.558542,Stable Watchlist,0.7013659707388983,106.7635848216994,106.7635848216994,Weighted Ensemble,Adaptive Momentum,Constrained dynamic ensemble excluding XGBoost,2026-07-03,2026-05-22,107.77999877929688,90.58354727383102,124.84157902730664,107.77999877929688,108.1553337097168,106.75719235019206,107.5143055557398,102.47127898915066,108.11506041906324,106.34186887374014,-1.3343198384160506,2026-07-07,2026-05-26,109.54000091552734,114.45191343496346,112.58091298744114,111.36305491783494,1.664281529186277,naive,1.6687777201334635,2.1450743329112,1.4571355696871602,2026-11-10,2026-09-29,106.0199966430664,93.70053365042328,121.64779217272591,106.0199966430664,109.2513328552246,105.17922225605878,117.66268845871976,109.48355629109048,104.24807820242084,106.7635848216994,0.7013659707388983
SHW,The Sherwin-Williams Company,Basic Materials,Specialty Chemicals,2010-01-04,2026-09-29,4106,330.44000244140625,2026-11-10,High,1768.357703484539,0.0835782205445585,30.29125089615216,32.50264559878705,-23.71945758468848,Low Risk,Near-Sector Volatility,23574300000.0,2568500000.0,4499400000.0,10.37,10.89533941622869,5.415904936014625,101.17301808192722,19.08603860984207,19.29199471294753,-1.067572877610384,Above-Sector Profitability,337.5276183468127,2.1449025096963603,Positive Forecast,Needs Further Review,Weighted Ensemble,Negative adaptive forecast but fundamentals are not clearly weak,321.6099853515625,0.0,321.6099853515625,326.0343332926432,318.81982857840404,336.5138038852241,330.44000244140625,279.5066,339.5527,2026-11-10,337.5276183468127,2.1449025096963603,332.6608143765625,0.672077205770518,,,330.44000244140625,334.0069853777911,332.71433410644534,353.0821675954948,327.9819937649612,2026-09-29,330.44000244140625,330.44000244140625,0.3029125089615216,0.3029125089615216,1673886.6666666667,751,1.454513,0.0,2.571619833333333,30.0843,20.0,7.3975,14.0537,3.6141,24.8505,1.492386,1.456005,4.577223,1.454513,4.935265,1.514327,Needs Further Review,2.1449025096963603,337.5276183468127,337.5276183468127,Weighted Ensemble,Adaptive Momentum,Constrained dynamic ensemble excluding XGBoost,2026-07-03,2026-05-22,309.0799865722656,269.5541839180301,343.11055634133305,309.0799865722656,321.13499755859374,312.9065179025161,323.16721543824883,286.97610697872176,302.57062768738155,304.11656648109346,-1.605869129935295,2026-07-07,2026-05-26,311.25,306.9401816670319,308.32641415874434,311.1587113335787,-0.029329692022905,naive,4.82777777777778,6.304884223373168,1.4545131021052085,2026-11-10,2026-09-29,330.44000244140625,295.48372451672213,385.5538687729799,330.44000244140625,332.71433410644534,334.0069853777911,327.9819937649612,353.0821675954948,332.6608143765625,337.5276183468127,2.1449025096963603
VMC,Vulcan Materials Company,Basic Materials,Building Materials,2010-01-04,2026-09-29,4106,242.75,2026-11-10,High,559.2863860205427,0.0655296991454689,30.53299189696978,32.50264559878705,-3.2045736741356765,Low Risk,Near-Sector Volatility,7941100000.0,1081200000.0,2357500000.0,8.16,13.615242220851014,5.415904936014625,151.39367071073434,29.68732291496141,19.29199471294753,53.88415431732007,Above-Sector Profitability,237.1414338321536,-2.3104289053950238,Negative Forecast,Needs Further Review,Weighted Ensemble,Positive adaptive forecast with manageable risk and no weak fundamentals flag,303.61067713599255,0.6199665149337679,301.739990234375,282.8979970296224,308.65867578415646,323.84131334852896,242.75,286.7651,359.2536,2026-11-10,237.1414338321536,-2.310428905395024,230.8422794855032,-4.90534315736222,,,242.75,244.5928837393533,257.9273325602214,224.38450145970955,266.13165330991524,2026-09-29,242.75,242.75,0.3053299189696978,0.3053299189696978,1108373.3333333333,751,1.558797,0.0,2.655295,29.6876,20.0,7.8476,14.0107,3.815,24.6391,1.586846,1.561074,4.598384,1.558797,5.006347,1.620322,Needs Further Review,-2.3104289053950238,237.1414338321536,237.1414338321536,Weighted Ensemble,Adaptive Momentum,Constrained dynamic ensemble excluding XGBoost,2026-07-03,2026-05-22,260.6499938964844,212.69104037822808,279.46226223940806,260.6499938964844,284.66399637858075,263.6741023904801,297.54022354321256,202.09753537959327,239.77730410268896,243.8013931505579,-6.464071030294283,2026-07-07,2026-05-26,268.94000244140625,231.54965390908697,257.8037551075735,259.2778099158446,-3.59269444405792,naive,4.336110772026912,5.354644234981856,1.558796935026601,2026-11-10,2026-09-29,242.75,207.38178510108003,271.17164418543143,242.75,257.9273325602214,244.5928837393533,266.13165330991524,224.38450145970955,230.8422794855032,237.1414338321536,-2.3104289053950238
CHTR,"Charter Communications, Inc.",Communication Services,Telecom Services,2010-01-05,2026-09-29,4105,110.66999816894533,2026-11-10,Moderate,371.91428048270086,0.0577941996995087,54.58309954544632,28.61187088385397,10.209341887457352,Medium Risk,Near-Sector Volatility,54774000000.0,4987000000.0,21682000000.0,36.9,9.104684704421809,13.883435582822084,-34.42052113032458,39.58447438565743,27.602840680691408,43.40724870881623,Below-Sector Profitability,95.26318615092852,-13.921398999661356,Negative Forecast,Weak Fundamentals / Negative Forecast,Weighted Ensemble,Negative adaptive forecast plus below-sector profitability,166.1215332432797,0.5760943784482682,165.1699981689453,215.10266723632813,138.841428120931,149.17074341168973,110.66999816894533,103.5203,172.8304,2026-11-10,95.26318615092852,-13.921398999661356,89.62342139082598,-19.01741856540948,,,110.66999816894533,104.73993859692062,139.25966771443686,70.56630637244965,108.76744006894424,2026-09-29,110.66999816894533,110.66999816894533,0.5458309954544632,0.5458309954544632,3172306.6666666665,751,2.70922,0.561798,4.686728,30.042,20.0,6.9522,14.3148,4.2422,24.4488,2.787444,2.70922,9.480324,2.730743,7.593184,2.819453,Weak Fundamentals / Negative Forecast,-13.921398999661356,95.26318615092852,95.26318615092852,Weighted Ensemble,Adaptive Momentum,Constrained dynamic ensemble excluding XGBoost,2026-07-03,2026-05-22,145.14999389648438,99.94114447824664,180.86746939273945,145.14999389648438,179.12433319091798,140.36286917753728,125.72786764711364,119.52267866439234,128.17987213945477,134.447394508018,-7.3734756035188544,2026-07-07,2026-05-26,144.0,133.20326807592394,135.4427732623153,139.24620912784832,-3.3012436612164464,drift,3.794539682331341,4.818184531368589,2.709220151091244,2026-11-10,2026-09-29,110.66999816894533,74.95774431723308,121.0692066348649,110.66999816894533,139.25966771443686,104.73993859692062,108.76744006894424,70.56630637244965,89.62342139082598,95.26318615092852,-13.921398999661356
CMCSA,Comcast Corporation,Communication Services,Telecom Services,2010-01-04,2026-09-29,4106,21.600000381469727,2026-11-10,High,390.26267317560695,0.0510719354587436,33.96426136121747,28.61187088385397,-13.001792009626165,Low Risk,Near-Sector Volatility,123707000000.0,19998000000.0,46386000000.0,5.548507,16.165617143734792,13.883435582822084,16.438161486026136,37.49666550801491,27.602840680691408,35.843502274910335,Above-Sector Profitability,19.444463061923045,-9.979339266104274,Negative Forecast,Weak Fundamentals / Negative Forecast,Weighted Ensemble,Negative adaptive forecast but fundamentals are not clearly weak,27.19730608007359,0.5817498491870149,27.040000915527344,28.401194953918456,26.631298564729235,22.82794788867794,21.600000381469727,20.8648,27.4114,2026-11-10,19.444463061923045,-9.979339266104274,19.01765936783143,-11.95528225940978,,,21.600000381469727,21.03914027143195,24.967333348592124,14.947826639473371,24.022690363095062,2026-09-29,21.600000381469727,21.600000381469727,0.3396426136121747,0.3396426136121747,27788390.0,751,1.587874,0.022472,3.346142166666666,32.428,20.0,6.9964,15.1153,2.7781,22.6822,1.611752,1.590006,6.157943,1.587874,7.460212,1.669066,Weak Fundamentals / Negative Forecast,-9.979339266104274,19.444463061923045,19.444463061923045,Weighted Ensemble,Adaptive Momentum,Constrained dynamic ensemble excluding XGBoost,2026-07-03,2026-05-22,25.209999084472656,21.23986642665554,28.974404803412,25.209999084472656,26.94233315785726,24.804726089014498,26.276254501301832,24.64848264270481,24.174990098638112,24.80750869830176,-1.596550578293364,2026-07-07,2026-05-26,25.14999961853028,25.51345925604445,24.74636487402062,25.168529481397115,0.0736773882620235,naive,0.3835555182562931,0.5152777235522326,1.5878735337431462,2026-11-10,2026-09-29,21.600000381469727,16.749988783950418,22.5723819068325,21.600000381469727,24.967333348592124,21.03914027143195,24.022690363095062,14.947826639473371,19.01765936783143,19.444463061923045,-9.979339266104274
DIS,The Walt Disney Company,Communication Services,Entertainment,2010-01-04,2026-09-29,4106,105.41000366210938,2026-11-10,High,280.1587913390838,0.0462923320892464,25.22526100800518,28.61187088385397,-7.911981478678326,Low Risk,Near-Sector Volatility,94425000000.0,12404000000.0,19960000000.0,6.88,13.136351601800367,13.883435582822084,-5.381117494765339,21.13846968493513,27.602840680691408,-23.41922366083936,Below-Sector Profitability,104.68691933222996,-0.6859731569664544,Neutral Forecast,Stable Watchlist,Weighted Ensemble,Classified,103.75,0.0,103.75,99.92566630045572,105.36633809407552,117.50896886829852,105.41000366210938,94.735,116.059,2026-11-10,104.68691933222996,-0.6859731569664544,105.2978622655284,-0.1063859146997554,,,105.41000366210938,106.4914154855331,106.4153330485026,102.4371701152876,98.37896836383835,2026-09-29,105.41000366210938,105.41000366210938,0.2522526100800518,0.2522526100800518,8213446.666666667,751,1.252395,0.0,2.0669763333333333,29.4791,20.0,8.4268,13.8694,3.7443,24.4804,1.27654,1.25549,3.150953,1.252395,4.185515,1.280965,Stable Watchlist,-0.6859731569664544,104.68691933222996,104.68691933222996,Weighted Ensemble,Adaptive Momentum,Constrained dynamic ensemble excluding XGBoost,2026-07-03,2026-05-22,103.0,86.57369995892734,112.66477901342544,103.0,103.93066736857097,103.56415493195486,98.32573762927466,89.296907842143,100.22124170062358,98.76136276017634,-4.115181786236563,2026-07-07,2026-05-26,103.27999877929688,99.07771469458916,102.2232864972553,101.97451674898272,-1.264022120201501,naive,1.277444118923609,1.6065166640189668,1.2523945821075413,2026-11-10,2026-09-29,105.41000366210938,93.70855490388836,116.95144686110264,105.41000366210938,106.4153330485026,106.4914154855331,98.37896836383835,102.4371701152876,105.2978622655284,104.68691933222996,-0.6859731569664544
FOX,Fox Corporation,Communication Services,Entertainment,2019-03-13,2026-09-29,1794,55.83000183105469,2026-11-10,High,61.51037629907011,0.0459514943748436,43.73148018661817,28.61187088385397,8.734734781113179,Medium Risk,Near-Sector Volatility,16300000000.0,2263000000.0,3849000000.0,4.91,13.883435582822084,13.883435582822084,0.0,23.61349693251534,27.602840680691408,-14.452656501280584,Above-Sector Profitability,52.2487766634445,-6.41451737445256,Negative Forecast,Weak Fundamentals / Negative Forecast,Weighted Ensemble,Classified,57.02000045776367,0.0,57.02000045776367,55.12849998474121,58.3850648970831,63.555225815670894,55.83000183105469,51.0663,63.1323,2026-11-10,52.2487766634445,-6.41451737445256,52.276517108501125,-6.364830030467569,,,55.83000183105469,57.346370777791805,59.22366689046224,44.22365644951613,54.46579398622987,2026-09-29,55.83000183105469,55.83000183105469,0.4373148018661817,0.4373148018661817,1159270.0,751,1.872505,0.52809,4.124663833333334,30.2367,20.0,6.7212,14.6482,2.5127,25.8812,1.942886,1.872505,7.589967,1.874894,9.52752,1.940211,Weak Fundamentals / Negative Forecast,-6.41451737445256,52.2487766634445,52.2487766634445,Weighted Ensemble,Adaptive Momentum,Constrained dynamic ensemble excluding XGBoost,2026-07-03,2026-05-22,57.2400016784668,51.0263263686747,66.41937704899398,57.2400016784668,57.5380002339681,58.81556067746558,60.42945773636796,59.20376046825813,57.46654635402857,58.21629334220815,1.705610823048984,2026-07-07,2026-05-26,58.08000183105469,49.69103711192458,56.56986395801141,55.74805167985168,-4.015065560752348,drift,1.0138421521569763,1.4968883576125727,1.8725052513509026,2026-11-10,2026-09-29,55.83000183105469,43.11866173017516,63.31213802296765,55.83000183105469,59.22366689046224,57.346370777791805,54.46579398622987,44.22365644951613,52.276517108501125,52.2487766634445,-6.41451737445256
FOXA,Fox Corporation,Communication Services,Entertainment,2019-03-12,2026-09-29,1795,62.47999954223633,2026-11-10,High,84.39662275506687,0.0544512000508073,46.34843424454721,28.61187088385397,11.884592184120091,Medium Risk,Near-Sector Volatility,16300000000.0,2263000000.0,3849000000.0,4.91,13.883435582822084,13.883435582822084,0.0,23.61349693251534,27.602840680691408,-14.452656501280584,Above-Sector Profitability,58.48257642397528,-6.397924371876473,Negative Forecast,Weak Fundamentals / Negative Forecast,Weighted Ensemble,Classified,63.97593452938424,0.7653690944573588,63.4900016784668,61.32966639200846,65.19580850147065,72.78186209238012,62.47999954223633,56.5571,70.7114,2026-11-10,58.48257642397528,-6.397924371876473,58.48298154647932,-6.397275968376137,,,62.47999954223633,64.26883853855672,66.31833330790202,49.39719857987912,60.79559197694875,2026-09-29,62.47999954223633,62.47999954223633,0.4634843424454721,0.4634843424454721,5040036.666666667,751,1.936456,0.011236,4.286682333333333,30.5915,20.0,6.6226,14.675,2.5534,25.5574,2.001614,1.937874,7.925673,1.936456,9.911439,2.007038,Weak Fundamentals / Negative Forecast,-6.397924371876473,58.48257642397528,58.48257642397528,Weighted Ensemble,Adaptive Momentum,Constrained dynamic ensemble excluding XGBoost,2026-07-03,2026-05-22,63.97999954223633,57.12269595833614,74.89014637329706,63.97999954223633,64.1213331858317,65.82692099547823,67.64325429410476,67.20425070146324,64.40606897985086,65.40586412208876,2.228609862541726,2026-07-07,2026-05-26,64.95999908447266,57.33676271579171,63.736355644231,62.94246844073373,-3.105804606178284,naive,1.1643336402045357,1.7536055399573383,1.9364560929128338,2026-11-10,2026-09-29,62.47999954223633,47.71162622818705,71.68508004377176,62.47999954223633,66.31833330790202,64.26883853855672,60.79559197694875,49.39719857987912,58.48298154647932,58.48257642397528,-6.397924371876473
GOOG,Alphabet Inc.,Communication Services,Internet Content & Information,2010-01-04,2026-09-29,4106,337.32000732421875,2026-11-10,High,2366.8148875236275,0.0932985916692863,33.47312407494163,28.61187088385397,-3.1074023610664443,Low Risk,Near-Sector Volatility,402836000000.0,132170000000.0,180698000000.0,10.91,32.80987796522654,13.883435582822084,136.32391110613906,44.85646764440119,27.602840680691408,62.50670778163405,Above-Sector Profitability,336.0610609079954,-0.3732202030380316,Neutral Forecast,Stable Watchlist,Weighted Ensemble,Positive adaptive forecast with manageable risk and no weak fundamentals flag,381.9400024414063,0.0,381.9400024414063,316.66599833170574,408.1826618739537,332.0989447195268,337.32000732421875,409.563,515.0339,2026-11-10,336.0610609079954,-0.3732202030380316,330.0337277986932,-2.160049616778968,,,337.32000732421875,349.8876172667095,339.33933410644534,325.2845215101673,379.8528997137988,2026-09-29,337.32000732421875,337.32000732421875,0.3347312407494163,0.3347312407494163,16696830.0,751,1.535924,0.0,3.112492,30.6256,20.0,10.2271,14.806,2.1662,22.1751,1.591017,1.557689,3.244364,1.535924,9.114731,1.631227,Stable Watchlist,-0.3732202030380316,336.0610609079954,336.0610609079954,Weighted Ensemble,Adaptive Momentum,Constrained dynamic ensemble excluding XGBoost,2026-07-03,2026-05-22,379.3800048828125,323.41960494568804,422.5963373852963,379.3800048828125,366.1956654866536,396.7787186418112,399.3302678115725,330.94985117866673,374.6576391800392,369.6970928863889,-2.5522989803889646,2026-07-07,2026-05-26,384.8399963378906,379.1076106132418,391.4874539538884,388.56544160065584,0.9680504360815628,naive,5.38155483669705,7.368580668622398,1.5359242963410806,2026-11-10,2026-09-29,337.32000732421875,290.1172324820049,389.2806907483944,337.32000732421875,339.33933410644534,349.8876172667095,379.8528997137988,325.2845215101673,330.0337277986932,336.0610609079954,-0.3732202030380316
GOOGL,Alphabet Inc.,Communication Services,Internet Content & Information,2010-01-04,2026-09-29,4106,340.9200134277344,2026-11-10,High,2373.664801562185,0.0934009694649466,33.82618316217676,28.61187088385397,-3.005690339669425,Low Risk,Near-Sector Volatility,402836000000.0,132170000000.0,180698000000.0,10.91,32.80987796522654,13.883435582822084,136.32391110613906,44.85646764440119,27.602840680691408,62.50670778163405,Above-Sector Profitability,339.79943128398844,-0.3286935643581591,Neutral Forecast,Stable Watchlist,Weighted Ensemble,Positive adaptive forecast with manageable risk and no weak fundamentals flag,387.4984832001661,0.7012722174641195,384.7999877929687,318.52533264160155,411.6087265014648,332.43551553355314,340.9200134277344,412.1235,521.208,2026-11-10,339.79943128398844,-0.3286935643581591,333.5948312001826,-2.14865127860981,,,340.9200134277344,353.87703530100833,342.64100036621096,329.02446562920915,383.7649863266177,2026-09-29,340.9200134277344,340.9200134277344,0.3382618316217676,0.3382618316217676,24921916.666666668,751,1.568877,0.0,3.146221333333333,30.4436,20.0,10.4556,14.8807,2.2273,21.9928,1.628303,1.586842,3.271858,1.568877,9.161198,1.66025,Stable Watchlist,-0.3286935643581591,339.79943128398844,339.79943128398844,Weighted Ensemble,Adaptive Momentum,Constrained dynamic ensemble excluding XGBoost,2026-07-03,2026-05-22,382.9700012207031,325.59395046811454,428.1156095088001,382.9700012207031,369.0340006510417,400.7788148471988,401.40059382863615,334.0995770194336,378.8283201514639,373.3521830082622,-2.51137639548384,2026-07-07,2026-05-26,388.8800048828125,389.60086513448607,397.4083143639336,394.7078870644253,1.498632510912729,naive,5.5227783203125,7.4717112079658445,1.5688774096811318,2026-11-10,2026-09-29,340.9200134277344,292.8900211492909,394.22187566461423,340.9200134277344,342.64100036621096,353.87703530100833,383.7649863266177,329.02446562920915,333.5948312001826,339.79943128398844,-0.3286935643581591
LYV,"Live Nation Entertainment, Inc.",Communication Services,Entertainment,2010-01-04,2026-09-29,4106,171.08999633789062,2026-11-10,High,1631.798294115045,0.0972257784774402,23.55536900535502,28.61187088385397,30.905728264883297,Low Risk,Above-Sector Volatility,25201406000.0,495972000.0,1985432000.0,-0.24,1.9680330533939256,13.883435582822084,-85.82459621284976,7.878258855874947,27.602840680691408,-71.45852143621615,Below-Sector Profitability,173.04802750152524,1.1444451490709266,Neutral Forecast,Stable Watchlist,Weighted Ensemble,Classified,159.02760294729552,0.6886162397602572,157.94000244140625,155.842333984375,160.9923833211263,162.25889525404548,171.08999633789062,140.6945,181.5684,2026-11-10,173.04802750152524,1.1444451490709266,170.11745474490826,-0.5684386076329478,,,171.08999633789062,175.99399305282853,175.1259994506836,173.66551723702116,186.37683462238272,2026-09-29,171.08999633789062,171.08999633789062,0.2355536900535502,0.2355536900535502,1860033.3333333333,751,1.163013,0.52809,2.495257666666667,31.5471,20.0,8.6966,15.1832,2.3614,22.2117,1.213846,1.163013,3.321377,1.163367,6.859027,1.250916,Stable Watchlist,1.1444451490709266,173.04802750152524,173.04802750152524,Weighted Ensemble,Adaptive Momentum,Constrained dynamic ensemble excluding XGBoost,2026-07-03,2026-05-22,165.5500030517578,143.40187877357175,196.04210453527648,165.5500030517578,161.12066752115885,170.2506095680862,156.52784888406956,172.55112970388117,167.91388524610582,167.66873921242325,1.2798164431341206,2026-07-07,2026-05-26,166.52000427246094,177.54270819380258,170.1989719843547,169.79526965528257,1.9668900425096207,drift,2.0510801287138003,2.613782598087555,1.1630129311723416,2026-11-10,2026-09-29,171.08999633789062,156.04092923318836,191.908750924046,171.08999633789062,175.1259994506836,175.99399305282853,186.37683462238272,173.66551723702116,170.11745474490826,173.04802750152524,1.1444451490709266
NFLX,"Netflix, Inc.",Communication Services,Entertainment,2010-01-04,2026-09-29,4106,70.30000305175781,2026-11-10,High,12152.617903877835,0.164975184170009,35.41411694921388,28.61187088385397,71.20919700345316,Medium Risk,Above-Sector Volatility,45183036000.0,10981201000.0,30254617000.0,2.58,24.30381393583202,13.883435582822084,75.05619405835705,66.9601241492493,27.602840680691408,142.58417792516872,Above-Sector Profitability,64.6437240882686,-8.045915672755838,Negative Forecast,Weak Fundamentals / Negative Forecast,Weighted Ensemble,Negative adaptive forecast but fundamentals are not clearly weak,93.61000061035156,0.0,93.61000061035156,96.33166707356771,91.35357175554547,133.44438389061816,70.30000305175781,74.3255,100.8894,2026-11-10,64.6437240882686,-8.045915672755838,63.81386701133724,-9.226366655553642,,,70.30000305175781,72.04886337114299,77.19033381144206,51.66649220227939,64.88393742737651,2026-09-29,70.30000305175781,70.30000305175781,0.3541411694921388,0.3541411694921388,31521843.33333333,751,1.677367,0.0,3.2104836666666667,31.2316,20.0,6.8975,15.0244,4.1373,22.7091,1.755404,1.701025,6.615895,1.677367,5.719564,1.793647,Weak Fundamentals / Negative Forecast,-8.045915672755838,64.6437240882686,64.6437240882686,Weighted Ensemble,Adaptive Momentum,Constrained dynamic ensemble excluding XGBoost,2026-07-03,2026-05-22,88.5999984741211,75.96488630061086,107.645726300966,88.5999984741211,92.40366643269856,91.88220825707992,77.71968148397248,92.01521386285351,89.46008117543028,90.42839907462454,2.0636575981855065,2026-07-07,2026-05-26,87.68000030517578,94.72530579869988,87.50754099212237,90.05289509123227,2.706312474677784,naive,1.275666978624132,1.6943557545600523,1.6773674872814928,2026-11-10,2026-09-29,70.30000305175781,55.33240717982045,75.52194594426025,70.30000305175781,77.19033381144206,72.04886337114299,64.88393742737651,51.66649220227939,63.81386701133724,64.6437240882686,-8.045915672755838
NWS,News Corporation,Communication Services,Entertainment,2013-06-19,2026-09-29,3236,31.5,2026-11-10,High,123.5521821286793,0.041070468687921,29.20377882035563,28.61187088385397,-0.2713464719890882,Low Risk,Near-Sector Volatility,8452000000.0,1180000000.0,1439000000.0,2.08,13.96119261713204,13.883435582822084,0.5600705520337077,17.025556081400854,27.602840680691408,-38.31955095364341,Above-Sector Profitability,29.824082792929644,-5.320372085937637,Negative Forecast,Weak Fundamentals / Negative Forecast,Weighted Ensemble,Classified,30.63621839084065,0.5125290385514883,30.479999542236328,28.88333314259847,30.405145418076287,31.11274250334279,31.5,28.1955,34.8277,2026-11-10,29.824082792929644,-5.320372085937637,29.51626989346068,-6.297555893775616,,,31.5,32.02730850543724,33.50600001017253,25.542495558530696,32.09840911529045,2026-09-29,31.5,31.5,0.2920377882035563,0.2920377882035563,1185623.3333333333,751,1.487461,0.516854,3.1227945,31.2588,20.0,8.8479,14.9095,2.2824,22.7014,1.5598,1.487461,3.884874,1.487913,8.732063,1.584656,Weak Fundamentals / Negative Forecast,-5.320372085937637,29.824082792929644,29.824082792929644,Weighted Ensemble,Adaptive Momentum,Constrained dynamic ensemble excluding XGBoost,2026-07-03,2026-05-22,29.68000030517578,25.124362965371475,32.169815434135195,29.68000030517578,30.116666475931805,30.246969428172008,26.86245914767512,25.28170873808356,28.756447760392355,28.42966970431106,-4.2127041374951775,2026-07-07,2026-05-26,29.950000762939453,26.569105979403112,29.223880759356422,28.977073616369022,-3.248504580254772,drift,0.46697792016034356,0.5735140793649725,1.4874608249233021,2026-11-10,2026-09-29,31.5,26.234061130345875,33.90538392131113,31.5,33.50600001017253,32.02730850543724,32.09840911529045,25.542495558530696,29.51626989346068,29.824082792929644,-5.320372085937637
NWSA,News Corporation,Communication Services,Entertainment,2013-06-19,2026-09-29,3236,28.520000457763672,2026-11-10,High,90.48161995360556,0.0361945610686093,27.897904259935054,28.61187088385397,0.0,Low Risk,Near-Sector Volatility,8452000000.0,1180000000.0,1439000000.0,2.08,13.96119261713204,13.883435582822084,0.5600705520337077,17.025556081400854,27.602840680691408,-38.31955095364341,Above-Sector Profitability,27.08807210779856,-5.0207865602446535,Negative Forecast,Weak Fundamentals / Negative Forecast,Weighted Ensemble,Classified,26.435941522235662,0.4405084679170548,26.31999969482422,25.147999954223632,26.249125571477983,27.16959735496345,28.520000457763672,24.1953,29.8142,2026-11-10,27.08807210779856,-5.0207865602446535,26.92129516426793,-5.605558442621074,,,28.520000457763672,28.92772694725433,29.93400001525879,23.45655049692733,28.408173560789628,2026-09-29,28.520000457763672,28.520000457763672,0.2789790425993505,0.2789790425993505,4290470.0,751,1.420353,0.516854,3.1742911666666664,30.8668,20.0,9.189,15.2477,2.0309,22.6657,1.489457,1.420353,3.727069,1.420673,9.488685,1.49951,Weak Fundamentals / Negative Forecast,-5.0207865602446535,27.08807210779856,27.08807210779856,Weighted Ensemble,Adaptive Momentum,Constrained dynamic ensemble excluding XGBoost,2026-07-03,2026-05-22,25.88999938964844,22.110694281638168,28.302897919356944,25.88999938964844,26.14433345794678,26.246844680779503,23.597216839092184,22.775719455107023,25.266369489707817,25.01592938867781,-3.376091238225768,2026-07-07,2026-05-26,26.200000762939453,23.9128562019537,25.804451382760423,25.548264805526195,-2.487541749751225,drift,0.3939387862893137,0.48465978771458285,1.420352572560268,2026-11-10,2026-09-29,28.520000457763672,23.96443945976049,30.618853061402987,28.520000457763672,29.93400001525879,28.92772694725433,28.408173560789628,23.45655049692733,26.92129516426793,27.08807210779856,-5.0207865602446535
OMC,Omnicom Group Inc.,Communication Services,Advertising Agencies,2010-01-04,2026-09-29,4106,74.13999938964844,2026-11-10,High,217.67662822854624,0.0414785529398168,34.83209240809836,28.61187088385397,-9.401531530329327,Low Risk,Near-Sector Volatility,17271900000.0,-54500000.0,818200000.0,-0.27,-0.3155414285631575,13.883435582822084,-102.27279066972136,4.73717425413533,27.602840680691408,-82.83809152494564,Below-Sector Profitability,69.81881114335685,-5.828416889486671,Negative Forecast,Weak Fundamentals / Negative Forecast,Weighted Ensemble,Classified,76.72000122070312,0.0,76.72000122070312,76.20066604614257,77.1641727629162,68.24483188784028,74.13999938964844,64.7163,88.9029,2026-11-10,69.81881114335685,-5.828416889486671,68.61631220480452,-7.450346952140857,,,74.13999938964844,74.17137125803673,81.73666610717774,59.34519701368499,80.76733500071562,2026-09-29,74.13999938964844,74.13999938964844,0.3483209240809836,0.3483209240809836,2910226.6666666665,751,1.733691,0.011236,2.809202833333334,29.2054,20.0,8.2726,14.3382,3.8608,24.3231,1.765309,1.735826,4.536635,1.733691,5.292881,1.790875,Weak Fundamentals / Negative Forecast,-5.828416889486671,69.81881114335685,69.81881114335685,Weighted Ensemble,Adaptive Momentum,Constrained dynamic ensemble excluding XGBoost,2026-07-03,2026-05-22,74.93000030517578,61.37326774787655,88.46692779238174,74.93000030517578,75.85166651407877,74.31772410003595,78.3396478415742,68.88679266942671,75.07122421854848,73.6851711420548,-1.6613227786614546,2026-07-07,2026-05-26,74.41000366210938,72.2334440753046,74.1171344340988,73.99745596468452,-0.5544250465276227,naive,1.379777611626519,1.7393967634823153,1.733691359501735,2026-11-10,2026-09-29,74.13999938964844,59.91502778897173,81.35966166352989,74.13999938964844,81.73666610717774,74.17137125803673,80.76733500071562,59.34519701368499,68.61631220480452,69.81881114335685,-5.828416889486671
T,AT&T Inc.,Communication Services,Telecom Services,2010-01-04,2026-09-29,4106,24.479999542236328,2026-11-10,High,291.5321127170139,0.0418498608143847,28.34970749993216,28.61187088385397,-27.35206695380986,Low Risk,Below-Sector Volatility,125648000000.0,21953000000.0,55535000000.0,3.04,17.471826053737423,13.883435582822084,25.846559733062325,44.19887304214949,27.602840680691408,60.12436384153481,Above-Sector Profitability,22.69876082842039,-7.276302071585807,Negative Forecast,Weak Fundamentals / Negative Forecast,Weighted Ensemble,Classified,26.27218832487601,0.5441606149107855,26.1299991607666,27.047770690917968,26.12662497020903,28.43900994267378,24.479999542236328,23.194,27.8463,2026-11-10,22.69876082842039,-7.276302071585807,22.914031074773032,-6.3969301337668245,,,24.479999542236328,24.986570801659308,25.57466672261556,18.82505672321133,24.071490721212108,2026-09-29,24.479999542236328,24.479999542236328,0.2834970749993216,0.2834970749993216,35078390.0,751,1.361438,0.52809,3.1288705,31.2696,20.0,6.2878,14.5116,2.2447,25.6862,1.378209,1.361438,5.799914,1.362895,7.48287,1.387897,Weak Fundamentals / Negative Forecast,-7.276302071585807,22.69876082842039,22.69876082842039,Weighted Ensemble,Adaptive Momentum,Constrained dynamic ensemble excluding XGBoost,2026-07-03,2026-05-22,25.26000022888184,22.72312561726029,28.692331286486205,25.26000022888184,25.54933338165284,25.71797912091168,25.40144626173957,25.562392454389407,25.53808611492047,25.533888228682947,1.0842755238297772,2026-07-07,2026-05-26,25.020000457763672,25.475449371488043,25.07034538306942,25.27874534533081,1.034152209565015,drift,0.3218645844768072,0.4178651229802433,1.3614382562649912,2026-11-10,2026-09-29,24.479999542236328,20.04147051541007,25.708380168494323,24.479999542236328,25.57466672261556,24.986570801659308,24.071490721212108,18.82505672321133,22.914031074773032,22.69876082842039,-7.276302071585807
TMUS,"T-Mobile US, Inc.",Communication Services,Telecom Services,2010-01-04,2026-09-29,4106,162.97999572753906,2026-11-10,High,1439.5710323640458,0.0902461343850617,37.2959429884133,28.61187088385397,20.031060438718765,Medium Risk,Near-Sector Volatility,88309000000.0,10992000000.0,31841000000.0,9.75,12.447202436897712,13.883435582822084,-10.344940467771664,36.056347597640105,27.602840680691408,30.62549617533405,Below-Sector Profitability,152.73527659678064,-6.285875198993734,Negative Forecast,Weak Fundamentals / Negative Forecast,Weighted Ensemble,Classified,196.8359439050672,0.6833472660190336,195.5,199.5196660359701,190.4962397984096,208.44242396517296,162.97999572753906,173.0605,214.9998,2026-11-10,152.73527659678064,-6.285875198993734,151.0209087200617,-7.337763726212083,,,162.97999572753906,164.00859916487903,176.60333302815755,120.0389380019236,167.85209868803514,2026-09-29,162.97999572753906,162.97999572753906,0.372959429884133,0.372959429884133,4816976.666666667,751,1.634973,0.0,2.1958465,26.6157,20.0,10.9097,14.6877,6.6473,21.1396,1.723296,1.636603,3.166958,1.634973,3.239792,1.773457,Weak Fundamentals / Negative Forecast,-6.285875198993734,152.73527659678064,152.73527659678064,Weighted Ensemble,Adaptive Momentum,Constrained dynamic ensemble excluding XGBoost,2026-07-03,2026-05-22,191.47000122070312,167.85859837962863,215.43476999847863,191.47000122070312,192.2436665852865,193.80120126506984,183.05632546472097,185.13349118547904,191.603229723116,190.1646090474836,-0.6817737321236063,2026-07-07,2026-05-26,191.1100006103516,191.89211120093373,190.7073711942,191.51324869070635,0.2110031285997198,naive,2.9186660766601555,4.196803591276399,1.6349728925617013,2026-11-10,2026-09-29,162.97999572753906,129.65917909351134,179.918343461597,162.97999572753906,176.60333302815755,164.00859916487903,167.85209868803514,120.0389380019236,151.0209087200617,152.73527659678064,-6.285875198993734
TTWO,"Take-Two Interactive Software, Inc.",Communication Services,Electronic Gaming & Multimedia,2010-01-04,2026-09-29,4106,202.77999877929688,2026-11-10,High,1955.3846379567897,0.0976243221507089,34.81902790817339,28.61187088385397,21.568281184885283,Low Risk,Near-Sector Volatility,5633600000.0,-4478900000.0,701400000.0,-25.58,-79.50333712013634,13.883435582822084,-672.6488709934699,12.450298210735586,27.602840680691408,-54.89486623945646,Below-Sector Profitability,194.9482557200525,-3.862187151785312,Negative Forecast,Needs Further Review,Weighted Ensemble,Classified,213.7599945068359,0.0,213.7599945068359,204.2923329671224,211.7421359107608,292.34924219133336,202.77999877929688,189.496,249.5325,2026-11-10,194.9482557200525,-3.862187151785312,190.57663874311424,-6.01802944552959,,,202.77999877929688,205.8664278197001,218.6566655476888,177.6830855982105,214.48979720583176,2026-09-29,202.77999877929688,202.77999877929688,0.3481902790817339,0.3481902790817339,2676516.6666666665,751,1.628291,0.0,3.0651351666666664,30.6193,20.0,7.4612,14.1234,2.9313,24.8648,1.63904,1.640532,5.070213,1.628291,6.755483,1.657252,Needs Further Review,-3.862187151785312,194.9482557200525,194.9482557200525,Weighted Ensemble,Adaptive Momentum,Constrained dynamic ensemble excluding XGBoost,2026-07-03,2026-05-22,227.5500030517578,198.28769973278628,275.9142191289644,227.5500030517578,221.5973327636719,232.28578424621367,214.5337883593222,250.25173159055944,229.5329368241057,233.90253490428503,2.7917080937512986,2026-07-07,2026-05-26,220.6699981689453,218.287286120363,213.8127240725616,218.85766830075048,-0.821285124046321,naive,3.7677781846788196,5.065927174008546,1.6282905639045586,2026-11-10,2026-09-29,202.77999877929688,167.3044866794706,227.15961276700432,202.77999877929688,218.6566655476888,205.8664278197001,214.48979720583176,177.6830855982105,190.57663874311424,194.9482557200525,-3.862187151785312
VZ,Verizon Communications Inc.,Communication Services,Telecom Services,2010-01-04,2026-09-29,4106,45.97999954223633,2026-11-10,High,260.6836898016384,0.0383034853729341,26.223409345198828,28.61187088385397,-34.06183007395162,Low Risk,Below-Sector Volatility,138191000000.0,17174000000.0,47715000000.0,4.06,12.427726841834852,13.883435582822084,-10.485219831238128,34.528297790738904,27.602840680691408,25.089653598196342,Below-Sector Profitability,42.15517639390757,-8.318449731204005,Negative Forecast,Weak Fundamentals / Negative Forecast,Weighted Ensemble,Classified,48.02999877929688,0.0,48.02999877929688,47.69256553649903,48.95756194705055,42.18945857485453,45.97999954223633,44.1515,54.7447,2026-11-10,42.15517639390757,-8.318449731204005,42.46874817364084,-7.636475431823615,,,45.97999954223633,46.66556208300046,49.17633361816407,32.818573034780734,50.57852281812114,2026-09-29,45.97999954223633,45.97999954223633,0.2622340934519883,0.2622340934519883,19941420.0,751,1.218459,0.0,2.299006166666667,30.7687,20.0,6.8526,14.1922,3.4298,24.7566,1.228249,1.220551,4.536278,1.218459,4.340323,1.250177,Weak Fundamentals / Negative Forecast,-8.318449731204005,42.15517639390757,42.15517639390757,Weighted Ensemble,Adaptive Momentum,Constrained dynamic ensemble excluding XGBoost,2026-07-03,2026-05-22,48.34999847412109,44.091565723148776,56.30254984714451,48.34999847412109,47.00133310953776,48.90930312584355,47.742779600989664,51.90484242650025,50.05322196251377,49.82436730121349,3.0493668534065024,2026-07-07,2026-05-26,48.4900016784668,52.47530512064381,50.33588418342515,50.13843908957833,3.399540841516531,naive,0.5675556182861327,0.7619304045791273,1.2184593506017631,2026-11-10,2026-09-29,45.97999954223633,37.56937084775471,47.30073612365712,45.97999954223633,49.17633361816407,46.66556208300046,50.57852281812114,32.818573034780734,42.46874817364084,42.15517639390757,-8.318449731204005
AAP,"Advance Auto Parts, Inc.",Consumer Cyclical,Auto Parts,2010-01-04,2026-09-29,4106,39.72999954223633,2026-11-10,Moderate,72.05038897805623,0.0427396260734776,71.4449917927756,33.31223151038302,16.464633057319062,High Risk,Near-Sector Volatility,8601000000.0,68000000.0,524000000.0,0.73,0.7906057435181956,7.711563868993811,-89.74778972269146,6.092314847110801,15.26265613329852,-60.08352154498715,Below-Sector Profitability,36.99867437846847,-6.874717330072526,Negative Forecast,Weak Fundamentals / Negative Forecast,Weighted Ensemble,Positive adaptive forecast with manageable risk and no weak fundamentals flag,59.5099983215332,0.0,59.5099983215332,54.54134852091472,62.705750510806126,64.99901694782321,39.72999954223633,54.1599,74.7202,2026-11-10,36.99867437846847,-6.874717330072526,35.6840179609973,-10.183694004168832,,,39.72999954223633,39.247036137104416,43.563666661580406,30.332295833480707,52.23166466653287,2026-09-29,39.72999954223633,39.72999954223633,0.714449917927756,0.714449917927756,2382250.0,751,2.798514,0.0,5.654795166666666,29.1311,20.0,8.4444,16.2039,3.1248,23.0958,3.024396,2.801104,8.856085,2.798514,13.373085,3.075587,Weak Fundamentals / Negative Forecast,-6.874717330072526,36.99867437846847,36.99867437846847,Weighted Ensemble,Adaptive Momentum,Constrained dynamic ensemble excluding XGBoost,2026-07-03,2026-05-22,57.95000076293945,47.40198308759325,77.17014611927478,57.95000076293945,55.60933316548665,56.35250408257134,50.92774268839833,63.70367203808398,64.55535231586315,60.48155058538895,4.36850697000938,2026-07-07,2026-05-26,55.130001068115234,66.34502025690954,58.718020768077125,58.42055224920316,5.968712347787402,naive,1.4641109890407986,2.341833665490605,2.798513949668421,2026-11-10,2026-09-29,39.72999954223633,27.034365977537856,50.63562085759007,39.72999954223633,43.563666661580406,39.247036137104416,52.23166466653287,30.332295833480707,35.6840179609973,36.99867437846847,-6.874717330072526
AMCR,Amcor plc,Consumer Cyclical,Packaging & Containers,2012-05-15,2026-09-29,3510,42.459999084472656,2026-11-10,High,63.57203326372362,0.0264939916486774,28.301697360728213,33.31223151038302,-24.640890324951183,Low Risk,Near-Sector Volatility,15009000000.0,511000000.0,2075000000.0,1.605,3.4046238923312675,7.711563868993811,-55.85040920142835,13.825038310347129,15.26265613329852,-9.419185038277464,Below-Sector Profitability,42.3337877505438,-0.2972476134014147,Neutral Forecast,Stable Watchlist,Weighted Ensemble,Negative adaptive forecast plus below-sector profitability,38.040000915527344,0.0,38.040000915527344,39.88033307393392,37.16337076822917,36.74601293511111,42.459999084472656,31.2824,41.0429,2026-11-10,42.3337877505438,-0.2972476134014147,41.46041317021244,-2.354182609075368,,,42.459999084472656,42.35017915686905,44.54866689046224,42.459999084472656,43.84335435703507,2026-09-29,42.459999084472656,42.459999084472656,0.2830169736072821,0.2830169736072821,3419883.333333333,751,1.4625,0.0,2.8223895,30.1981,20.0,7.4774,14.5537,2.9949,24.7759,1.490941,1.463758,4.845808,1.4625,6.165346,1.505984,Stable Watchlist,-0.2972476134014147,42.3337877505438,42.3337877505438,Weighted Ensemble,Adaptive Momentum,Constrained dynamic ensemble excluding XGBoost,2026-07-03,2026-05-22,38.380001068115234,31.1471948044085,44.48369631830911,38.380001068115234,39.15299975077311,37.95910223432283,39.67199501447756,34.081758079982265,37.73788759925391,37.222874080953545,-3.0149217169329106,2026-07-07,2026-05-26,38.95000076293945,35.4284129462018,38.59731630440928,38.01419688287978,-2.4025773086764133,naive,0.6334444257948134,0.768042895012217,1.462499857336598,2026-11-10,2026-09-29,42.459999084472656,37.38575323345062,47.93669861664255,42.459999084472656,44.54866689046224,42.35017915686905,43.84335435703507,42.459999084472656,41.46041317021244,42.3337877505438,-0.2972476134014147
AMZN,"Amazon.com, Inc.",Consumer Cyclical,Internet Retail,2010-01-04,2026-09-29,4106,246.6699981689453,2026-11-10,High,3859.073797795267,0.1109383643588109,38.35440551368961,33.31223151038302,-1.5136955784170183,Medium Risk,Near-Sector Volatility,716924000000.0,77670000000.0,165341000000.0,7.29,10.83378433418326,7.711563868993811,40.48751353461629,23.06255614263158,15.26265613329852,51.10447317433843,Above-Sector Profitability,246.32575850407477,-0.1395547360546051,Neutral Forecast,Stable Watchlist,Weighted Ensemble,Positive adaptive forecast with manageable risk and no weak fundamentals flag,266.94817049930214,0.7123568090620653,265.0599975585937,231.95700022379555,274.30642591203963,238.1040566555696,246.6699981689453,259.8679,326.3735,2026-11-10,246.3257585040748,-0.1395547360546051,239.5187089470277,-2.8991321502421465,,,246.6699981689453,253.11364547482407,255.42133331298828,241.49361887873013,262.5081744665132,2026-09-29,246.6699981689453,246.6699981689453,0.3835440551368961,0.3835440551368961,33910226.666666664,751,1.634008,0.0,2.5387485,30.0814,20.0,8.4384,14.4513,5.6099,21.4191,1.707736,1.657503,4.56481,1.634008,3.909077,1.759357,Stable Watchlist,-0.1395547360546051,246.3257585040748,246.32575850407477,Weighted Ensemble,Adaptive Momentum,Constrained dynamic ensemble excluding XGBoost,2026-07-03,2026-05-22,266.32000732421875,230.287293470768,300.82968858447794,266.32000732421875,261.73999989827473,275.3941690757021,243.1012599813997,248.1163338221109,267.82605840452305,263.2057271029136,-1.169375238681884,2026-07-07,2026-05-26,265.2900085449219,254.4926344227634,265.6491657754575,263.71983540497547,-0.5918704396590668,naive,4.144443257649739,6.062504192993071,1.6340076225644604,2026-11-10,2026-09-29,246.6699981689453,208.13968430750495,291.5175907203003,246.6699981689453,255.42133331298828,253.11364547482407,262.5081744665132,241.49361887873013,239.5187089470277,246.32575850407477,-0.1395547360546051
APTV,Aptiv PLC,Consumer Cyclical,Auto Parts,2011-11-17,2026-09-29,3632,43.369998931884766,2026-11-10,Moderate,268.8110959937943,0.0632106693729906,52.23158839225105,33.31223151038302,10.307029536953111,Medium Risk,Near-Sector Volatility,20398000000.0,165000000.0,3104000000.0,0.775569,0.8089028336111383,7.711563868993811,-89.51052150571526,15.21717815472105,15.26265613329852,-0.2979689654296062,Below-Sector Profitability,42.38934796887282,-2.2611274778957657,Negative Forecast,Needs Further Review,Weighted Ensemble,Classified,60.2599983215332,0.0,60.2599983215332,62.7033332824707,60.57071222577776,96.16007975433872,43.369998931884766,51.9365,69.1377,2026-11-10,42.38934796887282,-2.2611274778957657,41.7481026654956,-3.7396732910610666,,,43.369998931884766,41.99150144446275,45.42233289082845,42.249684844193474,41.458366876772686,2026-09-29,43.369998931884766,43.369998931884766,0.5223158839225105,0.5223158839225105,4584786.666666667,751,2.348843,0.516854,4.7331053333333335,30.7762,20.0,6.5481,14.3624,2.9046,25.4088,2.379889,2.348843,9.252633,2.350084,9.659174,2.408009,Needs Further Review,-2.2611274778957657,42.38934796887282,42.38934796887282,Weighted Ensemble,Adaptive Momentum,Constrained dynamic ensemble excluding XGBoost,2026-07-03,2026-05-22,57.36000061035156,46.61991968104002,69.38657130861205,57.36000061035156,57.71133321126302,56.27735369991002,68.6328019030018,55.65461046452595,57.35728359108364,56.87527038485399,-0.8450666323913777,2026-07-07,2026-05-26,58.7599983215332,70.07492666909646,62.6827521919076,62.71212566520371,6.7258806272331135,drift,1.3212131399491192,1.8845663571760531,2.348842997402463,2026-11-10,2026-09-29,43.369998931884766,33.70026195004596,53.31877906141119,43.369998931884766,45.42233289082845,41.99150144446275,41.458366876772686,42.249684844193474,41.7481026654956,42.38934796887282,-2.2611274778957657
AVY,Avery Dennison Corporation,Consumer Cyclical,Packaging & Containers,2010-01-04,2026-09-29,4106,170.77999877929688,2026-11-10,High,534.5106374339485,0.0593148685485418,25.726385270159657,33.31223151038302,-19.344589341609737,Low Risk,Near-Sector Volatility,8855500000.0,688000000.0,1466200000.0,8.949304,7.769182993619784,7.711563868993811,0.7471782067142684,16.556942013437975,15.26265613329852,8.480082816749798,Above-Sector Profitability,169.7824846767842,-0.5840930493282056,Neutral Forecast,Stable Watchlist,Weighted Ensemble,Classified,163.92999267578125,0.0,163.92999267578125,168.4713333129883,163.4320293608166,160.41518708028167,170.77999877929688,146.2156,173.481,2026-11-10,169.7824846767842,-0.5840930493282056,168.95794227007497,-1.06690275339362,,,170.77999877929688,170.36387378675116,174.2423334757487,168.57908332880586,166.50665621534813,2026-09-29,170.77999877929688,170.77999877929688,0.2572638527015966,0.2572638527015966,1009803.3333333334,751,1.272495,0.0,2.2772426666666665,29.5439,20.0,8.6075,14.1387,3.0946,24.6152,1.296712,1.274284,3.375182,1.272495,5.137848,1.306935,Stable Watchlist,-0.5840930493282056,169.7824846767842,169.7824846767842,Weighted Ensemble,Adaptive Momentum,Constrained dynamic ensemble excluding XGBoost,2026-07-03,2026-05-22,159.66000366210938,140.8747351009168,173.74162695534045,159.66000366210938,163.83700002034504,159.27540394319644,173.38241691060088,148.6454526164069,156.77141035705762,156.44745339357843,-2.012119625983293,2026-07-07,2026-05-26,159.8000030517578,153.32084891815012,157.90239541144226,158.0710931931829,-1.0819210422761658,naive,2.1186669243706584,2.6743650098460834,1.2724950773041495,2026-11-10,2026-09-29,170.77999877929688,151.64353185041517,190.0911417142224,170.77999877929688,174.2423334757487,170.36387378675116,166.50665621534813,168.57908332880586,168.95794227007497,169.7824846767842,-0.5840930493282056
AZO,"AutoZone, Inc.",Consumer Cyclical,Auto Parts,2010-01-04,2026-09-29,4106,2875.969970703125,2026-11-10,High,2243.8777813761085,0.0878439127107613,33.02705734222125,33.31223151038302,-29.72516324688117,Low Risk,Below-Sector Volatility,18938717000.0,2498247000.0,4234327000.0,148.8,13.191215645706096,7.711563868993811,71.05759441018877,22.35804569021228,15.26265613329852,46.48856329426015,Above-Sector Profitability,2881.5206846620868,0.1930031959827695,Neutral Forecast,Stable Watchlist,Weighted Ensemble,Positive adaptive forecast with manageable risk and no weak fundamentals flag,3729.944767644141,0.6996362918846328,3704.030029296875,3472.212654622396,3703.9205147879466,4380.200909352897,2875.969970703125,3538.388,4383.8414,2026-11-10,2881.5206846620868,0.1930031959827695,2849.8998536995155,-0.90648084886769,,,2875.969970703125,2891.0760327685443,2930.0910074869794,2923.6501677460737,2739.109175258925,2026-09-29,2875.969970703125,2875.969970703125,0.3302705734222125,0.3302705734222125,366040.0,751,1.513412,0.0,2.3454106666666665,29.0122,20.0,8.6544,14.0798,4.3688,23.8848,1.562429,1.51451,3.698905,1.513412,4.200528,1.58268,Stable Watchlist,0.1930031959827695,2881.5206846620868,2881.5206846620868,Weighted Ensemble,Adaptive Momentum,Constrained dynamic ensemble excluding XGBoost,2026-07-03,2026-05-22,3406.5,2947.0810745527656,3810.387997583709,3406.5,3500.6669921875,3450.835728645668,3435.2853347505934,3151.000819264493,3349.954354076401,3351.047948684405,-1.6278306565564324,2026-07-07,2026-05-26,3100.110107421875,2293.306142802747,2745.3763977478447,2855.588193664773,-7.887523516397045,naive,45.684331597222226,63.829800241784596,1.5134124362242232,2026-11-10,2026-09-29,2875.969970703125,2492.4581489676043,3331.3142929098717,2875.969970703125,2930.0910074869794,2891.0760327685443,2739.109175258925,2923.6501677460737,2849.8998536995155,2881.5206846620868,0.1930031959827695
BBY,"Best Buy Co., Inc.",Consumer Cyclical,Specialty Retail,2010-01-04,2026-09-29,4106,88.75,2026-11-10,High,158.32983074174138,0.0535241439022336,42.61252625829311,33.31223151038302,17.126037353233876,Medium Risk,Near-Sector Volatility,41691000000.0,1069000000.0,2581000000.0,5.06,2.564102564102564,7.711563868993811,-66.74990173637603,6.190784581804226,15.26265613329852,-59.43835379807976,Below-Sector Profitability,84.62935985340494,-4.642974813064861,Negative Forecast,Needs Further Review,Weighted Ensemble,Negative adaptive forecast plus below-sector profitability,60.4900016784668,0.0,60.4900016784668,62.87551472981771,60.1767441885812,68.91371528733642,88.75,50.7084,64.4729,2026-11-10,84.62935985340494,-4.642974813064861,85.40285550202232,-3.771430420256541,,,88.75,89.64343494306979,88.83466669718425,76.53616235421724,81.09743101790406,2026-09-29,88.75,88.75,0.4261252625829311,0.4261252625829311,4024413.3333333335,751,1.967535,0.539326,5.118858166666667,31.3949,20.0,6.9116,14.4779,1.5285,25.687,2.019921,1.967535,7.142086,1.96786,15.570111,2.045636,Needs Further Review,-4.642974813064861,84.62935985340494,84.62935985340494,Weighted Ensemble,Adaptive Momentum,Constrained dynamic ensemble excluding XGBoost,2026-07-03,2026-05-22,61.630001068115234,55.55677721678615,74.59736202562077,61.630001068115234,60.30433349609375,61.33558560659146,62.25149341556877,68.83500251493375,65.33314380720685,64.37692927607961,4.457128282260436,2026-07-07,2026-05-26,63.220001220703125,83.50226615151836,69.63230417770882,69.8384013698724,10.468839008819726,drift,1.6130481683231703,2.1319017508025198,1.967534544744845,2026-11-10,2026-09-29,88.75,70.18502024291384,102.04639856779444,88.75,88.83466669718425,89.64343494306979,81.09743101790406,76.53616235421724,85.40285550202232,84.62935985340494,-4.642974813064861
BKNG,Booking Holdings Inc.,Consumer Cyclical,Travel Services,2010-01-04,2026-09-29,4106,162.33999633789062,2026-11-10,High,1814.462314791509,0.0933834437735899,39.7293882016912,33.31223151038302,-1.2162850905657303,Medium Risk,Near-Sector Volatility,26917000000.0,5404000000.0,10956000000.0,6.6608,20.07653155998068,7.711563868993811,160.34319239322107,40.702901512055575,15.26265613329852,166.6829492623771,Above-Sector Profitability,155.0135700107219,-4.513013731945434,Negative Forecast,Needs Further Review,Weighted Ensemble,Negative adaptive forecast but fundamentals are not clearly weak,168.36000061035156,0.0,168.36000061035156,175.82882639567055,165.20337858654204,228.9034877288072,162.33999633789062,132.0788,183.5908,2026-11-10,155.0135700107219,-4.513013731945434,150.0665367917058,-7.560342382070242,,,162.33999633789062,164.11213261362215,185.41466623942057,138.12677579205987,169.0252034347112,2026-09-29,162.33999633789062,162.33999633789062,0.397293882016912,0.397293882016912,7433276.666666667,751,1.865269,0.0,4.167683,29.6345,20.0,7.3153,15.852,2.7636,24.4346,1.959624,1.868456,7.370289,1.865269,9.969423,1.973037,Needs Further Review,-4.513013731945434,155.0135700107219,155.0135700107219,Weighted Ensemble,Adaptive Momentum,Constrained dynamic ensemble excluding XGBoost,2026-07-03,2026-05-22,161.05999755859375,131.26483414751257,191.2896222139017,161.05999755859375,170.36099955240886,163.80140257942858,160.17852872452252,147.29095248801198,158.83207980636652,158.46009129761393,-1.614247051030765,2026-07-07,2026-05-26,163.3000030517578,180.9771520272617,167.17398689405832,169.66826883731673,3.899734027280147,naive,3.406334262424042,4.565756589730469,1.865269200874801,2026-11-10,2026-09-29,162.33999633789062,130.19437465405954,184.5640946570631,162.33999633789062,185.41466623942057,164.11213261362215,169.0252034347112,138.12677579205987,150.0665367917058,155.0135700107219,-4.513013731945434
BWA,BorgWarner Inc.,Consumer Cyclical,Auto Parts,2010-01-04,2026-09-29,4106,60.93999862670898,2026-11-10,High,359.0670140482675,0.0598597963955184,38.55017522403602,33.31223151038302,1.6814281571977914,Medium Risk,Near-Sector Volatility,14316000000.0,277000000.0,2126000000.0,1.29,1.934898016205644,7.711563868993811,-74.90913582411778,14.850516904163175,15.26265613329852,-2.7003113058164216,Below-Sector Profitability,60.16430228671972,-1.2728853913188063,Neutral Forecast,Stable Watchlist,Weighted Ensemble,Positive adaptive forecast with manageable risk and no weak fundamentals flag,56.970001220703125,0.0,56.970001220703125,54.37533340454102,60.36613559722901,54.08949133949323,60.93999862670898,50.1408,72.8454,2026-11-10,60.16430228671972,-1.2728853913188063,59.459817555292666,-2.4289154984778296,,,60.93999862670898,61.98363557450247,64.0796672821045,56.51687644471003,74.24847056556527,2026-09-29,60.93999862670898,60.93999862670898,0.3855017522403602,0.3855017522403602,2175843.333333333,751,1.921927,0.011236,3.783651,30.073,20.0,7.1304,14.4538,2.7661,25.5766,1.956592,1.928121,6.616426,1.921927,8.325493,1.953347,Stable Watchlist,-1.2728853913188063,60.16430228671972,60.16430228671972,Weighted Ensemble,Adaptive Momentum,Constrained dynamic ensemble excluding XGBoost,2026-07-03,2026-05-22,65.81999969482422,56.89344018027696,88.57835353079916,65.81999969482422,58.57166684468587,67.06590294900542,62.71522094018506,81.40012498374634,72.01609732235751,70.9896278189423,7.854190440727991,2026-07-07,2026-05-26,68.26000213623047,86.20750856670644,77.35457599127761,74.65558115091115,9.369438638335591,naive,1.2929999457465278,1.635291575082812,1.9219273009950268,2026-11-10,2026-09-29,60.93999862670898,50.79378165500167,71.26351202266412,60.93999862670898,64.0796672821045,61.98363557450247,74.24847056556527,56.51687644471003,59.459817555292666,60.16430228671972,-1.2728853913188063
CCL,Carnival Corporation & plc,Consumer Cyclical,Travel Services,2010-01-04,2026-09-29,4106,25.11000061035156,2026-11-10,Moderate,11.467045909854852,0.0493569773072534,44.11482951443177,33.31223151038302,44.75928106004969,Medium Risk,Above-Sector Volatility,26621000000.0,2760000000.0,7320000000.0,2.1,10.367754780060856,7.711563868993811,34.444257431970385,27.49708876450922,15.26265613329852,80.15926274142319,Above-Sector Profitability,29.037709196819208,15.642009123840708,Positive Forecast,Potential Opportunity,Weighted Ensemble,High volatility risk without a strong enough positive signal,26.51000022888184,0.0,26.51000022888184,26.54500001271565,27.44882061367943,32.58820781174647,25.11000061035156,21.1862,32.0282,2026-11-10,29.037709196819208,15.642009123840708,28.3120819951787,12.752215479863786,,,25.11000061035156,25.73048763903001,23.66300004323324,36.78075411934399,25.090576620996835,2026-09-29,25.11000061035156,25.11000061035156,0.4411482951443177,0.4411482951443177,23514593.33333333,751,2.006385,0.606742,3.6463975,31.0477,20.0,6.7814,13.8287,3.4233,24.919,2.006385,2.038164,7.048489,2.022524,6.726505,2.036318,Potential Opportunity,15.642009123840708,29.037709196819208,29.037709196819208,Weighted Ensemble,Adaptive Momentum,Constrained dynamic ensemble excluding XGBoost,2026-07-03,2026-05-22,25.979999542236328,20.24714469821417,33.52330658180521,25.979999542236328,26.507666714986165,26.882298699967723,28.052461170412,24.816025352744948,26.136132282883658,26.05285472120868,0.2804279455583187,2026-07-07,2026-05-26,26.709999084472656,30.91321285477785,28.08633038903992,28.263178561005432,5.8149739040451225,adaptive_blended_momentum,0.5367875454371598,0.7431345316477,2.006385400654946,2026-11-10,2026-09-29,25.11000061035156,23.923257805969477,35.24555736671622,25.11000061035156,23.66300004323324,25.73048763903001,25.090576620996835,36.78075411934399,28.3120819951787,29.037709196819208,15.642009123840708
CMG,"Chipotle Mexican Grill, Inc.",Consumer Cyclical,Restaurants,2010-01-04,2026-09-29,4106,31.8799991607666,2026-11-10,Moderate,1834.7677939774749,0.0961246002635729,46.29772209293625,33.31223151038302,4.397078852383214,Medium Risk,Near-Sector Volatility,11925601000.0,1535761000.0,2451200000.0,1.15,12.87784992974358,7.711563868993811,66.99401247938904,20.55410037615714,15.26265613329852,34.66922268735574,Above-Sector Profitability,29.648870678105546,-6.998521146157423,Negative Forecast,Weak Fundamentals / Negative Forecast,Weighted Ensemble,Classified,33.9900016784668,0.0,33.9900016784668,33.66200014750163,32.00666836329869,21.99902241371342,31.8799991607666,29.7417,37.9148,2026-11-10,29.648870678105546,-6.998521146157423,29.08175451274835,-8.777430118197541,,,31.8799991607666,31.678955249093534,35.339666557312015,24.44627614813809,32.39175495849946,2026-09-29,31.8799991607666,31.8799991607666,0.4629772209293625,0.4629772209293625,14105340.0,751,2.169225,0.022472,3.8041205,31.3104,20.0,8.437,15.0404,3.3672,21.8451,2.248772,2.170118,5.77923,2.169225,8.117874,2.339504,Weak Fundamentals / Negative Forecast,-6.998521146157423,29.648870678105546,29.648870678105546,Weighted Ensemble,Adaptive Momentum,Constrained dynamic ensemble excluding XGBoost,2026-07-03,2026-05-22,32.88999938964844,28.4339225015402,38.34248413090059,32.88999938964844,33.56366697947184,32.60397390283814,27.78780696252745,34.119782994925544,32.893254947677384,33.01858904154692,0.3909688485398735,2026-07-07,2026-05-26,32.310001373291016,33.50882927137603,31.467948163017937,32.21943549883196,-0.2803029112029864,naive,0.7339996125963002,0.9998719059611432,2.169224905326844,2026-11-10,2026-09-29,31.8799991607666,24.19371741153784,36.33404150070011,31.8799991607666,35.339666557312015,31.678955249093534,32.39175495849946,24.44627614813809,29.08175451274835,29.648870678105546,-6.998521146157423
DHI,"D.R. Horton, Inc.",Consumer Cyclical,Residential Construction,2010-01-04,2026-09-29,4106,139.39999389648438,2026-11-10,High,1544.4187182161572,0.0940592874241411,34.24513963050118,33.31223151038302,8.374201521099598,Low Risk,Near-Sector Volatility,34250400000.0,3585200000.0,4525500000.0,11.62,10.467614976759396,7.711563868993811,35.7391983595824,13.212984373905122,15.26265613329852,-13.429325416836392,Above-Sector Profitability,138.65936726027758,-0.5312960320190347,Neutral Forecast,Stable Watchlist,Weighted Ensemble,Positive adaptive forecast with manageable risk and no weak fundamentals flag,153.86000061035156,0.0,153.86000061035156,145.35533345540364,157.4985941932315,174.9524281369071,139.39999389648438,141.116,179.2504,2026-11-10,138.65936726027758,-0.5312960320190347,135.07066295270093,-3.105689478722876,,,139.39999389648438,140.9261397996818,142.7220001220703,137.0272703499707,143.45918379950191,2026-09-29,139.39999389648438,139.39999389648438,0.3424513963050118,0.3424513963050118,2432220.0,751,1.704644,0.0,2.337178833333333,26.5225,20.0,10.6913,14.9197,6.3499,21.5166,1.811242,1.707026,3.529021,1.704644,3.433602,1.837538,Stable Watchlist,-0.5312960320190347,138.65936726027758,138.65936726027758,Weighted Ensemble,Adaptive Momentum,Constrained dynamic ensemble excluding XGBoost,2026-07-03,2026-05-22,143.72999572753906,121.46334757029103,164.8818207394417,143.72999572753906,147.91099955240887,145.4926302151484,154.64307075506545,132.63732309995385,141.60352488854917,141.5171293536483,-1.5395995544907477,2026-07-07,2026-05-26,145.60000610351562,147.53700783699887,146.87187255159233,147.21462700382244,1.108942879548294,naive,2.5324447631835936,3.2121031729471343,1.7046436713187505,2026-11-10,2026-09-29,139.39999389648438,119.29769398308812,161.16338453068602,139.39999389648438,142.7220001220703,140.9261397996818,143.45918379950191,137.0272703499707,135.07066295270093,138.65936726027758,-0.5312960320190347
DPZ,"Domino's Pizza, Inc.",Consumer Cyclical,Restaurants,2010-01-04,2026-09-29,4106,301.8099975585937,2026-11-10,High,4824.549136399526,0.1124577467719844,35.72644628550882,33.31223151038302,-10.52165867024621,Medium Risk,Near-Sector Volatility,4939994000.0,601704000.0,1055137000.0,17.892951,12.18025770881503,7.711563868993811,57.94795862080159,21.359074525191733,15.26265613329852,39.94336463227175,Above-Sector Profitability,293.2966712015864,-2.8207569086092086,Negative Forecast,Needs Further Review,Weighted Ensemble,Negative adaptive forecast but fundamentals are not clearly weak,339.4200134277344,0.0,339.4200134277344,363.08933308919273,322.06403096516925,412.26727661229154,301.8099975585937,273.0251,344.2789,2026-11-10,293.2966712015864,-2.8207569086092086,291.17848863404214,-3.522583416902067,,,301.8099975585937,299.0246245481643,322.46666463216144,276.3169893259121,285.53417599069166,2026-09-29,301.8099975585937,301.8099975585937,0.3572644628550882,0.3572644628550882,827950.0,751,1.746056,0.539326,3.4548285,30.9107,20.0,7.9452,15.2959,3.0195,22.8288,1.805191,1.746056,5.686681,1.746402,7.883635,1.861006,Needs Further Review,-2.8207569086092086,293.2966712015864,293.2966712015864,Weighted Ensemble,Adaptive Momentum,Constrained dynamic ensemble excluding XGBoost,2026-07-03,2026-05-22,316.5199890136719,270.9754141750457,357.5136517130125,316.5199890136719,337.5963348388672,317.0179544596104,333.99838265320284,296.52561844445444,307.7189028729643,311.25136119568475,-1.6645482120750197,2026-07-07,2026-05-26,310.4200134277344,302.1693377065102,298.29300716122816,307.55365086982243,-0.9233820095105526,drift,5.650733138763441,7.236586133398251,1.7460557568859867,2026-11-10,2026-09-29,301.8099975585937,250.70593289455155,343.1228624897092,301.8099975585937,322.46666463216144,299.0246245481643,285.53417599069166,276.3169893259121,291.17848863404214,293.2966712015864,-2.8207569086092086
DRI,"Darden Restaurants, Inc.",Consumer Cyclical,Restaurants,2010-01-04,2026-09-29,4106,195.1100006103516,2026-11-10,High,979.7771094383456,0.0781437548061343,29.05404842634508,33.31223151038302,-4.138743320702697,Low Risk,Near-Sector Volatility,12076700000.0,1051000000.0,1955800000.0,8.93,8.702708521367592,7.711563868993811,12.852706263108518,16.194821433007363,15.26265613329852,6.107490672446849,Above-Sector Profitability,184.1582484035872,-5.613116791812124,Negative Forecast,Weak Fundamentals / Negative Forecast,Weighted Ensemble,Classified,200.5599975585937,0.0,200.5599975585937,196.92405649820964,201.47000630696616,190.13585318744995,195.1100006103516,184.5058,223.7366,2026-11-10,184.1582484035872,-5.613116791812124,177.40666558322147,-9.073514925810969,,,195.1100006103516,197.5827799551924,212.86066691080728,158.46430156970982,217.77480798254123,2026-09-29,195.1100006103516,195.1100006103516,0.2905404842634508,0.2905404842634508,1169893.3333333333,751,1.454281,0.52809,2.2481026666666666,29.4498,20.0,8.5552,13.9943,4.2316,23.7692,1.481133,1.454281,3.615731,1.455344,3.994884,1.487243,Weak Fundamentals / Negative Forecast,-5.613116791812124,184.1582484035872,184.1582484035872,Weighted Ensemble,Adaptive Momentum,Constrained dynamic ensemble excluding XGBoost,2026-07-03,2026-05-22,203.5099945068359,185.5115996279404,237.707221656282,203.5099945068359,197.1093317667643,205.44314089624496,191.30364338701708,227.01094003885152,211.00873859573403,209.99392118004337,3.186048276852388,2026-07-07,2026-05-26,203.8300018310547,229.9504960675492,213.21184829991697,211.41016335271803,3.718864472142913,drift,3.0337716536911223,3.814741645573013,1.454281302677634,2026-11-10,2026-09-29,195.1100006103516,162.0970803126523,209.22190819022535,195.1100006103516,212.86066691080728,197.5827799551924,217.77480798254123,158.46430156970982,177.40666558322147,184.1582484035872,-5.613116791812124
EBAY,eBay Inc.,Consumer Cyclical,Internet Retail,2010-01-04,2026-09-29,4106,105.20999908447266,2026-11-10,High,1059.798440449923,0.0782576811151949,30.723121759447658,33.31223151038302,-8.212319021963495,Low Risk,Near-Sector Volatility,11100000000.0,2031000000.0,2960000000.0,4.43,18.29729729729729,7.711563868993811,137.27090390661175,26.666666666666668,15.26265613329852,74.71838737484254,Above-Sector Profitability,103.83123716208031,-1.310485632915296,Neutral Forecast,Stable Watchlist,Weighted Ensemble,Positive adaptive forecast with manageable risk and no weak fundamentals flag,104.17104669261936,0.6678037430112567,103.4800033569336,96.86700057983398,107.91014389764696,108.6072563410018,105.20999908447266,93.515,122.7272,2026-11-10,103.83123716208031,-1.310485632915296,101.84400096102912,-3.1993138986162206,,,105.20999908447266,108.98827312714182,106.33566614786784,97.18404106240165,116.96932322365944,2026-09-29,105.20999908447266,105.20999908447266,0.3072312175944766,0.3072312175944766,4915413.333333333,751,1.555539,0.0,2.5588148333333334,27.4053,20.0,11.1276,15.5234,3.7655,22.1782,1.650216,1.567862,3.143356,1.555539,5.75642,1.679496,Stable Watchlist,-1.310485632915296,103.83123716208031,103.83123716208031,Weighted Ensemble,Adaptive Momentum,Constrained dynamic ensemble excluding XGBoost,2026-07-03,2026-05-22,115.75,105.48337641439775,146.62137472030005,115.75,107.164333597819,120.32777610755149,102.63319641025278,143.73344615028446,123.98640576508438,124.3628467831847,7.44090434832371,2026-07-07,2026-05-26,115.30999755859376,139.839311130919,124.52660321783608,123.54399039381022,7.140744956682895,naive,1.69500003390842,2.109828340192502,1.5555391892751471,2026-11-10,2026-09-29,105.20999908447266,90.7253293106152,118.8303849931219,105.20999908447266,106.33566614786784,108.98827312714182,116.96932322365944,97.18404106240165,101.84400096102912,103.83123716208031,-1.310485632915296
EXPE,"Expedia Group, Inc.",Consumer Cyclical,Travel Services,2010-01-04,2026-09-29,4106,266.3299865722656,2026-11-10,Moderate,637.7358073676925,0.0858594305421131,44.67517164644969,33.31223151038302,28.880533743340926,Medium Risk,Above-Sector Volatility,14733000000.0,1294000000.0,3286000000.0,10.32,8.783004140365167,7.711563868993811,13.893942779613583,22.30367202877893,15.26265613329852,46.13231035271138,Above-Sector Profitability,245.30496817969163,-7.894348910226485,Negative Forecast,Weak Fundamentals / Negative Forecast,Weighted Ensemble,Classified,248.3699951171875,0.0,248.3699951171875,242.27899831136068,259.02637554350355,276.43046174077494,266.3299865722656,198.3585,307.7838,2026-11-10,245.30496817969163,-7.894348910226485,238.6496885260273,-10.39323374828751,,,266.3299865722656,276.7479095050297,296.56300150553386,199.8581117255243,286.293888515244,2026-09-29,266.3299865722656,266.3299865722656,0.4467517164644969,0.4467517164644969,2052366.6666666667,751,2.110272,0.58427,4.511693666666667,30.7712,20.0,6.4604,14.3633,2.7039,25.7011,2.154965,2.110272,8.71927,2.126952,9.81129,2.147413,Weak Fundamentals / Negative Forecast,-7.894348910226485,245.30496817969163,245.30496817969163,Weighted Ensemble,Adaptive Momentum,Constrained dynamic ensemble excluding XGBoost,2026-07-03,2026-05-22,214.6499938964844,159.63692232371125,265.0402095274965,214.6499938964844,240.6143320719401,221.82341464557456,274.217465084118,174.52326818967327,200.98581811800096,205.694441687181,-4.1721651357801735,2026-07-07,2026-05-26,222.97000122070312,227.56204015431263,223.79811881685208,228.3382041459292,2.407589763572034,drift,5.844034664878199,7.827563321989671,2.1102717896605445,2026-11-10,2026-09-29,266.3299865722656,201.6023309984641,298.48130780838017,266.3299865722656,296.56300150553386,276.7479095050297,286.293888515244,199.8581117255243,238.64968852602732,245.30496817969163,-7.894348910226485
F,Ford Motor Company,Consumer Cyclical,Auto Manufacturers,2010-01-04,2026-09-29,4106,12.300000190734863,2026-11-10,High,130.94233615016253,0.0434681289837151,37.885391482536626,33.31223151038302,2.3517002666711995,Medium Risk,Near-Sector Volatility,187267000000.0,-8182000000.0,3638000000.0,-2.06,-4.369162746239327,7.711563868993811,-156.65728535046685,1.9426807713051413,15.26265613329852,-87.27167306700439,Below-Sector Profitability,11.415891205376278,-7.187877818282898,Negative Forecast,Weak Fundamentals / Negative Forecast,Weighted Ensemble,Classified,12.079999923706056,0.0,12.079999923706056,12.078333346048993,12.368803728194466,15.09132101361466,12.300000190734863,10.5739,13.1206,2026-11-10,11.415891205376278,-7.187877818282898,11.103411168592524,-9.72836588282076,,,12.300000190734863,12.29960035059958,13.647333335876464,9.302917449465582,14.215961832936856,2026-09-29,12.300000190734863,12.300000190734863,0.3788539148253663,0.3788539148253663,45896460.0,751,1.869815,0.52809,2.8989626666666672,29.7234,20.0,7.7485,13.7303,4.6881,24.1095,1.869815,1.881808,5.395615,1.879422,4.470297,1.896819,Weak Fundamentals / Negative Forecast,-7.187877818282898,11.415891205376278,11.415891205376278,Weighted Ensemble,Adaptive Momentum,Constrained dynamic ensemble excluding XGBoost,2026-07-03,2026-05-22,14.93000030517578,14.52471150953673,21.306632008689046,14.93000030517578,12.6793332417806,15.074369089631976,13.787669815711272,23.414901407979112,18.01266856144012,17.59183569631292,17.82876983742835,2026-07-07,2026-05-26,15.31999969482422,24.02654220309849,18.91764799717845,18.31592904457288,19.555674996265264,adaptive_blended_momentum,0.2701816868456649,0.3537159494143375,1.8698145081554596,2026-11-10,2026-09-29,12.300000190734863,9.666059269391166,13.482492542299097,12.300000190734863,13.647333335876464,12.29960035059958,14.215961832936856,9.302917449465582,11.103411168592524,11.415891205376278,-7.187877818282898
GM,General Motors Company,Consumer Cyclical,Auto Manufacturers,2010-11-18,2026-09-29,3884,80.47000122070312,2026-11-10,High,202.2918689288082,0.0519971647289,32.48812415262883,33.31223151038302,3.4170429763919747,Low Risk,Near-Sector Volatility,185019000000.0,3180000000.0,18432000000.0,3.33,1.718742399429248,7.711563868993811,-77.71214206835707,9.962220096314432,15.26265613329852,-34.72813637870102,Below-Sector Profitability,77.57085483001487,-3.602766679146481,Negative Forecast,Needs Further Review,Weighted Ensemble,Classified,76.88999938964844,0.0,76.88999938964844,76.46733373006185,80.51175199236188,79.21484844090912,80.47000122070312,68.2117,84.4894,2026-11-10,77.57085483001487,-3.602766679146481,75.94544286196738,-5.622664707468251,,,80.47000122070312,83.44495331729765,84.95100021362305,67.39383114737338,88.5083304394829,2026-09-29,80.47000122070312,80.47000122070312,0.3248812415262883,0.3248812415262883,6782026.666666667,751,1.580174,0.011236,2.675117,28.3668,20.0,9.3139,15.6652,4.0603,22.5938,1.659505,1.586154,4.020078,1.580174,5.493932,1.710859,Needs Further Review,-3.602766679146481,77.57085483001487,77.57085483001487,Weighted Ensemble,Adaptive Momentum,Constrained dynamic ensemble excluding XGBoost,2026-07-03,2026-05-22,78.79000091552734,68.45851892253792,93.56528704250294,78.79000091552734,77.3523333231608,81.53237043240433,90.37785249452438,78.76000212365776,80.6942796555841,80.03337412287377,1.5780850271590592,2026-07-07,2026-05-26,79.79000091552734,94.96902360483185,85.99923164583055,85.573023856372,7.247804078818188,naive,1.3112221611870656,1.6880748445635452,1.580174122725773,2026-11-10,2026-09-29,80.47000122070312,67.25624867372987,89.46733779711326,80.47000122070312,84.95100021362305,83.44495331729765,88.5083304394829,67.39383114737338,75.94544286196738,77.57085483001487,-3.602766679146481
GPC,Genuine Parts Company,Consumer Cyclical,Auto Parts,2010-01-04,2026-09-29,4106,126.9499969482422,2026-11-10,High,355.4284495445627,0.0497125748642396,34.0993734908219,33.31223151038302,-24.127093955939383,Low Risk,Near-Sector Volatility,24300141000.0,65945000.0,1007658000.0,0.47,0.2713770261662268,7.711563868993811,-96.48090801325834,4.146716679545193,15.26265613329852,-72.83096308185634,Below-Sector Profitability,122.63423738311404,-3.399574374852244,Negative Forecast,Needs Further Review,Weighted Ensemble,Negative adaptive forecast plus below-sector profitability,107.2300033569336,0.0,107.2300033569336,106.72066650390624,106.36805071149554,144.34930516552296,126.9499969482422,89.3377,120.0164,2026-11-10,122.63423738311404,-3.399574374852244,122.19599537690264,-3.74478273778752,,,126.9499969482422,126.27045103335792,133.11999918619793,115.50944410221554,116.29312373943633,2026-09-29,126.9499969482422,126.9499969482422,0.340993734908219,0.340993734908219,1018190.0,751,1.527178,0.0,4.3970625,31.6615,20.0,6.5869,14.7192,1.4766,25.5557,1.582208,1.530678,6.282477,1.527178,13.86135,1.598484,Needs Further Review,-3.399574374852244,122.63423738311404,122.63423738311404,Weighted Ensemble,Adaptive Momentum,Constrained dynamic ensemble excluding XGBoost,2026-07-03,2026-05-22,97.87000274658205,77.42350932371127,109.34348299495863,97.87000274658205,104.3630002339681,95.95832873115758,109.43573022895256,79.89313923823195,93.9520949280677,92.00954393511168,-5.988003113318634,2026-07-07,2026-05-26,97.0500030517578,85.03768296957385,93.87898590820907,93.00205888190716,-4.170988194293834,naive,1.8608895195855035,2.6356134982318933,1.5271777005771254,2026-11-10,2026-09-29,126.9499969482422,105.57779689191432,142.4462019598151,126.9499969482422,133.11999918619793,126.27045103335792,116.29312373943633,115.50944410221554,122.19599537690264,122.63423738311404,-3.399574374852244
HAS,"Hasbro, Inc.",Consumer Cyclical,Leisure,2010-01-04,2026-09-29,4106,88.26000213623047,2026-11-10,High,396.4962599072711,0.0573645622581223,27.90464884438889,33.31223151038302,-8.623282605659146,Low Risk,Near-Sector Volatility,4701300000.0,-322400000.0,1279600000.0,-2.3,-6.857677663624955,7.711563868993811,-188.92719790855767,27.21800353093825,15.26265613329852,78.33071316831128,Below-Sector Profitability,87.10928613805525,-1.3037797080483524,Neutral Forecast,Stable Watchlist,Weighted Ensemble,Classified,95.83999633789062,0.0,95.83999633789062,92.64899978637696,100.17324084327336,96.5912739301308,88.26000213623047,86.1222,110.8707,2026-11-10,87.10928613805525,-1.3037797080483524,87.00890181502474,-1.417516758355202,,,88.26000213623047,89.38640205269492,91.2980000813802,82.65929545365442,95.3714958237138,2026-09-29,88.26000213623047,88.26000213623047,0.2790464884438889,0.2790464884438889,1550360.0,751,1.272527,0.022472,3.340199833333333,32.9572,20.0,6.2852,15.4308,2.0757,23.2511,1.327203,1.280675,6.183903,1.272527,8.625199,1.351692,Stable Watchlist,-1.3037797080483524,87.10928613805525,87.10928613805525,Weighted Ensemble,Adaptive Momentum,Constrained dynamic ensemble excluding XGBoost,2026-07-03,2026-05-22,88.0999984741211,68.79817146592167,95.19601577540512,88.0999984741211,94.24700012207032,89.41379086058224,100.95902811519888,64.43970165517989,79.03362232880905,80.92781855572845,-8.140953510344763,2026-07-07,2026-05-26,87.98999786376953,69.49590498701315,80.74341001224155,82.58148167143509,-6.1467397700227,naive,1.1193330552842886,1.5345044027570862,1.2725269206315442,2026-11-10,2026-09-29,88.26000213623047,77.06208740606581,98.46641827255132,88.26000213623047,91.2980000813802,89.38640205269492,95.3714958237138,82.65929545365442,87.00890181502474,87.10928613805525,-1.3037797080483524
HD,"The Home Depot, Inc.",Consumer Cyclical,Home Improvement Retail,2010-01-04,2026-09-29,4106,288.0400085449219,2026-11-10,High,1591.1999486712152,0.0797335819341182,26.31103348373657,33.31223151038302,-30.128046137785564,Low Risk,Below-Sector Volatility,164683000000.0,14156000000.0,25135000000.0,14.26,8.59590850300274,7.711563868993811,11.467772932085122,15.26265613329852,15.26265613329852,0.0,Above-Sector Profitability,271.3334971816016,-5.800066264306758,Negative Forecast,Weak Fundamentals / Negative Forecast,Weighted Ensemble,Negative adaptive forecast but fundamentals are not clearly weak,328.79998779296875,0.0,328.79998779296875,332.93999837239585,326.25840759277344,367.5348081971363,288.0400085449219,290.807,348.7954,2026-11-10,271.3334971816016,-5.800066264306758,263.89460585517685,-8.382655871911412,,,288.0400085449219,287.57817620365427,314.9516672770182,241.46982528659515,304.6364260201645,2026-09-29,288.0400085449219,288.0400085449219,0.2631103348373657,0.2631103348373657,4472040.0,751,1.321655,0.550562,2.4877055,30.6987,20.0,7.2929,13.9662,2.9998,25.0424,1.321655,1.336182,4.241561,1.335248,5.352186,1.339401,Weak Fundamentals / Negative Forecast,-5.800066264306758,271.3334971816016,271.3334971816016,Weighted Ensemble,Adaptive Momentum,Constrained dynamic ensemble excluding XGBoost,2026-07-03,2026-05-22,313.07000732421875,277.2968134326239,348.6552920409408,313.07000732421875,323.78566691080727,313.81595387860915,331.92223262117733,300.289266633316,311.21769393404776,310.9356870308935,-0.6817389859753975,2026-07-07,2026-05-26,310.5400085449219,307.9742762689692,308.5855185070812,310.768026855053,0.0734263875368365,adaptive_blended_momentum,4.3625866234067665,5.574075634118365,1.3216553648990264,2026-11-10,2026-09-29,288.0400085449219,241.7237341674053,304.57028535647027,288.0400085449219,314.9516672770182,287.57817620365427,304.6364260201645,241.46982528659515,263.89460585517685,271.3334971816016,-5.800066264306758
HLT,Hilton Worldwide Holdings Inc.,Consumer Cyclical,Lodging,2013-12-12,2026-09-29,3113,323.44000244140625,2026-11-10,High,677.1207647731876,0.081642616295055,22.33080191653459,33.31223151038302,-15.427070997761644,Low Risk,Near-Sector Volatility,12039000000.0,1457000000.0,2880000000.0,6.18,12.102334080903727,7.711563868993811,56.937480989609135,23.92225267879392,15.26265613329852,56.73715289046427,Above-Sector Profitability,342.09299498846127,5.767064186945818,Positive Forecast,Potential Opportunity,Weighted Ensemble,Classified,326.7920700210532,0.8399613155533753,324.07000732421875,317.1750030517578,335.7551916213263,292.91837346465263,323.44000244140625,293.1969,351.4387,2026-11-10,342.09299498846127,5.767064186945818,339.7258175348808,5.035188897645656,,,323.44000244140625,333.6048833734387,315.74066670735675,375.32835324136346,347.55736270366674,2026-09-29,323.44000244140625,323.44000244140625,0.2233080191653459,0.2233080191653459,1704513.3333333333,751,1.099949,0.0,2.1716615,31.6433,20.0,8.6409,14.8707,2.7359,22.1093,1.146016,1.106028,3.02175,1.099949,5.469657,1.186569,Potential Opportunity,5.767064186945818,342.09299498846127,342.09299498846127,Weighted Ensemble,Adaptive Momentum,Constrained dynamic ensemble excluding XGBoost,2026-07-03,2026-05-22,321.0799865722656,293.8865881444913,366.0284975051548,321.0799865722656,323.86033528645834,332.10853292438645,329.58320662314725,334.3333393965248,324.080383097318,327.9799784978412,2.148994709772297,2026-07-07,2026-05-26,323.8099975585937,349.97663100157814,329.74558594155934,334.46644167197223,3.290955867244398,naive,3.5807773166232626,4.560198679786923,1.09994888079355,2026-11-10,2026-09-29,323.44000244140625,310.1356728144338,377.34329675192686,323.44000244140625,315.74066670735675,333.6048833734387,347.55736270366674,375.32835324136346,339.7258175348808,342.09299498846127,5.767064186945818
HRB,"H&R Block, Inc.",Consumer Cyclical,Personal Services,2010-01-04,2026-09-29,4106,40.58000183105469,2026-11-10,High,157.41647332181466,0.0451571293587212,46.10244333930138,33.31223151038302,0.0,Medium Risk,Near-Sector Volatility,3760995000.0,609450000.0,976343000.0,4.522469,16.20448843989423,7.711563868993811,110.13232484591428,25.959699494415705,15.26265613329852,70.0863812149935,Above-Sector Profitability,36.08751804684215,-11.070684035244602,Negative Forecast,Weak Fundamentals / Negative Forecast,Weighted Ensemble,Classified,31.729999542236328,0.0,31.729999542236328,31.408333269755044,28.54115967523484,43.624115602430265,40.58000183105469,27.0103,37.1208,2026-11-10,36.08751804684215,-11.070684035244602,35.49463503060058,-12.53170668061042,,,40.58000183105469,40.50808559315622,47.68433329264323,28.15233475331777,39.00545834386861,2026-09-29,40.58000183105469,40.58000183105469,0.4610244333930138,0.4610244333930138,1832346.6666666667,751,1.982728,0.011236,6.922863666666667,31.4883,20.0,6.145,14.7925,1.0454,26.5288,2.04889,1.984396,9.221529,1.982728,24.243438,2.056201,Weak Fundamentals / Negative Forecast,-11.070684035244602,36.08751804684215,36.08751804684215,Weighted Ensemble,Adaptive Momentum,Constrained dynamic ensemble excluding XGBoost,2026-07-03,2026-05-22,38.88999938964844,32.12220399436356,52.9072736889616,38.88999938964844,33.65066655476888,39.354990954256046,25.623243224336363,45.30601766190831,42.58549891938489,41.224971051808495,6.004041395746511,2026-07-07,2026-05-26,38.83000183105469,48.48332847277608,42.48193282889743,42.024285363677286,8.226328565526716,naive,0.8593333350287538,1.3184527941062774,1.9827277727483297,2026-11-10,2026-09-29,40.58000183105469,29.47297156961232,44.18655091174739,40.58000183105469,47.68433329264323,40.50808559315622,39.00545834386861,28.15233475331777,35.49463503060058,36.08751804684215,-11.070684035244602
IP,International Paper Company,Consumer Cyclical,Packaging & Containers,2010-01-04,2026-09-29,4106,33.31999969482422,2026-11-10,High,121.97978041751098,0.0389152265794617,43.10698498728516,33.31223151038302,-5.966337477668112,Medium Risk,Near-Sector Volatility,23634000000.0,-2838000000.0,3063000000.0,-6.95,-12.008123889312008,7.711563868993811,-255.7158067197439,12.96014216806296,15.26265613329852,-15.085932259275411,Below-Sector Profitability,32.39108137864893,-2.787870122098428,Negative Forecast,Needs Further Review,Weighted Ensemble,Negative adaptive forecast plus below-sector profitability,30.420000076293945,0.0,30.420000076293945,35.134667015075685,28.60185518718901,33.95003809227816,33.31999969482422,21.5947,30.2647,2026-11-10,32.39108137864893,-2.787870122098428,30.97234416537984,-7.045784966825952,,,33.31999969482422,33.23676452103068,36.86866709391276,31.388198969976823,34.33673793097032,2026-09-29,33.31999969482422,33.31999969482422,0.4310698498728516,0.4310698498728516,4749423.333333333,751,1.940605,0.0,4.169774333333334,31.7074,20.0,7.2406,14.9756,2.6761,23.4002,2.002981,1.943821,7.034297,1.940605,10.057894,2.039048,Needs Further Review,-2.787870122098428,32.39108137864893,32.39108137864893,Weighted Ensemble,Adaptive Momentum,Constrained dynamic ensemble excluding XGBoost,2026-07-03,2026-05-22,31.290000915527344,24.30032588295431,36.999036305557375,31.290000915527344,33.08733361562093,31.26356558195069,32.40185541741207,26.60091837120598,30.08428399570508,29.984806812455904,-4.171281766961375,2026-07-07,2026-05-26,31.959999084472656,30.477554598122744,31.901916581286603,31.696736335500425,-0.8237257713193544,naive,0.7264445198906793,1.010019953306246,1.9406045605357598,2026-11-10,2026-09-29,33.31999969482422,26.80437711001765,39.14219489495783,33.31999969482422,36.86866709391276,33.23676452103068,34.33673793097032,31.388198969976823,30.97234416537984,32.39108137864893,-2.787870122098428
KMX,"CarMax, Inc.",Consumer Cyclical,Auto & Truck Dealerships,2010-01-04,2026-09-29,4106,59.22999954223633,2026-11-10,High,63.92828241741093,0.0401703591823805,42.57285677129717,33.31223151038302,12.10316129489626,Medium Risk,Near-Sector Volatility,25881131000.0,247290000.0,1750247000.0,1.68,0.95548374605422,7.711563868993811,-87.60972790621663,6.76263722787076,15.26265613329852,-55.69160984295045,Below-Sector Profitability,58.89419810956478,-0.5669448510329435,Neutral Forecast,Stable Watchlist,Weighted Ensemble,Classified,39.42203549142296,0.2850015624982034,39.310001373291016,41.43833376566569,36.26833479745047,14.368836117049227,59.22999954223633,31.6673,46.5131,2026-11-10,58.89419810956478,-0.5669448510329435,59.69076869280689,0.7779320515476168,,,59.22999954223633,58.8442621064764,60.16600011189779,57.37950090090942,59.22952669116548,2026-09-29,59.22999954223633,59.22999954223633,0.4257285677129717,0.4257285677129717,2513286.6666666665,751,1.954886,0.0,6.249839999999999,32.0942,20.0,6.6005,14.8478,1.1504,25.3072,1.997075,1.963613,7.931035,1.954886,21.614385,2.038046,Stable Watchlist,-0.5669448510329435,58.89419810956478,58.89419810956478,Weighted Ensemble,Adaptive Momentum,Constrained dynamic ensemble excluding XGBoost,2026-07-03,2026-05-22,40.33000183105469,32.04028858277267,50.85037932746885,40.33000183105469,39.16033350626628,39.40865937982987,30.3313833766614,40.30002173258045,42.02911276920654,40.364103213072376,0.0845558652849595,2026-07-07,2026-05-26,40.63999938964844,45.70366679615694,43.47855304903207,42.0816218604579,3.547299440109401,naive,1.0546666887071396,1.420095494936145,1.954886045943382,2026-11-10,2026-09-29,59.22999954223633,48.85078532454467,71.0024731009991,59.22999954223633,60.16600011189779,58.8442621064764,59.22952669116548,57.37950090090942,59.69076869280689,58.89419810956478,-0.5669448510329435
KSS,Kohl's Corporation,Consumer Cyclical,Department Stores,2010-01-04,2026-09-29,4106,18.31999969482422,2026-11-10,Moderate,-49.04012792029443,0.0369736085498896,66.7126992455275,33.31223151038302,56.92774956941664,High Risk,Above-Sector Volatility,15527000000.0,272000000.0,1324000000.0,2.43,1.751787209377214,7.711563868993811,-77.28363222898673,8.527081857409675,15.26265613329852,-44.13107533225393,Below-Sector Profitability,20.213701474398256,10.33680027903629,Positive Forecast,High Volatility Speculative,Weighted Ensemble,High volatility risk without a strong enough positive signal,14.070344590385703,-0.703285006151549,14.170000076293944,13.684666633605955,15.07385722796122,21.64501103364856,18.31999969482422,11.4481,16.9418,2026-11-10,20.213701474398256,10.33680027903629,19.725136557635643,7.669961169313802,,,18.31999969482422,18.233891255447897,17.78133341471354,25.72479376826329,16.428839732044807,2026-09-29,18.31999969482422,18.31999969482422,0.6671269924552751,0.6671269924552751,4513180.0,751,3.218788,0.022472,5.110289333333333,30.1353,20.0,9.097,14.9732,4.0184,21.7761,3.371891,3.224693,7.724743,3.218788,9.669218,3.452403,High Volatility Speculative,10.33680027903629,20.213701474398256,20.213701474398256,Weighted Ensemble,Adaptive Momentum,Constrained dynamic ensemble excluding XGBoost,2026-07-03,2026-05-22,13.0600004196167,9.430132065529568,15.275816944553265,13.0600004196167,13.785000006357828,12.858894160138975,18.63980457702477,9.542644760784524,12.481350339642791,12.002206930227109,-8.099490470159079,2026-07-07,2026-05-26,13.289999961853027,13.908521428172334,13.822867482210391,13.660868295782148,2.79058190363915,naive,0.557222186194526,0.7063009632672861,3.218788031008689,2026-11-10,2026-09-29,18.31999969482422,15.08002177774,27.095035625162406,18.31999969482422,17.78133341471354,18.233891255447897,16.428839732044807,25.72479376826329,19.725136557635643,20.213701474398256,10.33680027903629
LEN,Lennar Corporation,Consumer Cyclical,Residential Construction,2010-01-04,2026-09-29,4106,83.01000213623047,2026-11-10,High,739.3954386541292,0.0792842325782114,37.02619206659442,33.31223151038302,11.82543767156124,Medium Risk,Near-Sector Volatility,34186934000.0,2078179000.0,2884717000.0,7.98,6.078869196050164,7.711563868993811,-21.172030740849948,8.438068766271932,15.26265613329852,-44.71428372246029,Below-Sector Profitability,84.49487301200114,1.788785492781697,Neutral Forecast,Stable Watchlist,Weighted Ensemble,Classified,90.3000030517578,0.0,90.3000030517578,90.06588694254557,88.47555142357234,121.37434235981289,83.01000213623047,79.5381,101.7117,2026-11-10,84.49487301200114,1.788785492781697,83.78466833968189,0.9332203150411764,,,83.01000213623047,82.15297135042067,82.7360003153483,92.4937142344014,68.88696015268465,2026-09-29,83.01000213623047,83.01000213623047,0.3702619206659442,0.3702619206659442,4116713.3333333335,751,1.834151,0.0,2.7138756666666666,26.9323,20.0,11.7382,14.8117,4.3846,22.1332,1.938101,1.8354,3.235793,1.834151,5.488088,1.951721,Stable Watchlist,1.788785492781697,84.49487301200114,84.49487301200114,Weighted Ensemble,Adaptive Momentum,Constrained dynamic ensemble excluding XGBoost,2026-07-03,2026-05-22,88.86000061035156,76.4920655386985,105.18271456621648,88.86000061035156,88.92666676839193,88.31492908413426,94.3620376193115,90.31570916017311,90.44766859900125,89.69750886249433,0.942503090693435,2026-07-07,2026-05-26,89.29000091552734,96.2291152459164,91.47444432564706,91.65923007676992,2.653409269738923,naive,1.578222741021051,2.0039937634383924,1.8341509446447886,2026-11-10,2026-09-29,83.01000213623047,71.81394364216757,99.4150049868882,83.01000213623047,82.7360003153483,82.15297135042067,68.88696015268465,92.4937142344014,83.78466833968189,84.49487301200114,1.788785492781697
LKQ,LKQ Corporation,Consumer Cyclical,Auto Parts,2010-01-04,2026-09-29,4106,23.11000061035156,2026-11-10,High,260.81317894166574,0.051350033227747,39.78671008326161,33.31223151038302,-4.875540090785355,Medium Risk,Near-Sector Volatility,13651000000.0,607000000.0,1536000000.0,0.0,4.446560691524431,7.711563868993811,-42.339053827941534,11.251922936048642,15.26265613329852,-26.278081365534177,Below-Sector Profitability,22.67313493917361,-1.8903749876244689,Neutral Forecast,Stable Watchlist,Weighted Ensemble,Positive adaptive forecast with manageable risk and no weak fundamentals flag,31.57999992370605,0.0,31.57999992370605,30.008666674296062,31.018452644348145,23.73544334190018,23.11000061035156,29.7035,35.8347,2026-11-10,22.67313493917361,-1.8903749876244689,22.26916049187642,-3.638425340839261,,,23.11000061035156,22.42322549167956,24.4263334274292,22.261389930101167,23.527132143867696,2026-09-29,23.11000061035156,23.11000061035156,0.3978671008326161,0.3978671008326161,3298673.333333333,751,1.673849,0.0,2.927408833333333,30.4387,20.0,9.5352,15.1156,3.3426,21.5679,1.755886,1.674153,3.987641,1.673849,6.633816,1.839108,Stable Watchlist,-1.8903749876244689,22.67313493917361,22.67313493917361,Weighted Ensemble,Adaptive Momentum,Constrained dynamic ensemble excluding XGBoost,2026-07-03,2026-05-22,27.14999961853028,22.035396446826404,30.07408117229693,27.14999961853028,28.85766684214274,26.404882760096072,27.35268878302255,22.53391819095264,26.48170198600188,25.742849519926903,-5.182873364178502,2026-07-07,2026-05-26,27.25,24.851181947509644,26.992836186432125,26.5262919158468,-2.655809483131004,naive,0.41633338928222624,0.6199291557122698,1.6738489112106147,2026-11-10,2026-09-29,23.11000061035156,19.038149899867356,27.00215360598442,23.11000061035156,24.4263334274292,22.423225491679556,23.527132143867696,22.261389930101167,22.26916049187642,22.67313493917361,-1.8903749876244689
LOW,"Lowe's Companies, Inc.",Consumer Cyclical,Home Improvement Retail,2010-01-04,2026-09-29,4106,187.259994506836,2026-11-10,High,1293.8852178482716,0.0791926652760749,27.48350122707996,33.31223151038302,-17.910005857037092,Low Risk,Near-Sector Volatility,86286000000.0,6654000000.0,12468000000.0,11.87,7.711563868993811,7.711563868993811,0.0,14.44962102774494,15.26265613329852,-5.326956844554598,Above-Sector Profitability,179.7211888361502,-4.025849563084639,Negative Forecast,Needs Further Review,Weighted Ensemble,Classified,240.40991100353096,0.678385930291923,238.7899932861328,238.9031778971354,241.15033721923828,240.5285714157528,187.259994506836,211.3246,259.6932,2026-11-10,179.7211888361502,-4.025849563084639,175.56506407722304,-6.245290383785643,,,187.259994506836,186.55635882557564,201.1406672159831,166.83400025592968,200.4392843870095,2026-09-29,187.259994506836,187.259994506836,0.2748350122707996,0.2748350122707996,3349146.6666666665,751,1.398467,0.0,3.073264333333333,30.6995,20.0,7.7138,14.3368,2.0459,25.2039,1.418424,1.399282,4.334464,1.398467,8.464475,1.424474,Needs Further Review,-4.025849563084639,179.7211888361502,179.7211888361502,Weighted Ensemble,Adaptive Momentum,Constrained dynamic ensemble excluding XGBoost,2026-07-03,2026-05-22,215.02999877929688,178.27766727197826,230.53891026005127,215.02999877929688,233.6046666463216,215.3712665855175,253.8201302052588,177.56296454138086,200.0591306553139,202.73119921853635,-5.71957384112892,2026-07-07,2026-05-26,212.0800018310547,175.1167619482429,195.9925008037061,199.6668798313515,-5.853037482332532,naive,2.9607784695095436,3.685119534016361,1.3984669958638936,2026-11-10,2026-09-29,187.259994506836,159.28646307423207,202.77746830015656,187.259994506836,201.1406672159831,186.55635882557564,200.4392843870095,166.83400025592968,175.56506407722304,179.7211888361502,-4.025849563084639
LVS,Las Vegas Sands Corp.,Consumer Cyclical,Resorts & Casinos,2010-01-04,2026-09-29,4106,38.31999969482422,2026-11-10,High,418.6845787569411,0.0701820804376456,25.692987379887473,33.31223151038302,16.913243465834956,Low Risk,Near-Sector Volatility,13017000000.0,1627000000.0,4775000000.0,2.35,12.49903971729277,7.711563868993811,62.08177653236009,36.682799416148114,15.26265613329852,140.34348343940798,Above-Sector Profitability,35.6298618989515,-7.020192633863891,Negative Forecast,Weak Fundamentals / Negative Forecast,Weighted Ensemble,Classified,54.61000061035156,0.0,54.61000061035156,54.4533332824707,56.8463496253604,71.02722005723098,38.31999969482422,49.1201,61.3315,2026-11-10,35.6298618989515,-7.020192633863891,35.013867014522404,-8.627694954674975,,,38.31999969482422,38.05098193298086,42.92933362325032,30.67598852973272,40.99109721984277,2026-09-29,38.31999969482422,38.31999969482422,0.2569298737988747,0.2569298737988747,5398516.666666667,751,1.257776,0.011236,3.731043833333333,31.5526,20.0,6.8744,14.8193,1.3091,25.4447,1.261549,1.257957,4.956298,1.257776,12.367367,1.285316,Weak Fundamentals / Negative Forecast,-7.020192633863891,35.6298618989515,35.6298618989515,Weighted Ensemble,Adaptive Momentum,Constrained dynamic ensemble excluding XGBoost,2026-07-03,2026-05-22,49.43000030517578,39.31275306253867,55.256454210527,49.43000030517578,53.263333257039385,49.19471369773751,61.14271726348563,39.85047784243241,46.29487070305121,46.60776050712931,-5.709568643783627,2026-07-07,2026-05-26,49.75,43.39199471306176,47.74706189468343,48.0061424756753,-3.5052412549240115,naive,0.58444455464681,0.7747099315071613,1.2577761136706354,2026-11-10,2026-09-29,38.31999969482422,31.827963111265493,39.88590330145952,38.31999969482422,42.92933362325032,38.05098193298086,40.99109721984277,30.67598852973272,35.013867014522404,35.6298618989515,-7.020192633863891
MAR,"Marriott International, Inc.",Consumer Cyclical,Lodging,2010-01-04,2026-09-29,4106,361.6199951171875,2026-11-10,High,1544.1278549454569,0.0868148708319564,25.63750253738817,33.31223151038302,-7.981848565291101,Low Risk,Near-Sector Volatility,26186000000.0,2601000000.0,4802000000.0,9.53,9.93278851294585,7.711563868993811,28.80381569402549,18.33804322920645,15.26265613329852,20.14975027314126,Above-Sector Profitability,389.4076009060548,7.684200587376908,Positive Forecast,Potential Opportunity,Weighted Ensemble,Classified,361.6900024414063,0.0,361.6900024414063,347.45066731770834,376.48340752011256,283.27493832423335,361.6199951171875,328.6777,408.8033,2026-11-10,389.4076009060548,7.684200587376908,384.3970343166538,6.298611666117937,,,361.6199951171875,370.7599927376448,345.65533548990885,445.8538691074452,396.6976856305959,2026-09-29,361.6199951171875,361.6199951171875,0.2563750253738817,0.2563750253738817,1563980.0,751,1.173923,0.0,2.7581113333333334,32.1171,20.0,7.9979,15.0137,2.0932,22.7781,1.214505,1.17407,3.755706,1.173923,7.967678,1.262786,Potential Opportunity,7.684200587376908,389.4076009060548,389.4076009060548,Weighted Ensemble,Adaptive Momentum,Constrained dynamic ensemble excluding XGBoost,2026-07-03,2026-05-22,369.1499938964844,340.58245461679246,441.8058039540694,369.1499938964844,361.013666788737,380.7887802752774,369.6659286201445,421.52485013928776,387.1115000415211,387.906309789648,5.0809470955654925,2026-07-07,2026-05-26,373.80999755859375,442.6892310407594,395.1285569731201,396.889732296659,6.174188729248094,naive,4.277219645182291,5.864387100649824,1.1739228248520466,2026-11-10,2026-09-29,361.6199951171875,347.9404812803425,435.8167209673751,361.6199951171875,345.65533548990885,370.7599927376448,396.6976856305959,445.8538691074452,384.3970343166538,389.4076009060548,7.684200587376908
MCD,McDonald's Corporation,Consumer Cyclical,Restaurants,2010-01-04,2026-09-29,4106,233.97999572753903,2026-11-10,High,627.925903373503,0.055183421009402,22.35677786282368,33.31223151038302,-44.32242104760819,Low Risk,Below-Sector Volatility,26885000000.0,8563000000.0,14911000000.0,12.0,31.850474242142457,7.711563868993811,313.02224533476164,55.46215361725869,15.26265613329852,263.384676512871,Above-Sector Profitability,218.042501601258,-6.8114772276684885,Negative Forecast,Weak Fundamentals / Negative Forecast,Weighted Ensemble,Negative adaptive forecast but fundamentals are not clearly weak,293.5899963378906,0.0,293.5899963378906,304.7063334147135,291.947267804827,314.51173764125434,233.97999572753903,262.7797,297.2615,2026-11-10,218.042501601258,-6.8114772276684885,212.15993854729035,-9.325607991572632,,,233.97999572753903,233.07620108407875,255.2046681722005,185.56103772584603,255.5861625290317,2026-09-29,233.97999572753903,233.97999572753903,0.2235677786282368,0.2235677786282368,5337000.0,751,1.061928,0.0,2.469794333333333,31.8115,20.0,8.4615,15.0365,1.9186,22.7719,1.101575,1.06223,2.974732,1.061928,7.480196,1.138105,Weak Fundamentals / Negative Forecast,-6.8114772276684885,218.042501601258,218.042501601258,Weighted Ensemble,Adaptive Momentum,Constrained dynamic ensemble excluding XGBoost,2026-07-03,2026-05-22,282.2699890136719,267.29517533796286,311.8912523879716,282.2699890136719,289.842333984375,282.1076481566199,308.7678130279622,302.76959649963754,283.7868507051178,288.7334878281695,2.289828556370028,2026-07-07,2026-05-26,279.260009765625,293.71989739451124,275.8633351673343,282.88968961331943,1.2997492375441513,naive,2.842333136664495,3.7721640572855173,1.0619282848650213,2026-11-10,2026-09-29,233.97999572753903,197.6510623048839,240.53770290998247,233.97999572753903,255.2046681722005,233.07620108407875,255.5861625290317,185.56103772584603,212.15993854729035,218.042501601258,-6.8114772276684885
MGM,MGM Resorts International,Consumer Cyclical,Resorts & Casinos,2010-01-04,2026-09-29,4106,31.520000457763672,2026-11-10,High,323.7175273766353,0.0749150201576862,42.64650383428681,33.31223151038302,34.1222325554467,Medium Risk,Above-Sector Volatility,17537683000.0,211090000.0,1996542000.0,0.0,1.20363676319158,7.711563868993811,-84.39179414656618,11.38429745822182,15.26265613329852,-25.41077150139869,Below-Sector Profitability,27.291606170065396,-13.414956301679831,Negative Forecast,Weak Fundamentals / Negative Forecast,Weighted Ensemble,Classified,38.93999862670898,0.0,38.93999862670898,37.81766662597656,39.78999855404808,35.80949352113661,31.520000457763672,34.0645,46.3402,2026-11-10,27.2916061700654,-13.414956301679831,25.52571003889177,-19.01741856540948,,,31.520000457763672,31.32567744650328,39.86066691080729,20.0980396310013,46.39628353970103,2026-09-29,31.520000457763672,31.520000457763672,0.4264650383428681,0.4264650383428681,3552873.333333333,751,1.507733,0.0,4.3033595,32.1425,20.0,5.8368,14.3812,1.5489,26.0906,1.520357,1.515306,7.580001,1.507733,12.167361,1.529399,Weak Fundamentals / Negative Forecast,-13.414956301679831,27.2916061700654,27.291606170065396,Weighted Ensemble,Adaptive Momentum,Constrained dynamic ensemble excluding XGBoost,2026-07-03,2026-05-22,38.400001525878906,31.92879966236021,45.65874812297668,38.400001525878906,38.14933369954427,38.33103100367302,37.3279727953396,37.25337266832069,38.86181744520052,38.1815272304905,-0.568943454966187,2026-07-07,2026-05-26,38.45000076293945,42.11714677510795,39.65998610242352,39.40018571609312,2.4712221958380685,naive,0.6514445834689665,1.1538115658513317,1.5077325676554245,2026-11-10,2026-09-29,31.520000457763672,22.63016197585995,32.91323182469832,31.520000457763672,39.86066691080729,31.32567744650328,46.39628353970103,20.0980396310013,25.52571003889177,27.291606170065396,-13.414956301679831
MHK,"Mohawk Industries, Inc.",Consumer Cyclical,"Furnishings, Fixtures & Appliances",2010-01-04,2026-09-29,4106,124.83999633789062,2026-11-10,Moderate,118.50547414174646,0.0472084186335041,43.47003102564112,33.31223151038302,12.66672200399324,Medium Risk,Near-Sector Volatility,10785400000.0,369900000.0,1171700000.0,5.96,3.4296363602648023,7.711563868993811,-55.52605906495209,10.863760268511136,15.26265613329852,-28.8212996897068,Below-Sector Profitability,122.21426338903214,-2.103278617336469,Negative Forecast,Needs Further Review,Weighted Ensemble,Classified,105.55999755859376,0.0,105.55999755859376,102.59000015258788,105.37666411626908,118.41346809274307,124.83999633789062,94.3054,121.9846,2026-11-10,122.21426338903214,-2.103278617336469,123.35885220143363,-1.1864339794180552,,,124.83999633789062,126.80779989961532,128.2216672261556,113.22670709559546,118.4863494608854,2026-09-29,124.83999633789062,124.83999633789062,0.4347003102564112,0.4347003102564112,1019100.0,751,2.084858,0.0,4.048577833333334,28.696,20.0,9.227,15.7227,2.9338,23.4205,2.20061,2.087644,5.624174,2.084858,10.04441,2.249771,Needs Further Review,-2.103278617336469,122.21426338903214,122.21426338903214,Weighted Ensemble,Adaptive Momentum,Constrained dynamic ensemble excluding XGBoost,2026-07-03,2026-05-22,102.4000015258789,85.29709009985459,121.31781561882148,102.4000015258789,102.78899993896484,102.67509610206164,108.50293986379243,98.22708757161678,102.6540944662823,101.7253982521384,-0.6587922496954391,2026-07-07,2026-05-26,103.8000030517578,112.77488180240891,107.32185155051954,107.08487127216031,3.164612836056066,naive,2.478667704264322,3.212327884663749,2.084858110441672,2026-11-10,2026-09-29,124.83999633789062,100.9740356273716,147.92244444744017,124.83999633789062,128.2216672261556,126.80779989961532,118.4863494608854,113.22670709559546,123.35885220143363,122.21426338903214,-2.103278617336469
NCLH,Norwegian Cruise Line Holdings Ltd.,Consumer Cyclical,Travel Services,2013-01-18,2026-09-29,3340,14.800000190734863,2026-11-10,Moderate,-26.663978887598,0.0525685725145648,47.06381034210231,33.31223151038302,67.0371836674576,Medium Risk,Above-Sector Volatility,9827592000.0,423246000.0,2544335000.0,0.94,4.306711145517641,7.711563868993811,-44.15255817521263,25.88970930010118,15.26265613329852,69.6278096943928,Below-Sector Profitability,15.313731087623456,3.4711546639722326,Positive Forecast,Needs Further Review,Weighted Ensemble,Negative adaptive forecast plus below-sector profitability,18.12061126105762,-0.3266724044072483,18.18000030517578,19.35800011952718,18.275238536653063,19.74955018493685,14.800000190734863,13.5155,21.2268,2026-11-10,15.313731087623456,3.4711546639722326,14.880238366729266,0.5421498308130669,,,14.800000190734863,14.737917352099862,15.477666632334392,16.47639845085542,16.016144335553943,2026-09-29,14.800000190734863,14.800000190734863,0.4706381034210231,0.4706381034210231,17298266.666666668,751,2.261126,0.011236,4.5782995,30.8571,20.0,6.5374,14.5289,2.9524,25.1242,2.318391,2.262906,8.902312,2.261126,9.369663,2.355399,Needs Further Review,3.4711546639722326,15.313731087623456,15.313731087623456,Weighted Ensemble,Adaptive Momentum,Constrained dynamic ensemble excluding XGBoost,2026-07-03,2026-05-22,16.299999237060547,11.91872275365421,21.019181040798635,16.299999237060547,17.83033348719279,16.37762202226151,19.387550962423685,14.16728866900401,15.721931305150855,15.827880190794469,-2.896436002233945,2026-07-07,2026-05-26,17.100000381469727,18.75991678780908,17.851532415985353,17.860705556385376,4.448568175121104,naive,0.415444448259142,0.5518967084353561,2.261126173997208,2026-11-10,2026-09-29,14.800000190734863,12.454155179070106,18.829889017133222,14.800000190734863,15.477666632334392,14.737917352099862,16.016144335553943,16.47639845085542,14.880238366729266,15.313731087623456,3.4711546639722326
NKE,"NIKE, Inc.",Consumer Cyclical,Footwear & Accessories,2010-01-04,2026-09-29,4106,35.84000015258789,2026-11-10,High,236.59893247496376,0.046565301081149,31.956821334632817,33.31223151038302,-12.284527782731692,Low Risk,Near-Sector Volatility,46309000000.0,3219000000.0,4510000000.0,2.17,6.951132609212032,7.711563868993811,-9.860921503085448,9.738927638256062,15.26265613329852,-36.191135060635645,Below-Sector Profitability,34.90800776857485,-2.600425167536576,Negative Forecast,Needs Further Review,Weighted Ensemble,Negative adaptive forecast plus below-sector profitability,44.36000061035156,0.0,44.36000061035156,46.96666628519694,42.95865476699103,64.88249460712521,35.84000015258789,35.8844,48.633,2026-11-10,34.90800776857485,-2.600425167536576,34.70213786734016,-3.174838952018159,,,35.84000015258789,34.47580573380528,37.78466631571452,34.72375069834219,30.01889670574913,2026-09-29,35.84000015258789,35.84000015258789,0.3195682133463282,0.3195682133463282,31331826.666666668,751,1.645271,0.606742,2.6951035,30.7785,20.0,8.7928,14.5198,4.0537,21.8552,1.716116,1.645271,4.043275,1.667507,5.344563,1.753889,Needs Further Review,-2.600425167536576,34.90800776857485,34.90800776857485,Weighted Ensemble,Adaptive Momentum,Constrained dynamic ensemble excluding XGBoost,2026-07-03,2026-05-22,44.66999816894531,37.869975604799805,53.65769254522835,44.66999816894531,44.113999684651695,43.11175778703546,46.6122736286638,46.29848394975917,45.706869260900106,45.077882688716045,0.9131061931726128,2026-07-07,2026-05-26,44.93999862670898,53.547843852845546,47.04393636335704,47.36049532623501,5.38606313638705,drift,0.6872373500739077,0.8480752219852525,1.6452711790347643,2026-11-10,2026-09-29,35.84000015258789,30.33699098269306,40.16776110280888,35.84000015258789,37.78466631571452,34.47580573380528,30.01889670574913,34.72375069834219,34.70213786734016,34.90800776857485,-2.600425167536576
NVR,"NVR, Inc.",Consumer Cyclical,Residential Construction,2010-01-04,2026-09-29,4106,6234.6298828125,2026-11-10,High,786.226481911996,0.0695251309827845,27.33294380322006,33.31223151038302,-13.798144255991716,Low Risk,Near-Sector Volatility,10341845000.0,1339816000.0,1815277000.0,462.0,12.95528989266422,7.711563868993811,67.99821816627968,17.552738413696975,15.26265613329852,15.004480612009507,Above-Sector Profitability,6177.713135410005,-0.9129130112342708,Neutral Forecast,Stable Watchlist,Weighted Ensemble,Negative adaptive forecast but fundamentals are not clearly weak,6315.8701171875,0.0,6315.8701171875,6621.304671223958,6220.861804780506,7582.512850339507,6234.6298828125,5280.1892,6578.9706,2026-11-10,6177.713135410005,-0.9129130112342708,6130.470510194107,-1.6706584765446502,,,6234.6298828125,6245.834670904349,6279.071354166666,6166.667073154174,5769.405886698623,2026-09-29,6234.6298828125,6234.6298828125,0.2733294380322006,0.2733294380322006,38060.0,751,1.347187,0.0,2.1115101666666667,29.2132,20.0,10.6072,14.6955,4.0587,21.4254,1.414362,1.348848,2.62747,1.347187,4.505256,1.425938,Stable Watchlist,-0.9129130112342708,6177.713135410005,6177.713135410005,Weighted Ensemble,Adaptive Momentum,Constrained dynamic ensemble excluding XGBoost,2026-07-03,2026-05-22,6036.990234375,5370.715589095993,7037.64769226912,6036.990234375,6258.9693359375,6054.627164891059,6561.234314866188,6229.7556187575765,6142.373914173066,6147.943084596278,1.837883546498145,2026-07-07,2026-05-26,6032.81982421875,6414.625381219742,6124.368589520843,6185.799201213172,2.5357856102429275,naive,85.81713324652777,109.57101221466134,1.3471872396022193,2026-11-10,2026-09-29,6234.6298828125,5478.914060659652,6965.6393878210265,6234.6298828125,6279.071354166666,6245.834670904349,5769.405886698623,6166.667073154174,6130.470510194107,6177.713135410005,-0.9129130112342708
ORLY,"O'Reilly Automotive, Inc.",Consumer Cyclical,Auto Parts,2010-01-04,2026-09-29,4106,86.06999969482422,2026-11-10,High,3772.726708629568,0.1016420048258018,28.482398160348687,33.31223151038302,-24.864966618693327,Low Risk,Near-Sector Volatility,17781992000.0,2538209000.0,3986465000.0,2.98,14.274041963352587,7.711563868993811,85.09918618122053,22.41855130741257,15.26265613329852,46.88499243917349,Above-Sector Profitability,86.91370309468498,0.9802525884190204,Neutral Forecast,Stable Watchlist,Weighted Ensemble,Positive adaptive forecast with manageable risk and no weak fundamentals flag,100.10767510282862,0.7119452375113622,99.4000015258789,92.2149996439616,100.1283353169759,112.89200020861878,86.06999969482422,97.5829,118.5823,2026-11-10,86.91370309468498,0.9802525884190204,86.05279844451253,-0.0199851869091158,,,86.06999969482422,87.32658568886765,87.15066706339518,88.85874831540856,84.26947970051549,2026-09-29,86.06999969482422,86.06999969482422,0.2848239816034869,0.2848239816034869,5889926.666666667,751,1.352459,0.516854,1.9479793333333333,29.6992,20.0,9.6965,14.2902,5.2542,21.06,1.416035,1.352459,2.97776,1.352859,3.146241,1.442522,Stable Watchlist,0.9802525884190204,86.91370309468498,86.91370309468498,Weighted Ensemble,Adaptive Momentum,Constrained dynamic ensemble excluding XGBoost,2026-07-03,2026-05-22,91.73999786376952,81.17699534762203,103.29726183999276,91.73999786376952,92.93666585286458,93.25800402248014,93.28983078382844,88.175223757239,92.11273762403454,91.57161865887916,-0.1835395779498423,2026-07-07,2026-05-26,89.87000274658203,85.57233576231928,87.63413668162994,88.97323472185056,-0.997850225130407,drift,1.1864752267546907,1.5669918704889698,1.3524585586964561,2026-11-10,2026-09-29,86.06999969482422,76.69421437410465,98.49493664259523,86.06999969482422,87.15066706339518,87.32658568886765,84.26947970051549,88.85874831540856,86.05279844451253,86.91370309468498,0.9802525884190204
PHM,"PulteGroup, Inc.",Consumer Cyclical,Residential Construction,2010-01-04,2026-09-29,4106,118.5,2026-11-10,High,1303.3099644775018,0.0944631053521814,32.68421718491043,33.31223151038302,17.001949335948805,Low Risk,Near-Sector Volatility,17311953000.0,2218730000.0,3151057000.0,11.21,12.816173888642144,7.711563868993811,66.19422605280674,18.201626356078947,15.26265613329852,19.25595517000793,Above-Sector Profitability,117.90874501935066,-0.4989493507589357,Neutral Forecast,Stable Watchlist,Weighted Ensemble,Classified,122.36000061035156,0.0,122.36000061035156,121.10266672770182,124.9109222775414,139.31914469589947,118.5,107.7564,135.5464,2026-11-10,117.90874501935066,-0.4989493507589357,114.32419740608889,-3.5238840454946114,,,118.5,120.80416145324708,122.74899978637696,115.6369949037822,124.38379632943096,2026-09-29,118.5,118.5,0.3268421718491043,0.3268421718491043,1486613.3333333333,751,1.591411,0.539326,2.454686333333333,27.4079,20.0,10.3171,15.3244,4.8662,22.0844,1.695946,1.591411,3.577102,1.594452,4.533368,1.735839,Stable Watchlist,-0.4989493507589357,117.90874501935066,117.90874501935066,Weighted Ensemble,Adaptive Momentum,Constrained dynamic ensemble excluding XGBoost,2026-07-03,2026-05-22,116.43000030517578,100.69835925230608,134.8637218669361,116.43000030517578,119.86333363850912,119.11901135487972,129.7216207255902,113.13361387106484,115.805636441629,116.53564053395776,0.0907328253071242,2026-07-07,2026-05-26,117.83999633789062,125.31097354114452,119.80518665321613,121.27990505627162,2.9191351198938493,drift,2.0066120763565336,2.5948537273172847,1.5914108264936238,2026-11-10,2026-09-29,118.5,102.1424012440268,136.10872647123375,118.5,122.74899978637696,120.80416145324708,124.38379632943096,115.6369949037822,114.32419740608889,117.90874501935066,-0.4989493507589357
PKG,Packaging Corporation of America,Consumer Cyclical,Packaging & Containers,2010-01-04,2026-09-29,4106,233.27999877929688,2026-11-10,High,1365.499602291909,0.0804130391575725,27.219652391435712,33.31223151038302,-17.47227185397465,Low Risk,Near-Sector Volatility,8989300000.0,774100000.0,1881400000.0,8.61,8.611349048312993,7.711563868993811,11.667998795120974,20.929327088872327,15.26265613329852,37.12768541781426,Above-Sector Profitability,235.9826010276221,1.1585229177243608,Neutral Forecast,Stable Watchlist,Weighted Ensemble,Classified,214.9034804926139,0.6809480277126421,213.4499969482422,210.31766611735023,217.25144813174293,193.00535890364807,233.27999877929688,194.7998,240.2859,2026-11-10,235.9826010276221,1.1585229177243608,231.1681303076452,-0.9052934167963846,,,233.27999877929688,237.2319534562713,238.37033284505208,239.6018342937737,246.88962016895263,2026-09-29,233.27999877929688,233.27999877929688,0.2721965239143571,0.2721965239143571,584633.3333333334,751,1.20953,0.0,2.139865166666667,28.4346,20.0,8.3585,15.6513,4.7369,22.8187,1.301946,1.215518,3.878527,1.20953,3.892806,1.340864,Stable Watchlist,1.1585229177243608,235.9826010276221,235.9826010276221,Weighted Ensemble,Adaptive Momentum,Constrained dynamic ensemble excluding XGBoost,2026-07-03,2026-05-22,215.9100036621093,184.2871810082406,240.59432129028352,215.9100036621093,215.08233337402345,220.46548009413647,225.04376355582644,191.83146121659405,212.79204388233515,210.5669709075412,-2.474657340532424,2026-07-07,2026-05-26,218.47000122070312,209.56965144786847,220.92228552855352,218.06951249146283,-0.1833152043770584,naive,2.858555942111544,4.022149556540675,1.2095296908065782,2026-11-10,2026-09-29,233.27999877929688,209.39331844858296,265.9482566127637,233.27999877929688,238.37033284505208,237.2319534562713,246.88962016895263,239.6018342937737,231.1681303076452,235.9826010276221,1.1585229177243608
PVH,PVH Corp.,Consumer Cyclical,Apparel Manufacturing,2010-01-04,2026-09-29,4106,75.73999786376953,2026-11-10,Moderate,128.31533482670548,0.0576919545625265,54.93827552598374,33.31223151038302,30.788037294878805,Medium Risk,Above-Sector Volatility,8950200000.0,25300000.0,997300000.0,0.53,0.2826752474805032,7.711563868993811,-96.33439789538582,11.14276775937968,15.26265613329852,-26.99325948207981,Below-Sector Profitability,79.62104253834877,5.124167921895008,Positive Forecast,Potential Opportunity,Weighted Ensemble,Positive adaptive forecast with manageable risk and no weak fundamentals flag,91.44000244140624,0.0,91.44000244140624,82.60466626485189,94.0239566621326,71.40989971763769,75.73999786376953,83.3539,111.1834,2026-11-10,79.62104253834877,5.124167921895008,78.08691143568213,3.09864488791496,,,75.73999786376953,75.76087233528203,74.37766698201497,89.61487881958958,79.77954722176271,2026-09-29,75.73999786376953,75.73999786376953,0.5493827552598374,0.5493827552598374,1016300.0,751,2.242144,0.0,3.8247361666666655,31.0511,20.0,7.6431,14.7659,4.3732,22.1666,2.313324,2.242262,7.259095,2.242144,6.508151,2.383441,Potential Opportunity,5.124167921895008,79.62104253834877,79.62104253834877,Weighted Ensemble,Adaptive Momentum,Constrained dynamic ensemble excluding XGBoost,2026-07-03,2026-05-22,88.91999816894531,74.00372037597484,108.11322556161748,88.91999816894531,88.68666712443034,89.13486480260967,77.24811458656423,87.26092355652831,92.48715778949224,89.44708443211906,0.5927645906742991,2026-07-07,2026-05-26,94.41999816894533,137.50576252157845,109.58971824085036,109.66454619783973,16.14546528757327,naive,1.7826666090223524,2.8897324553449613,2.2421436220007323,2026-11-10,2026-09-29,75.73999786376953,62.55208990035123,101.34769957315126,75.73999786376953,74.37766698201497,75.76087233528203,79.77954722176271,89.61487881958958,78.08691143568213,79.62104253834877,5.124167921895008
RCL,Royal Caribbean Cruises Ltd.,Consumer Cyclical,Travel Services,2010-01-04,2026-09-29,4106,260.6700134277344,2026-11-10,High,1144.5828292180154,0.1074897799800941,41.049807909185695,33.31223151038302,44.43177867733092,Medium Risk,Above-Sector Volatility,17934000000.0,4268000000.0,7083000000.0,15.75,23.79837180773949,7.711563868993811,208.60629843742257,39.49481431917029,15.26265613329852,158.76763503178518,Above-Sector Profitability,276.7632986525869,6.173815320462276,Positive Forecast,Potential Opportunity,Weighted Ensemble,High volatility risk without a strong enough positive signal,263.760009765625,0.0,263.760009765625,271.54566752115886,269.75030335925874,361.16882516421606,260.6700134277344,219.5026,309.0738,2026-11-10,276.7632986525869,6.173815320462276,274.33674933695426,5.242926000388884,,,260.6700134277344,271.7940495794085,264.945334370931,297.9870877337092,278.8867816570071,2026-09-29,260.6700134277344,260.6700134277344,0.410498079091857,0.410498079091857,2575883.333333333,751,1.946169,0.0,4.039026833333334,32.5694,20.0,6.8337,14.748,2.7273,23.1216,2.008497,1.969193,7.272242,1.946169,8.968247,2.069813,Potential Opportunity,6.173815320462276,276.7632986525869,276.7632986525869,Weighted Ensemble,Adaptive Momentum,Constrained dynamic ensemble excluding XGBoost,2026-07-03,2026-05-22,256.1000061035156,191.52449359084432,313.0963463713359,256.1000061035156,266.32033386230466,268.42284704781986,271.2571097354862,206.3021499693897,242.55588345847585,244.87878467501773,-4.381577962150567,2026-07-07,2026-05-26,267.7099914550781,280.87578589600247,276.0656590581738,275.6058081945516,2.9493918760960285,naive,5.5342222425672745,7.26659411919001,1.9461687686210072,2026-11-10,2026-09-29,260.6700134277344,231.10668544902072,331.439669658356,260.6700134277344,264.945334370931,271.7940495794085,278.8867816570071,297.9870877337092,274.33674933695426,276.7632986525869,6.173815320462276
RL,Ralph Lauren Corporation,Consumer Cyclical,Apparel Manufacturing,2010-01-04,2026-09-29,4106,355.9200134277344,2026-11-10,High,471.6448715975727,0.067884810543172,38.19356034546712,33.31223151038302,7.267598305689294,Medium Risk,Near-Sector Volatility,7079000000.0,742900000.0,1272200000.0,11.86,10.49442011583557,7.711563868993811,36.086795027801024,17.971464896171778,15.26265613329852,17.747951203352173,Above-Sector Profitability,380.52641906509336,6.913465022768395,Positive Forecast,Potential Opportunity,Weighted Ensemble,Classified,358.6400146484375,0.0,358.6400146484375,359.9962900797526,374.9828516642253,406.1056953534275,355.9200134277344,308.1715,399.3579,2026-11-10,380.52641906509336,6.913465022768395,371.85305510972194,4.476579310205771,,,355.9200134277344,372.2521144421113,350.3270009358724,425.9719113730313,383.60543261163633,2026-09-29,355.9200134277344,355.9200134277344,0.3819356034546712,0.3819356034546712,664800.0,751,1.677,0.0,2.9771355,28.5223,20.0,8.5651,15.709,4.2062,22.9973,1.772796,1.702,5.097308,1.677,5.786222,1.827487,Potential Opportunity,6.913465022768395,380.52641906509336,380.52641906509336,Weighted Ensemble,Adaptive Momentum,Constrained dynamic ensemble excluding XGBoost,2026-07-03,2026-05-22,377.7799987792969,338.3338455365694,490.0424392930212,377.7799987792969,359.5696665445964,397.1368023172523,391.3765429667566,442.2522437115363,415.8490819370938,407.1829354996704,7.783084550633143,2026-07-07,2026-05-26,381.7799987792969,526.0057741454309,436.3252782778569,434.8979783582161,13.913243163276906,naive,6.289779663085932,8.834412957307554,1.6770003932941904,2026-11-10,2026-09-29,355.9200134277344,321.76341570616125,450.0211911559788,355.9200134277344,350.3270009358724,372.2521144421113,383.60543261163633,425.9719113730313,371.85305510972194,380.52641906509336,6.913465022768395
ROL,"Rollins, Inc.",Consumer Cyclical,Personal Services,2010-01-04,2026-09-29,4106,30.5,2026-11-10,High,1714.3497749493845,0.0824838588562575,32.06620230774488,33.31223151038302,-26.73454784993059,Low Risk,Below-Sector Volatility,3761050000.0,526705000.0,854228000.0,1.09,14.004200954520678,7.711563868993811,81.60001255812614,22.71248720437112,15.26265613329852,48.81084266073004,Above-Sector Profitability,27.39864015439209,-10.168392936419377,Negative Forecast,Weak Fundamentals / Negative Forecast,Weighted Ensemble,Classified,56.1148354185339,0.6905362990464676,55.72999954223633,54.45466702779134,55.73663620721726,66.3457958417952,30.5,50.4983,62.3873,2026-11-10,27.39864015439209,-10.168392936419377,26.79399769389993,-12.150827233114988,,,30.5,30.277715217524584,34.46966667175293,22.47015963638543,34.04600109960672,2026-09-29,30.5,30.5,0.3206620230774488,0.3206620230774488,6251856.666666667,751,1.506659,0.573034,6.043188,32.9698,20.0,5.4052,14.8422,0.8725,25.9102,1.506659,1.525312,9.070656,1.519594,21.070674,1.566233,Weak Fundamentals / Negative Forecast,-10.168392936419377,27.39864015439209,27.39864015439209,Weighted Ensemble,Adaptive Momentum,Constrained dynamic ensemble excluding XGBoost,2026-07-03,2026-05-22,53.459999084472656,47.25822043272551,59.85276262120253,53.459999084472656,54.45633354187011,54.09084244558274,57.33986544389987,52.3651804161164,52.51603580041792,53.18397361480602,-0.5163215009234935,2026-07-07,2026-05-26,53.15999984741211,54.008923162980544,51.9699828793044,53.319639136590126,0.3002996419041344,adaptive_blended_momentum,0.6137907460178543,0.8675081282856563,1.5066587377081802,2026-11-10,2026-09-29,30.5,23.79949929192746,31.54207040668672,30.5,34.46966667175293,30.277715217524584,34.04600109960672,22.47015963638543,26.79399769389993,27.39864015439209,-10.168392936419377
ROST,"Ross Stores, Inc.",Consumer Cyclical,Apparel Retail,2010-01-04,2026-09-29,4106,234.3999938964844,2026-11-10,High,2413.270224262865,0.095012162737934,30.10954150647146,33.31223151038302,-13.786741069925815,Low Risk,Near-Sector Volatility,22750559000.0,2145044000.0,3389490000.0,6.66,9.428533162635697,7.711563868993811,22.26486511439491,14.8984910656481,15.26265613329852,-2.3859875009299327,Above-Sector Profitability,244.76289754590644,4.421034095247672,Positive Forecast,Needs Further Review,Weighted Ensemble,Positive adaptive forecast with manageable risk and no weak fundamentals flag,229.3884817395228,0.7017377850229178,227.7899932861328,220.746999613444,238.31387474423363,172.1661766144481,234.3999938964844,216.3253,255.8118,2026-11-10,244.76289754590644,4.421034095247672,242.03627376714687,3.257798664463639,,,234.3999938964844,241.21717802030955,231.87433268229168,260.6195961118869,262.9158035998815,2026-09-29,234.3999938964844,234.3999938964844,0.3010954150647146,0.3010954150647146,2470193.333333333,751,1.34217,0.52809,2.6023848333333333,31.7568,20.0,7.7535,14.9582,3.3103,22.2212,1.403358,1.34217,4.433724,1.342352,5.643646,1.449059,Needs Further Review,4.421034095247672,244.76289754590644,244.76289754590644,Weighted Ensemble,Adaptive Momentum,Constrained dynamic ensemble excluding XGBoost,2026-07-03,2026-05-22,234.8099975585937,219.5218171069645,280.438538328666,234.8099975585937,222.70799865722657,242.7633450292818,238.98620573972312,264.0200068088122,253.17261736213155,248.11766869920783,5.667421012298827,2026-07-07,2026-05-26,234.67999267578125,307.1274888181498,261.2706016340368,260.47738449286834,10.992582504775813,drift,3.10338297525834,4.342636331499999,1.3421701767387502,2026-11-10,2026-09-29,234.3999938964844,214.44524321223787,279.36677502226377,234.3999938964844,231.87433268229168,241.21717802030955,262.9158035998815,260.6195961118869,242.03627376714692,244.76289754590644,4.421034095247672
SBUX,Starbucks Corporation,Consumer Cyclical,Restaurants,2010-01-04,2026-09-29,4106,95.43000030517578,2026-11-10,High,1131.6583551728663,0.0767270732346328,22.253922327893,33.31223151038302,-15.77264113886234,Low Risk,Near-Sector Volatility,37184400000.0,1856400000.0,5713400000.0,1.63,4.9924161745248,7.711563868993811,-35.260651933416455,15.365045556738846,15.26265613329852,0.6708493105400178,Below-Sector Profitability,94.92639983810236,-0.5277171387016252,Neutral Forecast,Stable Watchlist,Weighted Ensemble,Positive adaptive forecast with manageable risk and no weak fundamentals flag,106.03727187134604,0.6714801367095873,105.33000183105467,95.86266657511392,108.03932698567706,73.98843774008486,95.43000030517578,102.9351,130.0213,2026-11-10,94.92639983810236,-0.5277171387016252,92.8846678854946,-2.667224574600717,,,95.43000030517578,95.60615840045617,101.239333597819,92.06150555291076,110.4912871026948,2026-09-29,95.43000030517578,95.43000030517578,0.22253922327893,0.22253922327893,6666376.666666667,751,1.15911,0.0,1.9976848333333328,29.6154,20.0,8.2213,14.0941,3.7053,24.3638,1.169827,1.161663,3.335804,1.15911,3.977426,1.182279,Stable Watchlist,-0.5277171387016252,94.92639983810236,94.92639983810236,Weighted Ensemble,Adaptive Momentum,Constrained dynamic ensemble excluding XGBoost,2026-07-03,2026-05-22,103.11000061035156,88.63969778441206,115.69653041482243,103.11000061035156,102.75933329264323,103.22207844054618,98.80074681009522,97.83722707597794,101.51094592799711,101.2684822176915,-1.7859745725529432,2026-07-07,2026-05-26,101.41999816894533,89.49041078170987,97.66724016853745,97.55530455687584,-3.810583397597455,naive,1.1892216152615007,1.4385384492898454,1.1591096436504922,2026-11-10,2026-09-29,95.43000030517578,86.0877163883918,104.67255683225837,95.43000030517578,101.239333597819,95.60615840045617,110.4912871026948,92.06150555291076,92.8846678854946,94.92639983810236,-0.5277171387016252
TJX,"The TJX Companies, Inc.",Consumer Cyclical,Apparel Retail,2010-01-04,2026-09-29,4106,133.8000030517578,2026-11-10,High,2054.9604818405787,0.0866515913921517,24.240722252624593,33.31223151038302,-26.803178829760576,Low Risk,Below-Sector Volatility,60372000000.0,5494000000.0,8620000000.0,4.93,9.100245146756777,7.711563868993811,18.007777687564637,14.27814218511893,15.26265613329852,-6.450475851524133,Above-Sector Profitability,144.07791847772592,7.681550965280846,Positive Forecast,Potential Opportunity,Weighted Ensemble,Classified,156.75,0.0,156.75,158.72366638183593,160.352720896403,162.3797587232549,133.8000030517578,145.4706,166.4388,2026-11-10,144.07791847772592,7.681550965280846,139.87442184998076,4.539924259847128,,,133.8000030517578,136.0195522293596,132.64900029500325,165.68011309340534,149.37804889204088,2026-09-29,133.8000030517578,133.8000030517578,0.2424072225262459,0.2424072225262459,9231110.0,751,1.106142,0.011236,3.2427111666666666,32.8194,20.0,6.2376,15.2605,1.6893,23.9932,1.152843,1.113782,5.565128,1.106142,9.330873,1.187499,Potential Opportunity,7.681550965280846,144.07791847772592,144.07791847772592,Weighted Ensemble,Adaptive Momentum,Constrained dynamic ensemble excluding XGBoost,2026-07-03,2026-05-22,158.27000427246094,150.2163904288024,181.0998421761504,158.27000427246094,155.49533335367838,162.8439910429842,169.15433834006097,173.9635059344695,166.13779323189783,164.93685033650638,4.212324435506115,2026-07-07,2026-05-26,158.97000122070312,193.4145258142925,169.43637225538404,170.26858549280726,7.107368802506299,naive,1.6430004543728298,2.2960803601890363,1.106141829313042,2026-11-10,2026-09-29,133.8000030517578,129.5275340871652,160.26281005940322,133.8000030517578,132.64900029500325,136.0195522293596,149.37804889204088,165.68011309340534,139.87442184998076,144.07791847772592,7.681550965280846
TPR,"Tapestry, Inc.",Consumer Cyclical,Luxury Goods,2010-01-04,2026-09-29,4106,114.12000274658205,2026-11-10,High,514.3726037783044,0.0762893465352118,44.04618208977207,33.31223151038302,19.936321367959163,Medium Risk,Near-Sector Volatility,7010700000.0,183200000.0,1501300000.0,0.84,2.6131484730483403,7.711563868993811,-66.11389703254447,21.41440940277005,15.26265613329852,40.305915403874295,Below-Sector Profitability,113.29950998402605,-0.718973661767274,Neutral Forecast,Stable Watchlist,Weighted Ensemble,Classified,145.0399932861328,0.0,145.0399932861328,145.9279998779297,154.0875660124279,145.53820156536017,114.12000274658205,124.5201,164.2423,2026-11-10,113.29950998402605,-0.718973661767274,110.61233329973427,-3.0736675100131188,,,114.12000274658205,120.61845337361645,120.6009999593099,105.60029806502916,147.1519705284235,2026-09-29,114.12000274658205,114.12000274658205,0.4404618208977207,0.4404618208977207,3322183.333333333,751,1.762019,0.011236,4.6625775,32.6339,20.0,6.7532,15.3858,1.7716,23.4556,1.844968,1.772802,7.335539,1.762019,13.376602,1.883535,Stable Watchlist,-0.718973661767274,113.29950998402605,113.29950998402605,Weighted Ensemble,Adaptive Momentum,Constrained dynamic ensemble excluding XGBoost,2026-07-03,2026-05-22,138.49000549316406,120.95828743145954,177.0768605324676,138.49000549316406,141.61800028483074,145.24956582555757,161.3341582968357,154.6767996595806,144.1525201597215,146.35202012185104,5.676954521512421,2026-07-07,2026-05-26,140.6199951171875,164.9327869370896,148.29500577999912,150.57999081735528,7.082915691945152,naive,2.4078887091742605,3.871605924162576,1.762018970424106,2026-11-10,2026-09-29,114.12000274658205,93.37205870739656,137.47987503250303,114.12000274658205,120.6009999593099,120.61845337361645,147.1519705284235,105.60029806502916,110.61233329973427,113.29950998402605,-0.718973661767274
TSCO,Tractor Supply Company,Consumer Cyclical,Specialty Retail,2010-01-04,2026-09-29,4106,31.51000022888184,2026-11-10,High,1516.2617688606151,0.0845801683759311,32.14492795468421,33.31223151038302,-12.77378379257426,Low Risk,Near-Sector Volatility,15524046000.0,1096087000.0,1961400000.0,2.07,7.06057557417699,7.711563868993811,-8.441715660740034,12.63459281169355,15.26265613329852,-17.218911955117214,Below-Sector Profitability,29.865560733099212,-5.218786048358523,Negative Forecast,Weak Fundamentals / Negative Forecast,Weighted Ensemble,Negative adaptive forecast plus below-sector profitability,35.099998474121094,0.0,35.099998474121094,42.93666623433431,33.44252795264835,57.46776933681693,31.51000022888184,24.8721,32.4852,2026-11-10,29.86556073309921,-5.218786048358523,29.58980960231851,-6.093908640480733,,,31.51000022888184,31.1890801108892,33.84066670735677,27.356967367943064,23.75100153279299,2026-09-29,31.51000022888184,31.51000022888184,0.3214492795468421,0.3214492795468421,8833400.0,751,1.630497,0.0,4.862626333333334,30.7924,20.0,7.626,14.5477,1.2201,25.8138,1.675391,1.631557,5.309934,1.630497,17.267004,1.661375,Weak Fundamentals / Negative Forecast,-5.218786048358523,29.86556073309921,29.865560733099212,Weighted Ensemble,Adaptive Momentum,Constrained dynamic ensemble excluding XGBoost,2026-07-03,2026-05-22,31.6200008392334,27.37774481262916,38.64627924464496,31.6200008392334,35.585333251953124,31.21424767978842,40.75133653799389,34.71811106427999,31.115808289704493,32.52764933279834,2.870488518263262,2026-07-07,2026-05-26,29.799999237060547,28.48976551963488,27.29895605302868,28.942046645567512,-2.879035615631992,naive,0.5195557064480255,0.6403559911951705,1.6304973132096892,2026-11-10,2026-09-29,31.51000022888184,25.93339220516269,34.393947033464926,31.51000022888184,33.84066670735677,31.189080110889197,23.75100153279299,27.356967367943064,29.58980960231851,29.865560733099212,-5.218786048358523
UA,"Under Armour, Inc.",Consumer Cyclical,Apparel Manufacturing,2016-03-23,2026-09-29,2541,4.21999979019165,2026-11-10,Moderate,-85.26967425736423,-0.0252388106232373,47.09759155637503,33.31223151038302,49.86957146924448,Medium Risk,Above-Sector Volatility,5164310000.0,-201267000.0,66526000.0,-0.47,-3.8972679796526544,7.711563868993811,-150.53797188041912,1.28818757975412,15.26265613329852,-91.5598728785897,Below-Sector Profitability,3.7400492010864808,-11.37323727410358,Negative Forecast,Weak Fundamentals / Negative Forecast,Weighted Ensemble,High volatility risk without a strong enough positive signal,6.070000171661377,0.0,6.070000171661377,5.967333348592122,6.131904931295486,2.7123614504649893,4.21999979019165,4.8797,7.5468,2026-11-10,3.7400492010864808,-11.37323727410358,3.63175299994928,-13.939498092146952,,,4.21999979019165,4.15475486107522,4.8473333040873205,2.849800798733731,6.162382745328592,2026-09-29,4.21999979019165,4.21999979019165,0.4709759155637503,0.4709759155637503,2478298.1,751,2.37942,0.539326,6.02523,31.5768,20.0,6.024,14.655,1.8478,25.8964,2.411978,2.37942,11.120446,2.382062,15.420354,2.43712,Weak Fundamentals / Negative Forecast,-11.37323727410358,3.7400492010864808,3.7400492010864808,Weighted Ensemble,Adaptive Momentum,Constrained dynamic ensemble excluding XGBoost,2026-07-03,2026-05-22,5.400000095367432,3.602345433013076,6.388243860076472,5.400000095367432,5.814666652679444,5.350253407805146,5.65307963099072,3.482851983637507,4.979837332141003,4.797151352033861,-11.163865420127385,2026-07-07,2026-05-26,5.53000020980835,4.600113926308881,5.484511496038434,5.289029287296627,-4.357521037419168,drift,0.1364632908517909,0.1724012843940843,2.379420062145514,2026-11-10,2026-09-29,4.21999979019165,3.041208106029787,4.599477424387287,4.21999979019165,4.8473333040873205,4.15475486107522,6.162382745328592,2.849800798733731,3.63175299994928,3.7400492010864808,-11.37323727410358
UAA,"Under Armour, Inc.",Consumer Cyclical,Apparel Manufacturing,2010-01-04,2026-09-29,4106,4.269999980926514,2026-11-10,Moderate,79.20227860236719,0.0588894294556383,47.19469466250127,33.31223151038302,42.22948356015712,Medium Risk,Above-Sector Volatility,5164310000.0,-201267000.0,66526000.0,-0.47,-3.8972679796526544,7.711563868993811,-150.53797188041912,1.28818757975412,15.26265613329852,-91.5598728785897,Below-Sector Profitability,3.7251144347835776,-12.760785680956973,Negative Forecast,Weak Fundamentals / Negative Forecast,Weighted Ensemble,High volatility risk without a strong enough positive signal,6.289999961853027,0.0,6.289999961853027,6.130333312352499,6.347142821266537,2.4347854869367964,4.269999980926514,5.0925,7.9027,2026-11-10,3.7251144347835776,-12.760785680956973,3.606540628567704,-15.53768982019646,,,4.269999980926514,4.193744774714913,4.958333349227905,2.724372280532696,6.290402697291,2026-09-29,4.269999980926514,4.269999980926514,0.4719469466250127,0.4719469466250127,8632270.0,751,2.404355,0.47191,6.051941333333333,31.5416,20.0,6.0793,14.5862,1.8889,25.904,2.429762,2.404355,11.126793,2.406748,15.47599,2.468,Weak Fundamentals / Negative Forecast,-12.760785680956973,3.7251144347835776,3.7251144347835776,Weighted Ensemble,Adaptive Momentum,Constrained dynamic ensemble excluding XGBoost,2026-07-03,2026-05-22,5.5,3.6336611610781215,6.485877288827302,5.5,5.983999999364217,5.435569672438978,5.740465719589292,3.506954833919753,5.01651480341642,4.854634939923952,-11.733910183200877,2026-07-07,2026-05-26,5.659999847412109,4.611559513700933,5.591965256719757,5.377677239697509,-4.9880320728928105,drift,0.14126266808655638,0.17718582865040491,2.4043547799799327,2026-11-10,2026-09-29,4.269999980926514,3.027772456408504,4.583064861054003,4.269999980926514,4.958333349227905,4.193744774714913,6.290402697291,2.724372280532696,3.606540628567704,3.7251144347835776,-12.760785680956973
ULTA,"Ulta Beauty, Inc.",Consumer Cyclical,Specialty Retail,2010-01-04,2026-09-29,4106,547.8900146484375,2026-11-10,High,2783.257471501933,0.1114961800966439,34.12878073722397,33.31223151038302,15.719063185662918,Low Risk,Near-Sector Volatility,12392820000.0,1153479000.0,1865406000.0,0.0,9.307639423472622,7.711563868993811,20.697170918809544,15.052312548717724,15.26265613329852,-1.378158445972507,Above-Sector Profitability,552.4626321329227,0.834586753222605,Neutral Forecast,Stable Watchlist,Weighted Ensemble,Classified,537.47998046875,0.0,537.47998046875,536.2599955240886,555.0073590959821,669.2396958837935,547.8900146484375,455.3097,608.5023,2026-11-10,552.4626321329227,0.834586753222605,555.5249238182699,1.3935112825028402,,,547.8900146484375,554.665398054955,541.3973307291667,558.7411385831208,500.0364892274108,2026-09-29,547.8900146484375,547.8900146484375,0.3412878073722397,0.3412878073722397,636890.0,751,1.742032,0.0,4.045958166666667,31.0055,20.0,9.2233,15.4383,2.0292,22.3036,1.825582,1.743337,4.663337,1.742032,12.439253,1.862208,Stable Watchlist,0.834586753222605,552.4626321329227,552.4626321329227,Weighted Ensemble,Adaptive Momentum,Constrained dynamic ensemble excluding XGBoost,2026-07-03,2026-05-22,515.0399780273438,431.9304087194174,604.192698799467,515.0399780273438,526.927665201823,516.4635430269983,624.8009138321547,495.9077900576264,509.3860536527952,510.8514454689755,-0.813244162989204,2026-07-07,2026-05-26,516.0399780273438,528.4140739929885,523.9582116886443,524.8536189601343,1.7079376226784435,naive,8.822556559244793,10.847470020499259,1.7420322397603263,2026-11-10,2026-09-29,547.8900146484375,475.56258507448905,641.7976718152253,547.8900146484375,541.3973307291667,554.665398054955,500.0364892274108,558.7411385831208,555.5249238182699,552.4626321329227,0.834586753222605
VFC,V.F. Corporation,Consumer Cyclical,Apparel Manufacturing,2010-01-04,2026-09-29,4106,14.5,2026-11-10,Moderate,68.42960940064155,0.0416325963824106,50.143271495863374,33.31223151038302,14.544150177707795,Medium Risk,Near-Sector Volatility,9504691000.0,69324000.0,668155000.0,-0.49,0.7293661624559915,7.711563868993811,-90.54191633698862,7.029739315039279,15.26265613329852,-53.94157312040526,Below-Sector Profitability,16.722001879904077,15.324150895890188,Positive Forecast,Potential Opportunity,Weighted Ensemble,Negative adaptive forecast plus below-sector profitability,18.93000030517578,0.0,18.93000030517578,18.33900000254313,19.822452931177047,8.99238385178839,14.5,15.5817,21.2705,2026-11-10,16.722001879904077,15.324150895890188,16.165768046541366,11.488055493388732,,,14.5,14.422112093599376,13.523666699727375,21.52956987196588,15.634750894432996,2026-09-29,14.5,14.5,0.5014327149586337,0.5014327149586337,6998333.333333333,751,2.151676,0.0,6.1182618333333325,30.7778,20.0,7.8215,14.6806,1.3071,25.413,2.211314,2.152097,6.749509,2.151676,21.206988,2.237987,Potential Opportunity,15.324150895890188,16.722001879904077,16.722001879904077,Weighted Ensemble,Adaptive Momentum,Constrained dynamic ensemble excluding XGBoost,2026-07-03,2026-05-22,16.700000762939453,12.319523380530311,18.347108738610203,16.700000762939453,18.670333290100096,16.615306092727216,21.14844028211046,11.375680113416518,15.038212675271303,15.034215479047798,-9.974761723294984,2026-07-07,2026-05-26,16.709999084472656,13.503251280938386,15.48899416479354,15.718678409740106,-5.932499874603287,naive,0.33566657172309006,0.5105672101665706,2.1516755130879095,2026-11-10,2026-09-29,14.5,13.41676895593759,20.841481864213463,14.5,13.523666699727375,14.422112093599376,15.634750894432996,21.52956987196588,16.165768046541366,16.722001879904077,15.324150895890188
WHR,Whirlpool Corporation,Consumer Cyclical,"Furnishings, Fixtures & Appliances",2010-01-04,2026-09-29,4106,30.670000076293945,2026-11-10,Moderate,18.007512726176557,0.0310707006737748,50.80742292259623,33.31223151038302,10.710403805985578,Medium Risk,Near-Sector Volatility,15524000000.0,318000000.0,1195000000.0,5.68,2.0484411234217985,7.711563868993811,-73.436761230001,7.697758309713991,15.26265613329852,-49.56475306470543,Below-Sector Profitability,27.807429448904976,-9.333454907949488,Negative Forecast,Weak Fundamentals / Negative Forecast,Weighted Ensemble,Classified,56.060001373291016,0.0,56.060001373291016,54.992666753133136,54.11984770638602,56.2518719313087,30.670000076293945,47.6417,67.5922,2026-11-10,27.807429448904976,-9.333454907949488,26.66969913400513,-13.04304184003184,,,30.670000076293945,28.93011500362465,36.44799989064534,24.55440615992298,24.584977490666816,2026-09-29,30.670000076293945,30.670000076293945,0.5080742292259623,0.5080742292259623,2620006.6666666665,751,2.465213,0.617978,5.222137666666667,30.9327,20.0,6.9998,14.5577,2.4329,25.0768,2.506952,2.465213,8.76784,2.500964,12.491585,2.600272,Weak Fundamentals / Negative Forecast,-9.333454907949488,27.807429448904976,27.807429448904976,Weighted Ensemble,Adaptive Momentum,Constrained dynamic ensemble excluding XGBoost,2026-07-03,2026-05-22,42.66999816894531,31.626778797975582,51.488147060318,42.66999816894531,50.17866668701172,40.78106708662178,49.74177101291964,36.476370284834495,40.08001225988113,40.35349102363158,-5.428889722802146,2026-07-07,2026-05-26,42.65999984741211,47.77404732054945,42.60035734452566,44.09564975984757,3.365330327169585,drift,0.962740299508503,1.262951344551065,2.465213048844172,2026-11-10,2026-09-29,30.670000076293945,22.24609327321521,34.759052884437985,30.670000076293945,36.44799989064534,28.93011500362465,24.584977490666816,24.55440615992298,26.66969913400513,27.807429448904976,-9.333454907949488
WYNN,"Wynn Resorts, Limited",Consumer Cyclical,Resorts & Casinos,2010-01-04,2026-09-29,4106,78.2300033569336,2026-11-10,High,163.17288437430437,0.0636112496297264,27.013161174104834,33.31223151038302,35.11505878566629,Low Risk,Above-Sector Volatility,7137924000.0,327334000.0,1883411000.0,3.16,4.585843166724667,7.711563868993811,-40.532902993086175,26.385977211301213,15.26265613329852,72.87932703754596,Below-Sector Profitability,71.12774567400112,-9.0786876878013,Negative Forecast,Weak Fundamentals / Negative Forecast,Weighted Ensemble,High volatility risk without a strong enough positive signal,107.11000061035156,0.0,107.11000061035156,103.8046661376953,110.24079440888904,156.2768832481247,78.2300033569336,95.6042,124.2173,2026-11-10,71.12774567400112,-9.0786876878013,69.2901191258997,-11.427692505961716,,,78.2300033569336,77.70307696804015,89.70699996948242,57.44944673881441,84.3132052909911,2026-09-29,78.2300033569336,78.2300033569336,0.2701316117410483,0.2701316117410483,2010650.0,751,1.346427,0.539326,2.6713145,30.9809,20.0,6.6992,14.203,3.1522,24.9648,1.346427,1.349374,5.33462,1.348771,5.268923,1.379772,Weak Fundamentals / Negative Forecast,-9.0786876878013,71.12774567400112,71.12774567400112,Weighted Ensemble,Adaptive Momentum,Constrained dynamic ensemble excluding XGBoost,2026-07-03,2026-05-22,97.23999786376952,79.9807582113756,109.60390977709892,97.23999786376952,102.97466634114583,97.05934024250358,112.36843888544396,83.21957074342833,93.67051573525475,93.6280075987072,-3.714510843698906,2026-07-07,2026-05-26,97.87000274658205,93.50449662231664,96.5326445976413,97.09506036189792,-0.7918078705798357,adaptive_blended_momentum,1.3161884106686725,1.6834549532031131,1.346427116505745,2026-11-10,2026-09-29,78.2300033569336,63.17070584006699,80.08706151667752,78.2300033569336,89.70699996948242,77.70307696804015,84.3132052909911,57.44944673881441,69.2901191258997,71.12774567400112,-9.0786876878013
YUM,"Yum! Brands, Inc.",Consumer Cyclical,Restaurants,2010-01-04,2026-09-29,4106,137.72999572753906,2026-11-10,High,766.0259375580374,0.063688232392064,28.00515992135914,33.31223151038302,-29.022496622306218,Low Risk,Below-Sector Volatility,8214000000.0,1559000000.0,2784000000.0,5.59,18.979790601412223,7.711563868993811,146.12116198278557,33.89335281227173,15.26265613329852,122.06719797825126,Above-Sector Profitability,135.32791525792186,-1.7440503478770588,Neutral Forecast,Stable Watchlist,Weighted Ensemble,Classified,160.6820173693342,0.6464287580987844,159.64999389648438,158.58733164469402,161.40571921212333,154.67641539643023,137.72999572753906,149.1469,172.0276,2026-11-10,135.32791525792186,-1.7440503478770588,132.15837619934206,-4.045320337640119,,,137.72999572753906,138.2626698157617,145.94966786702474,128.99823396358246,152.5697754039409,2026-09-29,137.72999572753906,137.72999572753906,0.2800515992135914,0.2800515992135914,2347573.333333333,751,1.411789,0.0,2.5217656666666666,31.7346,20.0,8.5642,14.7313,3.1219,21.848,1.437706,1.415942,3.720229,1.411789,5.625962,1.518966,Stable Watchlist,-1.7440503478770588,135.32791525792186,135.32791525792186,Weighted Ensemble,Adaptive Momentum,Constrained dynamic ensemble excluding XGBoost,2026-07-03,2026-05-22,155.14999389648438,144.19592979682375,174.74348671280393,155.14999389648438,156.42233327229818,156.1794005201714,161.83402993665956,165.16003424846332,158.04831240224348,158.73657279433647,2.31168484624308,2026-07-07,2026-05-26,154.00999450683594,165.7316393853958,155.55927483477888,157.7026891082244,2.397698028113729,naive,2.1255560980902777,2.641631021798592,1.4117892587274543,2026-11-10,2026-09-29,137.72999572753906,119.66633677277018,153.0392351094557,137.72999572753906,145.94966786702474,138.2626698157617,152.5697754039409,128.99823396358246,132.15837619934206,135.32791525792186,-1.7440503478770588
ADM,Archer-Daniels-Midland Company,Consumer Defensive,Farm Products,2010-01-04,2026-09-29,4106,79.4000015258789,2026-11-10,High,267.3856837157891,0.0454534172315817,27.28179395823453,21.96226000758387,19.0268556011436,Low Risk,Near-Sector Volatility,80269000000.0,1078000000.0,3444000000.0,2.245833,1.3429842155751286,5.871452257875744,-77.12688179021296,4.290572948460801,17.801047120418847,-75.89707549541139,Below-Sector Profitability,74.38957210576385,-6.310364387690857,Negative Forecast,Weak Fundamentals / Negative Forecast,Weighted Ensemble,Positive adaptive forecast with manageable risk and no weak fundamentals flag,74.93647372562906,0.5318926820929568,74.54000091552734,70.62666727701823,77.9194998059954,70.2756707903493,79.4000015258789,73.5061,89.0278,2026-11-10,74.38957210576385,-6.310364387690857,74.29583455205079,-6.428421757856653,,,79.4000015258789,79.6154172871426,83.00400009155274,61.17555500560027,89.48432160770759,2026-09-29,79.4000015258789,79.4000015258789,0.2728179395823453,0.2728179395823453,3707606.6666666665,751,1.323743,0.0,2.074811,29.9811,20.0,8.2587,13.9393,4.4132,23.4076,1.345847,1.325715,3.556976,1.323743,3.519051,1.377534,Weak Fundamentals / Negative Forecast,-6.310364387690857,74.38957210576385,74.38957210576385,Weighted Ensemble,Adaptive Momentum,Constrained dynamic ensemble excluding XGBoost,2026-07-03,2026-05-22,77.5199966430664,68.52031233224986,87.35663971061933,77.5199966430664,74.72466710408528,77.62020231968309,77.05845870207645,77.10148821142276,78.01387780821231,77.36733314046347,-0.1969343514111059,2026-07-07,2026-05-26,78.01000213623047,72.7678651904002,77.80666427173752,76.58260876182047,-1.8297568713269816,naive,1.0752220153808594,1.3920108745670319,1.3237428543483436,2026-11-10,2026-09-29,79.4000015258789,65.98973303563118,83.85862744876778,79.4000015258789,83.00400009155274,79.6154172871426,89.48432160770759,61.17555500560027,74.29583455205079,74.38957210576385,-6.310364387690857
CAG,"Conagra Brands, Inc.",Consumer Defensive,Packaged Foods,2010-01-04,2026-09-29,4106,14.130000114440918,2026-11-10,High,40.76825056058672,0.0192784006256169,32.30678462646505,21.96226000758387,6.72773637905658,Low Risk,Near-Sector Volatility,11612800000.0,1152400000.0,2067200000.0,2.41,9.923532653623589,5.871452257875744,69.01325630831003,17.801047120418847,17.801047120418847,0.0,Above-Sector Profitability,13.232999576807297,-6.348199082580934,Negative Forecast,Weak Fundamentals / Negative Forecast,Weighted Ensemble,Negative adaptive forecast but fundamentals are not clearly weak,14.350000381469728,0.0,14.350000381469728,15.000666650136312,13.324285280136838,11.345536813241978,14.130000114440918,12.2755,15.532,2026-11-10,13.232999576807297,-6.348199082580934,13.11029672682935,-7.216584425710135,,,14.130000114440918,13.773012538159572,15.392000102996828,11.764103147813389,13.190314540178978,2026-09-29,14.130000114440918,14.130000114440918,0.3230678462646505,0.3230678462646505,10885116.666666666,751,1.608136,0.022472,3.3137379999999994,30.4949,20.0,7.6613,14.5389,2.4311,24.8737,1.652178,1.610617,4.846238,1.608136,8.493466,1.671793,Weak Fundamentals / Negative Forecast,-6.348199082580934,13.232999576807297,13.232999576807297,Weighted Ensemble,Adaptive Momentum,Constrained dynamic ensemble excluding XGBoost,2026-07-03,2026-05-22,13.5600004196167,11.209059100033416,14.917736005825278,13.5600004196167,14.13466672897339,13.05336900766042,14.068119896207332,11.984290168127687,13.023496015956262,12.931116909532292,-4.63778385415554,2026-07-07,2026-05-26,13.149999618530272,11.062405737127351,12.17149043997984,12.280285361057784,-6.613796826632096,naive,0.2309999571906195,0.28981791754263353,1.6081359542235845,2026-11-10,2026-09-29,14.130000114440918,11.482547158801427,15.250299030172732,14.130000114440918,15.392000102996828,13.773012538159572,13.190314540178978,11.764103147813389,13.11029672682935,13.232999576807297,-6.348199082580934
CHD,"Church & Dwight Co., Inc.",Consumer Defensive,Household & Personal Products,2010-01-04,2026-09-29,4106,94.9499969482422,2026-11-10,High,698.2080573421653,0.0585575746672062,22.18206759180254,21.96226000758387,-8.917579224986532,Low Risk,Near-Sector Volatility,6203200000.0,736800000.0,1299500000.0,3.04,11.877740521021408,5.871452257875744,102.29646771101746,20.94886510188289,17.801047120418847,17.683330425283348,Above-Sector Profitability,95.61359086193389,0.6988877672670317,Neutral Forecast,Stable Watchlist,Weighted Ensemble,Positive adaptive forecast with manageable risk and no weak fundamentals flag,97.05999755859376,0.0,97.05999755859376,94.63600006103516,96.97923496791296,71.14367344170188,94.9499969482422,93.012,108.366,2026-11-10,95.61359086193389,0.6988877672670317,93.68066718047126,-1.336840240724663,,,94.9499969482422,95.08444026294184,97.52433395385742,96.28231004727677,103.0345209255309,2026-09-29,94.9499969482422,94.9499969482422,0.2218206759180254,0.2218206759180254,1762633.3333333333,751,1.104692,0.0,1.6289121666666668,27.3997,20.0,10.939,15.2399,5.1965,21.2249,1.178288,1.106306,2.219926,1.104692,2.949009,1.215252,Stable Watchlist,0.6988877672670317,95.61359086193389,95.61359086193389,Weighted Ensemble,Adaptive Momentum,Constrained dynamic ensemble excluding XGBoost,2026-07-03,2026-05-22,96.25,89.88149687891905,109.59093258681214,96.25,94.92966639200846,96.34414178865,93.02227008142847,105.19726028514714,98.88157235048703,99.24815900186454,3.1149703915475704,2026-07-07,2026-05-26,96.66999816894533,116.96547781348872,100.21036566038136,102.87669788944542,6.420502573769535,naive,1.0774443732367638,1.3568560970727535,1.104692444207831,2026-11-10,2026-09-29,94.9499969482422,86.73829035181996,105.39703653867868,94.9499969482422,97.52433395385742,95.08444026294184,103.0345209255309,96.28231004727677,93.68066718047126,95.61359086193389,0.6988877672670317
CL,Colgate-Palmolive Company,Consumer Defensive,Household & Personal Products,2010-01-04,2026-09-29,4106,86.45999908447266,2026-11-10,High,204.2019739280644,0.0337184428738909,22.51894737464292,21.96226000758387,-16.85843139394077,Low Risk,Near-Sector Volatility,20382000000.0,2132000000.0,4885000000.0,2.64,10.460209989206165,5.871452257875744,78.15370933443653,23.96722598371112,17.801047120418847,34.63941655555364,Above-Sector Profitability,86.38608538058378,-0.0854889020027196,Neutral Forecast,Stable Watchlist,Weighted Ensemble,Classified,85.77875600110889,0.4905756651395148,85.36000061035156,84.17112172444662,84.80120377313523,71.80469091870455,86.45999908447266,80.1685,95.4542,2026-11-10,86.38608538058378,-0.0854889020027196,85.1149626641512,-1.5556748028731109,,,86.45999908447266,87.15580572994479,88.70066655476889,84.86002366439399,94.90026121892257,2026-09-29,86.45999908447266,86.45999908447266,0.2251894737464292,0.2251894737464292,4955983.333333333,751,1.123415,0.0,1.7444133333333334,28.6471,20.0,10.1703,13.9722,3.782,23.4285,1.16953,1.126468,2.244555,1.123415,3.628462,1.17405,Stable Watchlist,-0.0854889020027196,86.38608538058378,86.38608538058378,Weighted Ensemble,Adaptive Momentum,Constrained dynamic ensemble excluding XGBoost,2026-07-03,2026-05-22,90.61000061035156,84.9243257839054,104.4364024784342,90.61000061035156,86.30666681925456,91.19836066913878,85.44798396224971,100.44678402936763,94.53134879498796,94.1763827494856,3.935969666825733,2026-07-07,2026-05-26,89.8499984741211,99.86517673457658,92.31444179398572,93.08274042468354,3.5979321151502828,naive,1.015444437662759,1.2723630309142266,1.123414952160308,2026-11-10,2026-09-29,86.45999908447266,78.2514652585016,95.36633879926924,86.45999908447266,88.70066655476889,87.15580572994479,94.90026121892257,84.86002366439399,85.1149626641512,86.38608538058378,-0.0854889020027196
CLX,The Clorox Company,Consumer Defensive,Household & Personal Products,2010-01-04,2026-09-29,4106,81.5999984741211,2026-11-10,High,158.41734660782078,0.0321880924247144,34.5418384920509,21.96226000758387,-2.870066928648566,Low Risk,Near-Sector Volatility,7104000000.0,810000000.0,1422000000.0,0.0,11.402027027027026,5.871452257875744,94.19432409984736,20.01689189189189,17.801047120418847,12.447833863275044,Above-Sector Profitability,76.23042695321524,-6.580357379061441,Negative Forecast,Weak Fundamentals / Negative Forecast,Weighted Ensemble,Negative adaptive forecast but fundamentals are not clearly weak,96.8720647461086,0.4480115032814075,96.44000244140624,101.20171229044595,91.8364021664574,76.28849426141221,81.5999984741211,82.86,102.29,2026-11-10,76.23042695321524,-6.580357379061441,73.16295247333548,-10.339517351169276,,,81.5999984741211,80.08563961492682,93.15700022379558,66.95898828382377,89.16957455538358,2026-09-29,81.5999984741211,81.5999984741211,0.345418384920509,0.345418384920509,3140586.6666666665,751,1.681646,0.550562,3.082683166666667,30.4021,20.0,7.1931,14.1506,3.6187,24.6355,1.693832,1.681646,5.876333,1.683986,5.845149,1.715153,Weak Fundamentals / Negative Forecast,-6.580357379061441,76.23042695321524,76.23042695321524,Weighted Ensemble,Adaptive Momentum,Constrained dynamic ensemble excluding XGBoost,2026-07-03,2026-05-22,95.11000061035156,83.89751117383308,113.8592866961306,95.11000061035156,95.09000040690104,93.15097687401156,95.03131213422915,104.53874639620838,97.5503008180924,97.7369468411679,2.762008425989257,2026-07-07,2026-05-26,96.2300033569336,122.0496950121548,100.84532299821286,103.34455734586356,7.393280412285624,drift,1.5948386261228067,2.0587384785406306,1.68164642639968,2026-11-10,2026-09-29,81.5999984741211,65.5006004197361,88.71793474000796,81.5999984741211,93.15700022379558,80.08563961492682,89.16957455538358,66.95898828382377,73.16295247333548,76.23042695321524,-6.580357379061441
COST,Costco Wholesale Corporation,Consumer Defensive,Discount Stores,2010-01-04,2026-09-29,4106,924.5900268554688,2026-11-10,High,2309.5599256637065,0.0857231908805428,20.897250174637,21.96226000758387,-7.643865622342306,Low Risk,Near-Sector Volatility,275235000000.0,8099000000.0,13398000000.0,18.24,2.9425763438516177,5.871452257875744,-49.88333014367005,4.86784020927571,17.801047120418847,-72.6541917655394,Below-Sector Profitability,952.6347342629476,3.03320461965818,Positive Forecast,Needs Further Review,Weighted Ensemble,Classified,1021.6366723603076,0.7004862210296379,1014.530029296875,996.256005859375,1017.8913806733632,890.0357439807642,924.5900268554688,969.0456,1106.0993,2026-11-10,952.6347342629476,3.03320461965818,945.1166067613742,2.220073687763686,,,924.5900268554688,942.5671499788268,923.7749938964844,997.9676521680212,973.405141331524,2026-09-29,924.5900268554688,924.5900268554688,0.20897250174637,0.20897250174637,2223296.6666666665,751,0.983363,0.0,1.8940056666666667,28.7023,20.0,9.1193,15.696,3.2574,23.2249,1.040899,0.997368,2.797337,0.983363,4.473601,1.071466,Needs Further Review,3.03320461965818,952.6347342629476,952.6347342629476,Weighted Ensemble,Adaptive Momentum,Constrained dynamic ensemble excluding XGBoost,2026-07-03,2026-05-22,1028.239990234375,961.2465604183652,1142.975667297271,1028.239990234375,1016.373992919922,1059.5428542523634,979.9841936140384,1088.8691276264788,1034.156144137069,1048.1800555397854,1.93924234563813,2026-07-07,2026-05-26,1002.9299926757812,1013.3820932079562,974.0468737166988,1002.625758319145,-0.0303345556377825,naive,9.3411126030816,12.600787967993906,0.983362844516187,2026-11-10,2026-09-29,924.5900268554688,869.0969513251329,1044.2021865805998,924.5900268554688,923.7749938964844,942.5671499788268,973.405141331524,997.9676521680212,945.1166067613742,952.6347342629476,3.03320461965818
COTY,Coty Inc.,Consumer Defensive,Household & Personal Products,2013-06-13,2026-09-29,3240,2.690000057220459,2026-11-10,Moderate,-83.14294323703834,-0.005620271392097,56.48350182506372,21.96226000758387,127.37561780459605,High Risk,Above-Sector Volatility,5892900000.0,-367900000.0,595500000.0,0.0,-6.243106110743437,5.871452257875744,-206.32984543762868,10.105381051774168,17.801047120418847,-43.23153585620981,Below-Sector Profitability,2.685355612501516,-0.1726559338345279,Neutral Forecast,Stable Watchlist,Weighted Ensemble,Positive adaptive forecast but high volatility risk,2.4600000381469727,0.0,2.4600000381469727,2.209666649500529,2.155238140197027,1.571612148461185,2.690000057220459,2.2148,3.2119,2026-11-10,2.685355612501516,-0.1726559338345279,2.7061834231589903,0.601612103876807,,,2.690000057220459,2.5450845228066528,2.7220000346501667,2.8136591689589125,1.855132313264712,2026-09-29,2.690000057220459,2.690000057220459,0.5648350182506372,0.5648350182506372,6326980.0,751,2.758924,0.044944,7.897143833333334,32.3948,20.0,7.7217,16.0364,1.3421,22.5051,2.867656,2.78311,9.065465,2.758924,26.96792,2.939788,Stable Watchlist,-0.1726559338345279,2.685355612501516,2.685355612501516,Weighted Ensemble,Adaptive Momentum,Constrained dynamic ensemble excluding XGBoost,2026-07-03,2026-05-22,2.0299999713897705,1.375857739437834,2.1727133543067607,2.0299999713897705,2.2983333230018617,1.897935095707337,1.479922031095272,1.294385129549512,1.7459183502087243,1.7289720888732971,-14.828959938870574,2026-07-07,2026-05-26,2.0299999713897705,1.342506529853701,1.811149634758679,1.7614204956934802,-13.230516230619276,naive,0.06733331945207385,0.08791408871916416,2.7589237251009266,2026-11-10,2026-09-29,2.690000057220459,2.095407512824377,3.441399690255754,2.690000057220459,2.7220000346501667,2.5450845228066528,1.855132313264712,2.8136591689589125,2.7061834231589903,2.685355612501516,-0.1726559338345279
CPB,The Campbell's Company,Consumer Defensive,Packaged Foods,2010-01-04,2026-09-29,4106,20.229999542236328,2026-11-10,High,3.933402209405827,0.0109721059079459,36.313414421592796,21.96226000758387,2.2044228226937013,Medium Risk,Near-Sector Volatility,10253000000.0,602000000.0,1800000000.0,2.02,5.871452257875744,5.871452257875744,0.0,17.55583731590754,17.801047120418847,-1.3775021371076437,Above-Sector Profitability,19.19869854261009,-5.097879500556005,Negative Forecast,Weak Fundamentals / Negative Forecast,Weighted Ensemble,Classified,20.790000915527344,0.0,20.790000915527344,20.90535011291504,19.21262586684454,22.99241551854652,20.229999542236328,17.9168,22.9571,2026-11-10,19.19869854261009,-5.097879500556005,19.069314416065232,-5.737445143030328,,,20.229999542236328,19.695718297520006,21.93400001525879,17.18619398491136,17.82028755888824,2026-09-29,20.229999542236328,20.229999542236328,0.363134144215928,0.363134144215928,8157423.333333333,751,1.801912,0.011236,3.707511833333333,28.4933,20.0,10.076,15.8025,2.3104,23.3177,1.905034,1.816686,4.253647,1.801912,10.529163,1.938629,Weak Fundamentals / Negative Forecast,-5.097879500556005,19.19869854261009,19.19869854261009,Weighted Ensemble,Adaptive Momentum,Constrained dynamic ensemble excluding XGBoost,2026-07-03,2026-05-22,20.57999992370605,17.48950097443921,23.296731317953448,20.57999992370605,20.57866662343343,19.834864760119064,19.87284422387126,19.81930047083381,20.417478384413624,20.18534629592952,-1.9176561187541168,2026-07-07,2026-05-26,20.1299991607666,18.701541107587943,19.482373811099887,19.45722478132558,-3.342148074959989,naive,0.3949999067518451,0.5012439473364118,1.8019123946248603,2026-11-10,2026-09-29,20.229999542236328,16.368531499641286,22.51820975742976,20.229999542236328,21.93400001525879,19.695718297520006,17.82028755888824,17.18619398491136,19.069314416065232,19.19869854261009,-5.097879500556005
DG,Dollar General Corporation,Consumer Defensive,Discount Stores,2010-01-04,2026-09-29,4106,122.63999938964844,2026-11-10,High,482.5065739276103,0.0602660656498077,35.04988975736984,21.96226000758387,32.935780330984734,Medium Risk,Above-Sector Volatility,42724369000.0,1512311000.0,3241477000.0,0.0,3.539691832546433,5.871452257875744,-39.71352099817512,7.586951137885735,17.801047120418847,-57.37918625481837,Below-Sector Profitability,121.55654644984428,-0.883441736135231,Neutral Forecast,Stable Watchlist,Weighted Ensemble,Negative adaptive forecast plus below-sector profitability,115.87999725341795,0.0,115.87999725341795,120.2862772623698,118.78565125238326,141.46098235656564,122.63999938964844,96.5959,122.0425,2026-11-10,121.55654644984428,-0.883441736135231,121.76483199801072,-0.7136068134321816,,,122.63999938964844,123.46187800353196,124.785999806722,116.6619496827838,125.59758552876224,2026-09-29,122.63999938964844,122.63999938964844,0.3504988975736984,0.3504988975736984,2649233.333333333,751,1.789977,0.0,3.1670616666666667,28.0479,20.0,10.673,15.5934,3.4032,22.2825,1.903098,1.791881,3.971871,1.789977,7.613524,1.932019,Stable Watchlist,-0.883441736135231,121.55654644984428,121.55654644984428,Weighted Ensemble,Adaptive Momentum,Constrained dynamic ensemble excluding XGBoost,2026-07-03,2026-05-22,105.6500015258789,85.04469407826427,115.40080509808423,105.6500015258789,114.14000015258787,102.8295808584341,135.67714630297942,85.68470181727844,99.51030060615471,99.06677629736406,-6.231164347784976,2026-07-07,2026-05-26,103.61000061035156,100.60928515707188,98.35036695647167,101.80083297397826,-1.7461322514388162,naive,2.1401104397243955,2.623061188339818,1.7899769694853374,2026-11-10,2026-09-29,122.63999938964844,104.21404535454803,141.78505339221348,122.63999938964844,124.785999806722,123.46187800353196,125.59758552876224,116.6619496827838,121.76483199801072,121.55654644984428,-0.883441736135231
DLTR,"Dollar Tree, Inc.",Consumer Defensive,Discount Stores,2010-01-04,2026-09-29,4106,113.3000030517578,2026-11-10,High,504.7954947769851,0.0647841058261492,46.00083476409238,21.96226000758387,47.197555243874135,Medium Risk,Above-Sector Volatility,19411800000.0,1282500000.0,2363100000.0,6.23,6.606806169443328,5.871452257875744,12.524225341033969,12.173523320866687,17.801047120418847,-31.6134425210136,Above-Sector Profitability,114.01965122500276,0.6351704800186088,Neutral Forecast,Stable Watchlist,Weighted Ensemble,Negative adaptive forecast but fundamentals are not clearly weak,97.11000061035156,0.0,97.11000061035156,104.05499954223632,99.04095313662576,138.97761570315015,113.3000030517578,79.9203,104.1893,2026-11-10,114.01965122500276,0.6351704800186088,110.43405936341468,-2.529517750351604,,,113.3000030517578,113.66006199717827,122.69966583251951,114.84388766588695,123.6683199631356,2026-09-29,113.3000030517578,113.3000030517578,0.4600083476409238,0.4600083476409238,2838053.333333333,751,1.994034,0.0,3.771802,29.0926,20.0,7.6307,15.77,3.8471,23.6597,2.119947,1.994234,7.177048,1.994034,7.228134,2.117415,Stable Watchlist,0.6351704800186088,114.01965122500276,114.01965122500276,Weighted Ensemble,Adaptive Momentum,Constrained dynamic ensemble excluding XGBoost,2026-07-03,2026-05-22,94.9800033569336,81.10297434678043,113.30041480296973,94.9800033569336,96.64733403523763,93.11528483700334,114.51810060674455,97.23506740288812,95.79549769592192,95.85927516544676,0.9257441329085458,2026-07-07,2026-05-26,93.6999969482422,105.66747499535856,94.43477700095312,97.21544657207892,3.7518140217001146,naive,2.3708890279134103,3.298327527722738,1.9940336160825833,2026-11-10,2026-09-29,113.3000030517578,93.16234711196314,139.5465149653991,113.3000030517578,122.69966583251951,113.66006199717827,123.6683199631356,114.84388766588695,110.43405936341468,114.01965122500276,0.6351704800186088
EL,The Estée Lauder Companies Inc.,Consumer Defensive,Household & Personal Products,2010-01-04,2026-09-29,4106,94.37000274658205,2026-11-10,High,285.01585033196955,0.0541950485047742,45.91607072298506,21.96226000758387,48.51214521941149,Medium Risk,Above-Sector Volatility,14326000000.0,-1133000000.0,2072000000.0,-3.15,-7.908697473125785,5.871452257875744,-234.69746709627688,14.463213737260924,17.801047120418847,-18.7507698877401,Below-Sector Profitability,91.66737279433144,-2.8638655013163103,Negative Forecast,Needs Further Review,Weighted Ensemble,Classified,76.70999908447266,0.0,76.70999908447266,74.6653335571289,78.85935347420829,113.80996557135428,94.37000274658205,62.0754,97.365,2026-11-10,91.66737279433144,-2.8638655013163103,90.04747477233309,-4.5804046290604905,,,94.37000274658205,92.8037148701277,98.62766698201496,88.94748158852325,84.34674026633492,2026-09-29,94.37000274658205,94.37000274658205,0.4591607072298506,0.4591607072298506,3659346.6666666665,751,1.925777,0.550562,3.5644315,28.171,20.0,9.6652,15.711,3.2338,23.219,2.045841,1.925777,4.835171,1.930019,8.576195,2.073586,Needs Further Review,-2.8638655013163103,91.66737279433144,91.66737279433144,Weighted Ensemble,Adaptive Momentum,Constrained dynamic ensemble excluding XGBoost,2026-07-03,2026-05-22,88.31999969482422,69.52162515043631,119.12929615601035,88.31999969482422,79.48733317057291,85.63037047254684,96.1984313784155,94.99800482087784,95.0142942693986,91.00583647103886,3.0410289690841563,2026-07-07,2026-05-26,86.5999984741211,99.25845938393228,92.92777951241472,90.69949004798886,4.7338240717092255,drift,1.7394575839014503,2.5835541158428335,1.9257766899747155,2026-11-10,2026-09-29,94.37000274658205,74.92679772760808,112.14822319730258,94.37000274658205,98.62766698201496,92.8037148701277,84.34674026633492,88.94748158852325,90.04747477233309,91.66737279433144,-2.8638655013163103
GIS,"General Mills, Inc.",Consumer Defensive,Packaged Foods,2010-01-04,2026-09-29,4106,33.81999969482422,2026-11-10,High,75.81120064304969,0.021371810944825,33.28054593940085,21.96226000758387,-10.900205936893489,Low Risk,Near-Sector Volatility,19486600000.0,2295200000.0,3922800000.0,4.12,11.778350250941672,5.871452257875744,100.6036962174501,20.13075651986493,17.801047120418847,13.087485155711848,Above-Sector Profitability,31.26912363665809,-7.542507632123108,Negative Forecast,Weak Fundamentals / Negative Forecast,Weighted Ensemble,Classified,35.310001373291016,0.0,35.310001373291016,35.675429026285805,33.18792888096401,36.946489301891205,33.81999969482422,31.4819,38.386,2026-11-10,31.26912363665809,-7.542507632123108,30.57210321623811,-9.60347873416204,,,33.81999969482422,32.997658259814706,37.76133346557617,26.727800975406424,31.039791633484786,2026-09-29,33.81999969482422,33.81999969482422,0.3328054593940085,0.3328054593940085,9434836.666666666,751,1.585285,0.011236,3.431699833333333,31.5038,20.0,8.2445,15.0982,2.2215,22.9319,1.658894,1.592501,4.631032,1.585285,9.453696,1.668791,Weak Fundamentals / Negative Forecast,-7.542507632123108,31.26912363665809,31.26912363665809,Weighted Ensemble,Adaptive Momentum,Constrained dynamic ensemble excluding XGBoost,2026-07-03,2026-05-22,33.689998626708984,28.84357009029458,36.63334175751567,33.689998626708984,34.486666997273765,32.46171769708385,34.50669819075054,30.88635759049334,32.822586664478585,32.50594346615121,-3.514559836221164,2026-07-07,2026-05-26,33.15999984741211,31.3117981089533,32.055595482646254,32.18649759506183,-2.9357727889925,naive,0.5806667327880853,0.765163940196346,1.5852845551207335,2026-11-10,2026-09-29,33.81999969482422,27.017076576814848,36.19037353003948,33.81999969482422,37.76133346557617,32.997658259814706,31.039791633484786,26.727800975406424,30.57210321623811,31.26912363665809,-7.542507632123108
HRL,Hormel Foods Corporation,Consumer Defensive,Packaged Foods,2010-01-04,2026-09-29,4106,19.850000381469727,2026-11-10,High,228.3175431564424,0.0379808818953577,34.815696967127444,21.96226000758387,-3.0714634950539983,Low Risk,Near-Sector Volatility,12106160000.0,478197000.0,1076139000.0,0.87,3.950030397747924,5.871452257875744,-32.72481450480155,8.889185340355654,17.801047120418847,-50.063694117413824,Below-Sector Profitability,18.87624431512523,-4.905572028368885,Negative Forecast,Needs Further Review,Weighted Ensemble,Classified,21.46999931335449,0.0,21.46999931335449,21.557399559021,20.66875189826602,19.59424189553063,19.850000381469727,19.6583,23.382,2026-11-10,18.87624431512523,-4.905572028368885,18.75053127430828,-5.538887083285992,,,19.850000381469727,19.350454453770944,21.601333236694337,17.277406541061122,22.732390188534144,2026-09-29,19.850000381469727,19.850000381469727,0.3481569696712744,0.3481569696712744,5430290.0,751,1.333086,0.516854,3.946768333333333,31.6866,20.0,5.9115,14.7994,1.4869,26.1156,1.368864,1.333086,6.764889,1.334435,11.48243,1.396906,Needs Further Review,-4.905572028368885,18.87624431512523,18.87624431512523,Weighted Ensemble,Adaptive Momentum,Constrained dynamic ensemble excluding XGBoost,2026-07-03,2026-05-22,21.239999771118164,19.55202161762167,24.488413260818792,21.239999771118164,20.83599993387858,20.729165182489528,19.136847483084026,23.83281393840829,22.161113387752323,21.88145300149837,3.0200246576859486,2026-07-07,2026-05-26,20.88999938964844,23.242462327504224,21.27028128277535,21.350403875717745,2.2039468622361342,drift,0.31384813655143895,0.5051863817017866,1.3330856271654228,2026-11-10,2026-09-29,19.850000381469727,16.199819554292738,21.994849896329832,19.850000381469727,21.601333236694337,19.350454453770944,22.732390188534144,17.277406541061122,18.75053127430828,18.87624431512523,-4.905572028368885
HSY,The Hershey Company,Consumer Defensive,Confectioners,2010-01-04,2026-09-29,4106,161.41000366210938,2026-11-10,High,654.9799581688508,0.0581370328713672,27.719612028696826,21.96226000758387,-3.696054359059623,Low Risk,Near-Sector Volatility,11692576000.0,883259000.0,1987792000.0,4.46,7.554015471013402,5.871452257875744,28.65667877790767,17.00046251570227,17.801047120418847,-4.497401750025472,Above-Sector Profitability,153.65467018336258,-4.804741529516078,Negative Forecast,Needs Further Review,Weighted Ensemble,Negative adaptive forecast but fundamentals are not clearly weak,185.7400054931641,0.0,185.7400054931641,201.09099985758465,188.7863264537993,201.41517892990635,161.41000366210938,158.9776,196.4832,2026-11-10,153.65467018336258,-4.804741529516078,150.6678691294152,-6.655185111810921,,,161.41000366210938,160.06363292766395,175.25699971516926,137.13872913926917,180.43289100126503,2026-09-29,161.41000366210938,161.41000366210938,0.2771961202869683,0.2771961202869683,1324183.3333333333,751,1.370789,0.561798,3.214097,31.5269,20.0,8.4625,14.988,1.8527,23.1699,1.4215,1.370789,3.857129,1.371746,9.807546,1.455872,Needs Further Review,-4.804741529516078,153.65467018336258,153.65467018336258,Weighted Ensemble,Adaptive Momentum,Constrained dynamic ensemble excluding XGBoost,2026-07-03,2026-05-22,194.77999877929688,179.8879674396367,231.6203798641527,194.77999877929688,189.8730000813802,192.47752542145204,213.83878044325976,223.90249761525,203.3025667672127,204.1218247796129,4.796091004652455,2026-07-07,2026-05-26,191.1199951171875,196.9040114290406,191.10364300024804,192.5440291551223,0.7450994528655357,drift,2.456491670202147,3.1490873098746377,1.3707894546139958,2026-11-10,2026-09-29,161.41000366210938,136.04262620928856,173.54676491496556,161.41000366210938,175.25699971516926,160.06363292766395,180.43289100126503,137.13872913926917,150.6678691294152,153.65467018336258,-4.804741529516078
KHC,The Kraft Heinz Company,Consumer Defensive,Packaged Foods,2015-07-06,2026-09-29,2722,23.450000762939453,2026-11-10,High,-49.870020512150575,-0.0107901019719424,30.08477791744771,21.96226000758387,22.264065440946617,Low Risk,Near-Sector Volatility,24942000000.0,-5846000000.0,5840000000.0,-4.93,-23.43837703472055,5.871452257875744,-499.1921590315445,23.414321225242563,17.801047120418847,31.53339276533324,Below-Sector Profitability,22.374644352446623,-4.585741473374837,Negative Forecast,Needs Further Review,Weighted Ensemble,Classified,22.411460796553875,-1.0968184136445112,22.65999984741211,22.26499996185303,22.12696447826567,21.921628701572885,23.450000762939453,20.9913,25.2126,2026-11-10,22.374644352446623,-4.585741473374837,22.180075233049937,-5.415460505641071,,,23.450000762939453,23.129204971238284,24.8126667658488,19.99397384975441,24.14824874563412,2026-09-29,23.450000762939453,23.450000762939453,0.3008477791744771,0.3008477791744771,19897726.666666668,751,1.513501,0.022472,2.8698836666666665,31.2797,20.0,9.1641,15.0277,2.6206,21.9079,1.559354,1.515894,3.621702,1.513501,7.418864,1.589987,Needs Further Review,-4.585741473374837,22.374644352446623,22.374644352446623,Weighted Ensemble,Adaptive Momentum,Constrained dynamic ensemble excluding XGBoost,2026-07-03,2026-05-22,23.790000915527344,20.86710787650467,26.595996840006123,23.790000915527344,22.75700003306071,23.3329020048057,21.64861968995319,23.28720914459293,24.36057610262503,23.558046080767927,-0.9750097765150736,2026-07-07,2026-05-26,23.850000381469727,25.711322588445885,24.712068206366563,24.222341198358023,1.5611774043307245,naive,0.37488875918918235,0.4691480331387617,1.513501157870583,2026-11-10,2026-09-29,23.450000762939453,19.605332171886,25.5351302140326,23.450000762939453,24.8126667658488,23.129204971238284,24.148248745634117,19.99397384975441,22.180075233049937,22.374644352446623,-4.585741473374837
KMB,Kimberly-Clark Corporation,Consumer Defensive,Household & Personal Products,2010-01-04,2026-09-29,4106,98.98999786376952,2026-11-10,High,182.34150071442065,0.0323369203240282,26.801276320750176,21.96226000758387,-14.41269482292885,Low Risk,Near-Sector Volatility,16447000000.0,2021000000.0,3113000000.0,6.09,12.287955250197603,5.871452257875744,109.283065083515,18.92746397519305,17.801047120418847,6.327812331231529,Above-Sector Profitability,98.88401601384562,-0.1070631904343968,Neutral Forecast,Stable Watchlist,Weighted Ensemble,Classified,98.8945651966239,0.4719748958729726,98.43000030517578,97.5696662902832,95.26797231038412,101.3890955256237,98.98999786376952,91.1893,107.8191,2026-11-10,98.88401601384562,-0.1070631904343968,97.16833648987242,-1.84024791717248,,,98.98999786376952,98.26336423426568,103.43433303833008,99.92584582345938,100.4409767308164,2026-09-29,98.98999786376952,98.98999786376952,0.2680127632075018,0.2680127632075018,4136346.6666666665,751,1.307668,0.52809,3.3079815,31.6012,20.0,8.4274,15.2466,1.7632,22.9616,1.347683,1.307668,3.963499,1.307937,10.527425,1.393677,Stable Watchlist,-0.1070631904343968,98.88401601384562,98.88401601384562,Weighted Ensemble,Adaptive Momentum,Constrained dynamic ensemble excluding XGBoost,2026-07-03,2026-05-22,99.13999938964844,89.81255569402514,110.05923617885736,99.13999938964844,97.499666595459,97.8244847296839,85.08145333145427,101.67228676921448,100.7667607326154,99.42183502106312,0.2842804449765885,2026-07-07,2026-05-26,98.7699966430664,108.41361053322728,101.16564124813765,101.09429516673664,2.3532434976886285,drift,1.3839113793954274,1.7754932237249443,1.3076683232258164,2026-11-10,2026-09-29,98.98999786376952,87.90365194141629,111.2359771985707,98.98999786376952,103.43433303833008,98.26336423426568,100.4409767308164,99.92584582345938,97.16833648987242,98.88401601384562,-0.1070631904343968
KO,The Coca-Cola Company,Consumer Defensive,Beverages - Non-Alcoholic,2010-01-04,2026-09-29,4106,86.83999633789062,2026-11-10,High,354.8307502854194,0.0427161471036647,21.86088778331889,21.96226000758387,-22.23227432574365,Low Risk,Near-Sector Volatility,47941000000.0,13107000000.0,18702000000.0,3.05,27.33985523873094,5.871452257875744,365.64042485499726,39.010450345216,17.801047120418847,119.14694164518404,Above-Sector Profitability,85.92247283024537,-1.0565678792468078,Neutral Forecast,Stable Watchlist,Weighted Ensemble,Positive adaptive forecast with manageable risk and no weak fundamentals flag,78.76000213623047,0.0,78.76000213623047,76.15333379109701,79.76574616205124,73.10207769547114,86.83999633789062,77.587,88.023,2026-11-10,85.92247283024537,-1.0565678792468078,84.88045996738215,-2.2564906185440217,,,86.83999633789062,88.41035417535625,88.76699956258138,81.46319920074312,91.40824375939242,2026-09-29,86.83999633789062,86.83999633789062,0.2186088778331889,0.2186088778331889,15297236.666666666,751,1.009182,0.0,1.4897175,27.731,20.0,10.2819,14.9988,5.6789,21.3093,1.069811,1.011141,2.276112,1.009182,2.459978,1.112081,Stable Watchlist,-1.0565678792468078,85.92247283024537,85.92247283024537,Weighted Ensemble,Adaptive Momentum,Constrained dynamic ensemble excluding XGBoost,2026-07-03,2026-05-22,81.4800033569336,78.89835498376688,91.38053649208098,81.4800033569336,78.21833368937175,82.40494461950884,78.91326567564695,91.39525931715716,84.54011851327593,84.91038809685932,4.210094009076666,2026-07-07,2026-05-26,80.45999908447266,86.11091545614623,81.87982039443446,82.38140577115641,2.3880272291160765,naive,0.8518893771701386,1.1474625143497985,1.0091817707183552,2026-11-10,2026-09-29,86.83999633789062,78.05677353692768,94.58079040086898,86.83999633789062,88.76699956258138,88.41035417535625,91.40824375939242,81.46319920074312,84.88045996738215,85.92247283024537,-1.0565678792468078
KR,The Kroger Co.,Consumer Defensive,Grocery Stores,2010-01-04,2026-09-29,4106,60.790000915527344,2026-11-10,High,803.4753004139693,0.0670913502355168,31.31474537475552,21.96226000758387,18.295059080695527,Low Risk,Near-Sector Volatility,147642000000.0,1016000000.0,5800000000.0,1.55,0.6881510681242464,5.871452257875744,-88.27971278824269,3.928421451890383,17.801047120418847,-77.93151478496873,Below-Sector Profitability,60.00701609281735,-1.288015810031016,Neutral Forecast,Stable Watchlist,Weighted Ensemble,Classified,68.06999969482422,0.0,68.06999969482422,69.92666625976562,67.84609694707962,70.76466478551558,60.790000915527344,60.4785,74.8784,2026-11-10,60.00701609281735,-1.288015810031016,61.5968929958613,1.327343425204421,,,60.790000915527344,61.579405097945575,58.54933344523112,56.61226519265399,58.41226946249337,2026-09-29,60.790000915527344,60.790000915527344,0.3131474537475552,0.3131474537475552,7478236.666666667,751,1.478463,0.0,2.8017418333333333,30.9406,20.0,9.2283,15.0385,2.8902,21.9025,1.548985,1.481292,3.740886,1.478463,6.944354,1.616471,Stable Watchlist,-1.288015810031016,60.00701609281735,60.00701609281735,Weighted Ensemble,Adaptive Momentum,Constrained dynamic ensemble excluding XGBoost,2026-07-03,2026-05-22,67.25,60.56512834093646,78.50323903485247,67.25,67.2533332824707,68.09922790688621,66.76506152096277,72.32083798201853,68.35974764559728,68.95330845815198,2.532800681266885,2026-07-07,2026-05-26,64.55000305175781,63.80577521852525,62.31492545685028,64.18434611144625,-0.5664708334999983,naive,0.8736665513780382,1.1690178741239636,1.4784625052736442,2026-11-10,2026-09-29,60.790000915527344,52.29668108725358,68.85412048148662,60.790000915527344,58.54933344523112,61.579405097945575,58.41226946249337,56.61226519265399,61.5968929958613,60.00701609281735,-1.288015810031016
LW,"Lamb Weston Holdings, Inc.",Consumer Defensive,Packaged Foods,2016-11-10,2026-09-29,2379,43.27000045776367,2026-11-10,High,65.89458538018644,0.047867789624771,30.510739952229788,21.96226000758387,63.390584903376165,Low Risk,Above-Sector Volatility,6451300000.0,357200000.0,1172600000.0,2.51,5.536868538124099,5.871452257875744,-5.698483187065797,18.176181544804923,17.801047120418847,2.107372795815896,Below-Sector Profitability,39.45611796729192,-8.81414941096321,Negative Forecast,Weak Fundamentals / Negative Forecast,Weighted Ensemble,Classified,43.768229549526666,0.501102907667579,43.54999923706055,42.30533307393392,42.69353339785621,58.54931418920654,43.27000045776367,38.0463,49.5693,2026-11-10,39.45611796729192,-8.81414941096321,38.46092992674932,-11.114098636787713,,,43.27000045776367,41.97971509405756,49.661333084106445,33.57078708422121,41.62572448156892,2026-09-29,43.27000045776367,43.27000045776367,0.3051073995222979,0.3051073995222979,1431000.0,751,1.577268,0.0,4.1447515,31.7902,20.0,6.7749,14.6492,1.7129,25.0727,1.597989,1.582804,6.219225,1.577268,12.249723,1.6415,Weak Fundamentals / Negative Forecast,-8.81414941096321,39.45611796729192,39.45611796729192,Weighted Ensemble,Adaptive Momentum,Constrained dynamic ensemble excluding XGBoost,2026-07-03,2026-05-22,43.7599983215332,38.22645537236463,52.76219016822672,43.7599983215332,43.19833323160808,42.18205709926329,41.26786080449031,49.4596676919864,44.49380143178568,44.9100379404642,2.628061387207803,2026-07-07,2026-05-26,42.119998931884766,47.94526456585103,41.96772876529832,43.16687745123184,2.4854666331783544,naive,0.7507775624593105,0.917632618258987,1.5772684830456254,2026-11-10,2026-09-29,43.27000045776367,34.508013756399215,45.11373085795654,43.27000045776367,49.661333084106445,41.97971509405756,41.62572448156892,33.57078708422121,38.46092992674932,39.45611796729192,-8.81414941096321
MDLZ,"Mondelez International, Inc.",Consumer Defensive,Confectioners,2010-01-04,2026-09-29,4106,59.31999969482422,2026-11-10,High,396.0505680544228,0.0471435129108164,24.41893540588358,21.96226000758387,-7.83076726827503,Low Risk,Near-Sector Volatility,38537000000.0,2451000000.0,5043000000.0,1.89,6.360121441731323,5.871452257875744,8.322799239321025,13.086125022705453,17.801047120418847,-26.48676825480172,Above-Sector Profitability,57.04838341029395,-3.829427336845504,Negative Forecast,Needs Further Review,Weighted Ensemble,Positive adaptive forecast with manageable risk and no weak fundamentals flag,61.79849435060527,0.5834891469877718,61.43999862670898,57.63587913513184,61.19068499973842,58.93828304665069,59.31999969482422,60.7932,72.9489,2026-11-10,57.04838341029395,-3.829427336845504,56.64851088794659,-4.503521275491035,,,59.31999969482422,58.97990920049336,62.0586664835612,51.70467254083034,62.45471873659679,2026-09-29,59.31999969482422,59.31999969482422,0.2441893540588358,0.2441893540588358,7709526.666666667,751,1.192806,0.539326,2.0056453333333333,29.4247,20.0,10.2169,13.9268,2.9352,23.4965,1.230145,1.192806,2.20643,1.193714,4.976612,1.234165,Needs Further Review,-3.829427336845504,57.04838341029395,57.04838341029395,Weighted Ensemble,Adaptive Momentum,Constrained dynamic ensemble excluding XGBoost,2026-07-03,2026-05-22,61.7599983215332,55.78179183936372,68.68372118719132,61.7599983215332,59.75300013224284,61.26219895977615,54.35646565754352,62.3943042679455,63.180774361880886,61.89750429554331,0.222645689357412,2026-07-07,2026-05-26,61.2400016784668,60.73282554785416,61.58835665787587,60.8520975588323,-0.6334162459223012,drift,0.7324050493341819,0.9389893568588613,1.1928056443311315,2026-11-10,2026-09-29,59.31999969482422,51.24695919472376,63.50655923528392,59.31999969482422,62.0586664835612,58.97990920049336,62.45471873659679,51.70467254083034,56.64851088794659,57.04838341029395,-3.829427336845504
MKC,"McCormick & Company, Incorporated",Consumer Defensive,Packaged Foods,2010-01-04,2026-09-29,4106,48.400001525878906,2026-11-10,High,288.78567787813483,0.0421691442771835,28.54414328877695,21.96226000758387,-2.671858348633033,Low Risk,Near-Sector Volatility,6840300000.0,789400000.0,1361600000.0,2.94,11.54042951332544,5.871452257875744,96.55153455170388,19.90555969767408,17.801047120418847,11.822408889874978,Above-Sector Profitability,46.66345114276207,-3.587913901590112,Negative Forecast,Needs Further Review,Weighted Ensemble,Negative adaptive forecast but fundamentals are not clearly weak,50.84000015258789,0.0,50.84000015258789,51.69235928853353,48.09794444129581,57.54219478863786,48.400001525878906,43.4479,55.6303,2026-11-10,46.66345114276207,-3.587913901590112,46.02216513819183,-4.912884943641323,,,48.400001525878906,47.56655682746331,51.9843334197998,44.27154342262007,43.86698739681298,2026-09-29,48.400001525878906,48.400001525878906,0.2854414328877695,0.2854414328877695,2972386.6666666665,751,1.432735,0.0,3.0481266666666667,30.7115,20.0,7.8443,14.5212,2.2873,24.6358,1.46266,1.437104,4.330828,1.432735,8.144169,1.481264,Needs Further Review,-3.587913901590112,46.66345114276207,46.66345114276207,Weighted Ensemble,Adaptive Momentum,Constrained dynamic ensemble excluding XGBoost,2026-07-03,2026-05-22,47.79999923706055,40.10667531459531,55.23395134869953,47.79999923706055,49.692000198364255,46.665320011735176,51.05351641124994,46.27333384092868,46.91282273853116,47.06644402421375,-1.534634360994003,2026-07-07,2026-05-26,46.81999969482422,46.07793838094802,45.408521717257024,46.18526971441315,-1.355681299761378,naive,0.7306665632459846,0.9141373987016598,1.4327345267541174,2026-11-10,2026-09-29,48.400001525878906,41.1655038314572,52.89568861997002,48.400001525878906,51.9843334197998,47.56655682746331,43.86698739681298,44.27154342262007,46.02216513819183,46.66345114276207,-3.587913901590112
MNST,Monster Beverage Corporation,Consumer Defensive,Beverages - Non-Alcoholic,2010-01-04,2026-09-29,4106,41.7400016784668,2026-11-10,High,2254.4808299064907,0.0950410732081385,23.210163001514918,21.96226000758387,38.20577305775855,Low Risk,Above-Sector Volatility,8294343000.0,1905432000.0,2533795000.0,1.95,22.972669444704664,5.871452257875744,291.26043158896493,30.54847140997183,17.801047120418847,71.61053056778294,Above-Sector Profitability,39.48227225388655,-5.409030507406484,Negative Forecast,Weak Fundamentals / Negative Forecast,Weighted Ensemble,Classified,77.60931759949288,0.6997767053382808,77.06999969482422,74.7826670328776,79.19142822992234,83.79760695067364,41.7400016784668,72.2734,85.6132,2026-11-10,39.48227225388655,-5.409030507406484,38.35650083963155,-8.106134889258417,,,41.7400016784668,42.52028408630793,44.96666692097982,34.145160390071844,49.25810335489996,2026-09-29,41.7400016784668,41.7400016784668,0.2321016300151492,0.2321016300151492,10065723.333333334,751,1.16702,0.52809,2.518139333333333,32.3717,20.0,6.9857,14.861,2.7406,23.0411,1.182209,1.16702,4.648025,1.169603,5.707745,1.234234,Weak Fundamentals / Negative Forecast,-5.409030507406484,39.48227225388655,39.48227225388655,Weighted Ensemble,Adaptive Momentum,Constrained dynamic ensemble excluding XGBoost,2026-07-03,2026-05-22,86.79000091552734,76.15308668786922,100.74888724546582,86.79000091552734,80.10266672770182,88.200423852626,85.89217002875401,88.30745140564153,88.78238470394594,87.59188743319966,0.9239388284518986,2026-07-07,2026-05-26,87.41999816894531,90.52136654473436,89.34795334068576,88.55461027033405,1.2978862104252415,drift,0.5384286580543002,0.676494252299617,1.1670204489497442,2026-11-10,2026-09-29,41.7400016784668,35.655985059758784,43.71916298813272,41.7400016784668,44.96666692097982,42.52028408630793,49.25810335489996,34.145160390071844,38.35650083963155,39.48227225388655,-5.409030507406484
MO,"Altria Group, Inc.",Consumer Defensive,Tobacco,2010-01-04,2026-09-29,4106,68.72000122070312,2026-11-10,High,897.6485034005009,0.0643269765825557,28.845953855540778,21.96226000758387,-7.295934488092011,Low Risk,Near-Sector Volatility,23279000000.0,6947000000.0,12968000000.0,4.12,29.84234717986168,5.871452257875744,408.2617701580097,55.70686026032045,17.801047120418847,212.9414796976826,Above-Sector Profitability,68.31056232037781,-0.5958074695172764,Neutral Forecast,Stable Watchlist,Weighted Ensemble,Positive adaptive forecast with manageable risk and no weak fundamentals flag,73.12772048434445,0.6575622139462374,72.6500015258789,65.8881342569987,74.76223300752186,68.80823119627613,68.72000122070312,75.2469,89.0514,2026-11-10,68.31056232037781,-0.5958074695172764,68.0892960443775,-0.917789821190528,,,68.72000122070312,70.11502685543316,68.5816660563151,65.55106706551143,73.57333789504914,2026-09-29,68.72000122070312,68.72000122070312,0.2884595385554078,0.2884595385554078,8260473.333333333,751,1.251161,0.516854,2.077509333333333,27.9042,20.0,10.9252,15.6333,3.8882,21.6491,1.34275,1.251161,2.773535,1.2533,4.446445,1.397865,Stable Watchlist,-0.5958074695172764,68.31056232037781,68.31056232037781,Weighted Ensemble,Adaptive Momentum,Constrained dynamic ensemble excluding XGBoost,2026-07-03,2026-05-22,73.9000015258789,71.47261597299395,89.55996330644406,73.9000015258789,69.37866719563802,75.38167410169974,68.10741550030696,94.3525884570762,79.2038672396967,80.00678011241864,8.263570311837153,2026-07-07,2026-05-26,72.37000274658203,84.9321438922641,75.13472253798575,76.0908036133116,5.141357918361148,drift,0.8725810448279604,1.2793423823629246,1.2511611690426363,2026-11-10,2026-09-29,68.72000122070312,60.18230046160169,77.53663267663715,68.72000122070312,68.5816660563151,70.11502685543316,73.57333789504914,65.55106706551143,68.0892960443775,68.31056232037781,-0.5958074695172764
NWL,Newell Brands Inc.,Consumer Defensive,Household & Personal Products,2010-01-04,2026-09-29,4106,5.320000171661377,2026-11-10,Moderate,-54.06707369577434,0.0150216217307577,61.83189834359813,21.96226000758387,87.63216907654908,High Risk,Above-Sector Volatility,7204000000.0,-285000000.0,774000000.0,-0.68,-3.956135480288729,5.871452257875744,-167.37916458372146,10.744031093836757,17.801047120418847,-39.64382532579939,Below-Sector Profitability,4.975397450813921,-6.477494543761264,Negative Forecast,Weak Fundamentals / Negative Forecast,Weighted Ensemble,Classified,4.079999923706055,0.0,4.079999923706055,3.8239999691645306,3.986017987841651,1.1260570689480858,5.320000171661377,3.4686,4.7887,2026-11-10,4.975397450813921,-6.477494543761264,4.834779885288193,-9.12068178038526,,,5.320000171661377,5.217319064819151,5.847000010808309,4.464874993550262,5.661824022304788,2026-09-29,5.320000171661377,5.320000171661377,0.6183189834359812,0.6183189834359812,6258343.333333333,751,2.903254,0.0,7.020825166666666,30.9946,20.0,7.0648,14.7753,1.7872,25.3782,2.982403,2.905939,10.181071,2.903254,20.14278,3.009504,Weak Fundamentals / Negative Forecast,-6.477494543761264,4.975397450813921,4.975397450813921,Weighted Ensemble,Adaptive Momentum,Constrained dynamic ensemble excluding XGBoost,2026-07-03,2026-05-22,3.640000104904175,2.500796807956833,3.8762550926384622,3.640000104904175,4.101999966303508,3.5105819514330343,3.304421912432905,2.32096653879311,3.0504696023141555,3.113474965773241,-14.464975932872806,2026-07-07,2026-05-26,3.5999999046325684,2.4730306114667866,3.2190458591475246,3.1906403430461507,-11.371099234187303,naive,0.15255555841657853,0.20221275648507944,2.903254337434243,2026-11-10,2026-09-29,5.320000171661377,3.792217631193444,6.527731844803217,5.320000171661377,5.847000010808309,5.217319064819151,5.661824022304788,4.464874993550262,4.834779885288193,4.975397450813921,-6.477494543761264
PEP,"PepsiCo, Inc.",Consumer Defensive,Beverages - Non-Alcoholic,2010-01-04,2026-09-29,4106,128.69000244140625,2026-11-10,High,321.2194957759639,0.0412493264321031,21.75176772268503,21.96226000758387,-19.465338649257266,Low Risk,Near-Sector Volatility,93925000000.0,8240000000.0,17536000000.0,6.02,8.772957146659568,5.871452257875744,49.417158845017525,18.67021559755124,17.801047120418847,4.882681739184901,Above-Sector Profitability,122.9201940603035,-4.483493878034384,Negative Forecast,Needs Further Review,Weighted Ensemble,Classified,158.49000549316406,0.0,158.49000549316406,154.88066660563152,161.98439171200707,143.10381104366047,128.69000244140625,148.6036,173.8897,2026-11-10,122.9201940603035,-4.483493878034384,121.89453928717064,-5.28049034526178,,,128.69000244140625,127.28981863568036,136.63733367919923,110.24562168689909,139.61886565282504,2026-09-29,128.69000244140625,128.69000244140625,0.2175176772268503,0.2175176772268503,8367090.0,751,1.042305,0.561798,2.5894765,31.8975,20.0,8.5517,15.054,1.7582,22.7385,1.082426,1.042305,3.04468,1.04575,8.214359,1.107339,Needs Further Review,-4.483493878034384,122.9201940603035,122.9201940603035,Weighted Ensemble,Adaptive Momentum,Constrained dynamic ensemble excluding XGBoost,2026-07-03,2026-05-22,150.57000732421875,133.7737812894964,161.83898398101022,150.57000732421875,153.7960001627604,149.30375693481986,162.91369838798803,139.04549433771967,147.76712147837742,147.13875372310986,-2.278842687256073,2026-07-07,2026-05-26,145.67999267578125,135.03943575072662,140.2042951430829,142.08759554438004,-2.465950928070328,drift,1.4577382392082554,1.9211949977589908,1.0423048243144006,2026-11-10,2026-09-29,128.69000244140625,111.72109786890498,135.24190502990055,128.69000244140625,136.63733367919923,127.28981863568036,139.61886565282504,110.24562168689909,121.89453928717064,122.9201940603035,-4.483493878034384
PG,The Procter & Gamble Company,Consumer Defensive,Household & Personal Products,2010-01-04,2026-09-29,4106,148.32000732421875,2026-11-10,High,288.4991681659026,0.03899501753114,20.2337584895909,21.96226000758387,-21.26496358746284,Low Risk,Near-Sector Volatility,84284000000.0,15974000000.0,23921000000.0,6.67,18.952588866214228,5.871452257875744,222.79218213504063,28.3814247069432,17.801047120418847,59.436827030180886,Above-Sector Profitability,149.28584866046597,0.6511874922821108,Neutral Forecast,Stable Watchlist,Weighted Ensemble,Positive adaptive forecast with manageable risk and no weak fundamentals flag,147.08999633789062,0.0,147.08999633789062,143.72100931803385,145.82418169294084,135.45915659907666,148.32000732421875,140.8918,163.2109,2026-11-10,149.28584866046597,0.6511874922821108,150.10496207635816,1.2034483980557038,,,148.32000732421875,148.4466014519898,145.76333363850912,153.38224613384014,145.5811113838154,2026-09-29,148.32000732421875,148.32000732421875,0.202337584895909,0.202337584895909,8736290.0,751,1.007706,0.0,1.243582,24.9383,20.0,12.4933,14.3597,7.8603,20.3484,1.06918,1.008569,1.632362,1.007706,1.66445,1.079225,Stable Watchlist,0.6511874922821108,149.28584866046597,149.28584866046597,Weighted Ensemble,Adaptive Momentum,Constrained dynamic ensemble excluding XGBoost,2026-07-03,2026-05-22,144.44000244140625,130.3530899388086,156.18905078630718,144.44000244140625,144.65900065104168,144.31730223904273,142.15147790483144,138.65922136998103,143.7404526486551,142.68750956059415,-1.2133016139507595,2026-07-07,2026-05-26,142.9600067138672,141.7667088017039,141.47854950302332,142.2890809286621,-0.4693101242978744,naive,1.481778293185764,1.863841863575347,1.007706222748001,2026-11-10,2026-09-29,148.32000732421875,136.59221902169577,163.1591079630655,148.32000732421875,145.76333363850912,148.4466014519898,145.5811113838154,153.38224613384014,150.10496207635816,149.28584866046597,0.6511874922821108
PM,Philip Morris International Inc.,Consumer Defensive,Tobacco,2010-01-04,2026-09-29,4106,193.8999938964844,2026-11-10,High,613.5109323271128,0.0574782111249006,26.79403349078543,21.96226000758387,-0.183617593386394,Low Risk,Near-Sector Volatility,93859000000.0,11348000000.0,17504000000.0,0.0,12.090476139741527,5.871452257875744,105.91968747636191,18.649250471451857,17.801047120418847,4.7649070602148536,Above-Sector Profitability,195.25419766748809,0.6984032045543223,Neutral Forecast,Stable Watchlist,Weighted Ensemble,Classified,166.1072919429728,0.628390726800355,165.07000732421875,161.578000386556,165.1457762945266,180.0073095553813,193.8999938964844,150.419,187.9768,2026-11-10,195.25419766748809,0.6984032045543223,196.1972227354764,1.1847493095943047,,,193.8999938964844,199.82101385484265,189.9826655069987,193.2713360036668,197.69030183972487,2026-09-29,193.8999938964844,193.8999938964844,0.2679403349078543,0.2679403349078543,4444813.333333333,751,1.352235,0.539326,1.9217036666666667,26.7787,20.0,12.5731,14.7686,4.7535,21.1262,1.428605,1.352235,2.21928,1.354127,3.700434,1.475541,Stable Watchlist,0.6984032045543223,195.25419766748809,195.25419766748809,Weighted Ensemble,Adaptive Momentum,Constrained dynamic ensemble excluding XGBoost,2026-07-03,2026-05-22,188.9900054931641,182.57531151175417,241.00436220643087,188.9900054931641,172.04600168863934,194.4175620538753,166.6998821811895,255.1779662335432,203.515915772843,209.7652175779644,10.99275701410134,2026-07-07,2026-05-26,181.52999877929688,179.80105325276574,180.04917863221382,180.6696492008083,-0.4739434717534578,drift,2.5072945583344817,3.117043552420278,1.3522352978873116,2026-11-10,2026-09-29,193.8999938964844,173.57813417167128,219.63712128089315,193.8999938964844,189.9826655069987,199.82101385484265,197.69030183972492,193.2713360036668,196.1972227354764,195.25419766748809,0.6984032045543223
SJM,The J. M. Smucker Company,Consumer Defensive,Packaged Foods,2010-01-04,2026-09-29,4106,120.6999969482422,2026-11-10,High,149.10075300267596,0.0318593677343944,32.60091496146057,21.96226000758387,0.0,Low Risk,Near-Sector Volatility,8726100000.0,-1230700000.0,2172800000.0,-11.57,-14.103666013453893,5.871452257875744,-340.2074545447554,24.90001260586058,17.801047120418847,39.87948257998151,Below-Sector Profitability,119.64791328951856,-0.8716517691170942,Neutral Forecast,Stable Watchlist,Weighted Ensemble,Positive adaptive forecast with manageable risk and no weak fundamentals flag,98.02999877929688,0.0,98.02999877929688,95.39600041707357,96.507263365246,103.20530438048588,120.6999969482422,91.7881,111.8335,2026-11-10,119.64791328951856,-0.8716517691170942,118.4101803413441,-1.8971140553383807,,,120.6999969482422,120.66969597589788,124.4849993387858,117.74902899392193,119.74393257530146,2026-09-29,120.6999969482422,120.6999969482422,0.3260091496146057,0.3260091496146057,1396883.3333333333,751,1.483787,0.0,3.231433833333333,29.7103,20.0,8.8612,16.0507,2.3954,22.9825,1.587853,1.485133,4.277607,1.483787,8.887321,1.666902,Stable Watchlist,-0.8716517691170942,119.64791328951856,119.64791328951856,Weighted Ensemble,Adaptive Momentum,Constrained dynamic ensemble excluding XGBoost,2026-07-03,2026-05-22,103.36000061035156,95.46534589332988,120.90175773828504,103.36000061035156,97.72300084431966,101.85200934686324,98.89011174753884,116.73967141005416,108.03528257812064,107.43336596047314,3.94094942537532,2026-07-07,2026-05-26,102.31999969482422,112.2133263966674,104.41480888619957,104.83282687477114,2.45585143416887,naive,1.7226665072970917,2.342835763127432,1.4837871985736537,2026-11-10,2026-09-29,120.6999969482422,103.68694075421512,138.0658263268722,120.6999969482422,124.4849993387858,120.66969597589788,119.74393257530146,117.74902899392193,118.4101803413441,119.64791328951856,-0.8716517691170942
STZ,"Constellation Brands, Inc.",Consumer Defensive,Beverages - Brewers,2010-01-04,2026-09-29,4106,112.7699966430664,2026-11-10,High,1049.644749156564,0.0756660824163221,28.9928240706751,21.96226000758387,31.214331727972088,Low Risk,Above-Sector Volatility,9755500000.0,1686700000.0,3307700000.0,9.62,17.289733996207268,5.871452257875744,194.4711672144736,33.90600174260673,17.801047120418847,90.47195096582018,Above-Sector Profitability,103.86457686334248,-7.896976185882925,Negative Forecast,Weak Fundamentals / Negative Forecast,Weighted Ensemble,Classified,156.5800018310547,0.0,156.5800018310547,154.96358896891277,153.63014911469958,98.834040266265,112.7699966430664,136.5556,172.6707,2026-11-10,103.86457686334248,-7.896976185882925,102.00215018929184,-9.548502947868643,,,112.7699966430664,109.25931424036364,125.31033274332682,85.606752686231,134.18365269383688,2026-09-29,112.7699966430664,112.7699966430664,0.289928240706751,0.289928240706751,2127476.6666666665,751,1.357298,0.573034,3.054956333333333,32.123,20.0,7.7085,15.08,2.2723,22.8161,1.403295,1.357298,4.516947,1.368765,8.240343,1.44309,Weak Fundamentals / Negative Forecast,-7.896976185882925,103.86457686334248,103.86457686334248,Weighted Ensemble,Adaptive Momentum,Constrained dynamic ensemble excluding XGBoost,2026-07-03,2026-05-22,149.5,129.881509022223,174.47096576485976,149.5,152.71600087483725,146.80405815263796,142.67780126545665,153.43773883004053,151.33823634207266,150.53422306606757,0.6917880040585741,2026-07-07,2026-05-26,147.63999938964844,164.51088780362215,148.8365130955328,151.56149418602922,2.6561194883449275,drift,1.8140156911229746,2.4700423894899175,1.3572976299811836,2026-11-10,2026-09-29,112.7699966430664,91.4467443996672,117.96866468917658,112.7699966430664,125.31033274332682,109.25931424036364,134.18365269383688,85.606752686231,102.00215018929184,103.86457686334248,-7.896976185882925
SYY,Sysco Corporation,Consumer Defensive,Food Distribution,2010-01-04,2026-09-29,4106,78.48999786376953,2026-11-10,High,323.923817093577,0.0486971955349304,20.02264348457776,21.96226000758387,18.64579751923863,Low Risk,Near-Sector Volatility,81370000000.0,1828000000.0,4136000000.0,3.74,2.246528204497972,5.871452257875744,-61.73811680943903,5.082954405800664,17.801047120418847,-71.4457561321198,Below-Sector Profitability,77.80154814881621,-0.8771177649262055,Neutral Forecast,Stable Watchlist,Weighted Ensemble,Classified,74.70999908447266,0.0,74.70999908447266,75.66205190022787,75.47585223969959,81.13042413947585,78.48999786376953,65.5296,86.0777,2026-11-10,77.80154814881621,-0.8771177649262055,77.09430471535666,-1.7781796233900995,,,78.48999786376953,79.07556717883008,80.91766637166342,75.25200762277326,81.89034742483982,2026-09-29,78.48999786376953,78.48999786376953,0.2002264348457776,0.2002264348457776,3809673.3333333335,751,0.979595,0.0,1.8226946666666664,28.5596,20.0,8.8395,15.6157,3.7995,23.1857,1.036147,0.980651,2.994588,0.979595,3.866888,1.078299,Stable Watchlist,-0.8771177649262055,77.80154814881621,77.80154814881621,Weighted Ensemble,Adaptive Momentum,Constrained dynamic ensemble excluding XGBoost,2026-07-03,2026-05-22,76.29000091552734,67.83394068658109,95.49843503679747,76.29000091552734,74.2673334757487,76.5176358746079,78.93267716389681,89.11177853156963,79.98214463927894,80.48624216564865,5.500381701092942,2026-07-07,2026-05-26,75.31999969482422,84.2112035928817,77.13904907662851,78.08992805538591,3.677546962008331,naive,0.7896665785047743,1.0108054551989032,0.9795945655489907,2026-11-10,2026-09-29,78.48999786376953,71.25219149331136,84.95290835960864,78.48999786376953,80.91766637166342,79.07556717883008,81.89034742483982,75.25200762277326,77.09430471535666,77.80154814881621,-0.8771177649262055
TAP,Molson Coors Beverage Company,Consumer Defensive,Beverages - Brewers,2010-01-04,2026-09-29,4106,36.0099983215332,2026-11-10,High,40.34917070985593,0.0220299577522283,29.935706932018057,21.96226000758387,19.83625668804278,Low Risk,Near-Sector Volatility,13040300000.0,-2139600000.0,2436600000.0,-10.75,-16.40759798470894,5.871452257875744,-379.4470135169779,18.685152948935222,17.801047120418847,4.9665945072537765,Below-Sector Profitability,33.34151622263276,-7.410392177954493,Negative Forecast,Weak Fundamentals / Negative Forecast,Weighted Ensemble,Classified,42.7400016784668,0.0,42.7400016784668,43.23300018310547,41.29621460324242,37.45991989439972,36.0099983215332,37.5395,46.3108,2026-11-10,33.34151622263276,-7.410392177954493,33.059087955279495,-8.194697316853603,,,36.0099983215332,35.222021419861385,39.496999994913736,27.765767678567272,38.05724834743534,2026-09-29,36.0099983215332,36.0099983215332,0.2993570693201806,0.2993570693201806,4592053.333333333,751,1.4459,0.011236,2.4341760000000003,29.8536,20.0,8.1551,14.2232,3.6434,24.1247,1.482739,1.449301,3.969543,1.4459,4.743571,1.514002,Weak Fundamentals / Negative Forecast,-7.410392177954493,33.34151622263276,33.34151622263276,Weighted Ensemble,Adaptive Momentum,Constrained dynamic ensemble excluding XGBoost,2026-07-03,2026-05-22,42.54999923706055,37.52350140549114,48.59385078995057,42.54999923706055,42.60833320617676,41.92603380581592,42.63850866804837,42.97277642020346,43.092543594031405,42.701421854722085,0.3558698481236417,2026-07-07,2026-05-26,41.22999954223633,40.60636582469763,40.469542628197175,40.86079915908389,-0.8954654068677036,naive,0.583222368028429,0.7652675339166402,1.4458998330085406,2026-11-10,2026-09-29,36.0099983215332,29.233966097444387,38.02620213482645,36.0099983215332,39.496999994913736,35.222021419861385,38.05724834743534,27.765767678567272,33.059087955279495,33.34151622263276,-7.410392177954493
TGT,Target Corporation,Consumer Defensive,Discount Stores,2010-01-04,2026-09-29,4106,156.42999267578125,2026-11-10,High,319.3656027622029,0.0515610633482276,31.23447524635653,21.96226000758387,31.22155404148015,Low Risk,Above-Sector Volatility,104780000000.0,3705000000.0,8346000000.0,8.16,3.535980148883375,5.871452257875744,-39.77673676660923,7.965260545905707,17.801047120418847,-55.2539775215297,Below-Sector Profitability,159.16423887985195,1.7479040670530064,Neutral Forecast,Stable Watchlist,Weighted Ensemble,Positive adaptive forecast with manageable risk and no weak fundamentals flag,130.47212235965333,0.5565490247809837,129.75,122.74199956258138,134.1649571373349,63.80312459002448,156.42999267578125,122.2876,150.3175,2026-11-10,159.16423887985195,1.7479040670530064,156.54814235470107,0.0755287888843024,,,156.42999267578125,158.84292544615312,159.90533192952475,162.68153567245434,166.92325139242723,2026-09-29,156.42999267578125,156.42999267578125,0.3123447524635653,0.3123447524635653,4116790.0,751,1.514322,0.0,2.6647123333333336,28.1359,20.0,8.5932,15.3251,4.0722,23.8736,1.595556,1.515424,4.508513,1.514322,5.253911,1.600548,Stable Watchlist,1.7479040670530064,159.16423887985195,159.16423887985195,Weighted Ensemble,Adaptive Momentum,Constrained dynamic ensemble excluding XGBoost,2026-07-03,2026-05-22,125.5999984741211,109.76387860505304,145.10455238294062,125.5999984741211,125.8890007019043,124.80872512565128,123.33159300635276,126.65587304851188,127.3123143544708,126.20316348175136,0.4802269227372085,2026-07-07,2026-05-26,125.43000030517578,148.9739970599076,130.22875555212593,132.2534358600491,5.440034711210762,naive,2.1746663411458327,2.835100378681799,1.5143215580873213,2026-11-10,2026-09-29,156.42999267578125,138.76204633168064,182.5661671034233,156.42999267578125,159.90533192952475,158.84292544615312,166.92325139242723,162.68153567245434,156.54814235470107,159.16423887985195,1.7479040670530064
TSN,"Tyson Foods, Inc.",Consumer Defensive,Farm Products,2010-01-04,2026-09-29,4106,50.97999954223633,2026-11-10,High,613.5639171023441,0.0631698210952873,28.885706879919248,21.96226000758387,26.25135395153781,Low Risk,Above-Sector Volatility,54441000000.0,474000000.0,2922000000.0,1.37,0.8706673279329916,5.871452257875744,-85.17117589153328,5.367278338017304,17.801047120418847,-69.84852463054985,Below-Sector Profitability,49.62729371529301,-2.653404941329237,Negative Forecast,Needs Further Review,Weighted Ensemble,Classified,64.47261450438783,0.6283983322636733,64.06999969482422,63.5466667175293,64.73194549197243,51.798727089868734,50.97999954223633,59.0163,68.6275,2026-11-10,49.62729371529301,-2.653404941329237,48.919608866178585,-4.041566682147052,,,50.97999954223633,51.05086415826237,53.88199971516927,46.5458715582806,59.66876022324591,2026-09-29,50.97999954223633,50.97999954223633,0.2888570687991925,0.2888570687991925,3511643.333333333,751,1.232068,0.0,3.556972,33.2358,20.0,7.1881,15.1671,1.4603,22.9487,1.248652,1.237421,4.938288,1.232068,11.372277,1.313126,Needs Further Review,-2.653404941329237,49.62729371529301,49.62729371529301,Weighted Ensemble,Adaptive Momentum,Constrained dynamic ensemble excluding XGBoost,2026-07-03,2026-05-22,65.05000305175781,55.8602415046511,69.57146768343416,65.05000305175781,65.63533376057943,65.65034867884717,66.32996543989597,56.00180796795659,63.01408849824687,62.340027162567566,-4.1659888732580415,2026-07-07,2026-05-26,65.12999725341797,59.6135578433956,63.69773126623095,63.48932742151456,-2.519069401338426,naive,0.7057777828640412,1.0641240455273782,1.232067601387937,2026-11-10,2026-09-29,50.97999954223633,43.71451802489416,56.339824680245314,50.97999954223633,53.88199971516927,51.05086415826237,59.66876022324591,46.5458715582806,48.919608866178585,49.62729371529301,-2.653404941329237
WMT,Walmart Inc.,Consumer Defensive,Discount Stores,2010-01-04,2026-09-29,4106,106.8000030517578,2026-11-10,High,920.0380707890162,0.0643180674754653,29.697518115924037,21.96226000758387,-10.093187559186534,Low Risk,Near-Sector Volatility,713163000000.0,21893000000.0,46471000000.0,2.74,3.069845182658102,5.871452257875744,-47.71574309336625,6.516182135079919,17.801047120418847,-63.39438859410986,Below-Sector Profitability,106.21802101912212,-0.5449269812788646,Neutral Forecast,Stable Watchlist,Weighted Ensemble,Positive adaptive forecast with manageable risk and no weak fundamentals flag,132.7996357628547,0.6591701169957684,131.92999267578125,125.75939915974936,136.30317161196754,115.17877865596184,106.8000030517578,125.4078,152.0069,2026-11-10,106.21802101912212,-0.5449269812788646,105.19233522946362,-1.505306906700238,,,106.8000030517578,109.8053023097296,107.11833318074544,103.02166251115142,118.40073297120128,2026-09-29,106.8000030517578,106.8000030517578,0.2969751811592404,0.2969751811592404,26750846.666666668,751,1.265415,0.011236,3.7125083333333335,31.9952,20.0,8.2645,15.7097,1.3849,22.6458,1.321404,1.283098,4.008179,1.265415,13.009633,1.387321,Stable Watchlist,-0.5449269812788646,106.21802101912212,106.21802101912212,Weighted Ensemble,Adaptive Momentum,Constrained dynamic ensemble excluding XGBoost,2026-07-03,2026-05-22,120.2699966430664,100.3340836408299,128.36030999609855,120.2699966430664,128.93399912516276,124.61219546647844,136.01502256495206,94.29676323829688,108.93871179575578,113.4853033626443,-5.641218483241093,2026-07-07,2026-05-26,118.56999969482422,95.15889714533552,106.5474076139736,112.27796866290193,-5.306596144148395,naive,1.4169998168945326,2.134551822965853,1.26541540180279,2026-11-10,2026-09-29,106.8000030517578,93.2298330022157,121.01564087270792,106.8000030517578,107.11833318074544,109.8053023097296,118.40073297120128,103.02166251115142,105.19233522946362,106.21802101912212,-0.5449269812788646
APA,APA Corporation,Energy,Oil & Gas E&P,2010-01-04,2026-09-29,4106,42.18999862670898,2026-11-10,Moderate,-46.950913102369874,0.0369421073092931,42.45410131565363,37.833145610903344,32.96816816718258,Medium Risk,Above-Sector Volatility,8920000000.0,1434000000.0,5373000000.0,0.0,16.076233183856502,9.704407707951594,65.6590867537847,60.23542600896861,22.45651513837078,168.23140472960617,Above-Sector Profitability,38.61215393922358,-8.480314775882428,Negative Forecast,Weak Fundamentals / Negative Forecast,Weighted Ensemble,Positive adaptive forecast but high volatility risk,40.72999954223633,0.0,40.72999954223633,39.47393315633138,43.72277021408081,25.018892789860622,42.18999862670898,37.2288,51.9501,2026-11-10,38.61215393922358,-8.480314775882428,39.78182653343591,-5.707921715239257,,,42.18999862670898,42.30004405209642,43.63599993387858,29.73227788830481,46.39394232200649,2026-09-29,42.18999862670898,42.18999862670898,0.4245410131565363,0.4245410131565363,5832693.333333333,751,2.087599,0.0,3.8193095,30.3166,20.0,7.3234,14.221,3.1797,24.9592,2.126658,2.088685,6.655371,2.087599,7.819297,2.138247,Weak Fundamentals / Negative Forecast,-8.480314775882428,38.61215393922358,38.61215393922358,Weighted Ensemble,Adaptive Momentum,Constrained dynamic ensemble excluding XGBoost,2026-07-03,2026-05-22,38.79999923706055,34.25716199668435,52.64937324039844,38.79999923706055,38.367000325520834,39.00907483342837,40.19973899406479,50.4012794198347,41.17948882432512,42.46902527866901,9.456252870499858,2026-07-07,2026-05-26,37.5,40.00615848381101,37.24359403135432,38.21406745847124,1.904179889256644,naive,0.806333245171441,1.030307992600447,2.087599317781753,2026-11-10,2026-09-29,42.18999862670898,32.04421028514275,46.52629659335221,42.18999862670898,43.63599993387858,42.30004405209642,46.39394232200649,29.73227788830481,39.78182653343591,38.61215393922358,-8.480314775882428
BKR,Baker Hughes Company,Energy,Oil & Gas Equipment & Services,2010-01-04,2026-09-29,4106,55.91999816894531,2026-11-10,High,236.9151452570159,0.0580063274712811,33.04196365584324,37.833145610903344,0.0,Low Risk,Near-Sector Volatility,27733000000.0,2588000000.0,4712000000.0,2.62,9.331842930804456,9.704407707951594,-3.839129479709148,16.99058882919266,22.45651513837078,-24.34004686612596,Below-Sector Profitability,55.45995659702497,-0.8226780883119246,Neutral Forecast,Stable Watchlist,Weighted Ensemble,Positive adaptive forecast with manageable risk and no weak fundamentals flag,70.02803374556473,0.5139020898941336,69.66999816894531,62.78366635640462,73.77275730314709,49.96388480754664,55.91999816894531,71.1094,90.644,2026-11-10,55.45995659702497,-0.8226780883119246,53.95848848533405,-3.507706988267694,,,55.91999816894531,57.00682904366317,60.47633336385091,53.58705616685691,67.26993101634771,2026-09-29,55.91999816894531,55.91999816894531,0.3304196365584324,0.3304196365584324,7665190.0,751,1.541201,0.0,3.6302705,31.5244,20.0,6.6634,14.4569,2.0136,25.3416,1.5573,1.549362,5.978717,1.541201,9.561842,1.593201,Stable Watchlist,-0.8226780883119246,55.45995659702497,55.45995659702497,Weighted Ensemble,Adaptive Momentum,Constrained dynamic ensemble excluding XGBoost,2026-07-03,2026-05-22,66.05999755859375,59.26198644980859,80.18337559639599,66.05999755859375,64.95766652425131,68.32259605931276,68.59432992406869,73.02230897346138,68.68767056143747,68.93349054047337,4.349823021611373,2026-07-07,2026-05-26,66.7300033569336,73.55074288339408,68.05047954355493,69.14818280821713,3.6238263594096978,naive,0.9285555521647135,1.261957565038881,1.541201397141066,2026-11-10,2026-09-29,55.91999816894531,47.96862030284013,64.12122688385475,55.91999816894531,60.47633336385091,57.00682904366317,67.26993101634771,53.58705616685691,53.95848848533405,55.45995659702497,-0.8226780883119246
COP,ConocoPhillips,Energy,Oil & Gas E&P,2010-01-04,2026-09-29,4106,125.44000244140624,2026-11-10,High,451.8752644517881,0.0642309674577587,31.149723196257227,37.833145610903344,-10.904327057833886,Low Risk,Near-Sector Volatility,58944000000.0,7988000000.0,25570000000.0,6.36,13.55184581976113,9.704407707951594,39.64629504031476,43.38015743756786,22.45651513837078,93.1740395616659,Above-Sector Profitability,114.4456921629429,-8.764596671304146,Negative Forecast,Weak Fundamentals / Negative Forecast,Weighted Ensemble,Classified,126.53265615038111,0.5983919370240333,125.77999877929688,125.61033401489256,130.17795599074591,85.99090105751104,125.44000244140624,115.2515,143.7291,2026-11-10,114.4456921629429,-8.764596671304146,117.38182573729034,-6.4239290077181845,,,125.44000244140624,125.7856853453883,132.40033315022785,87.91350242172543,137.93514578773235,2026-09-29,125.44000244140624,125.44000244140624,0.3114972319625723,0.3114972319625723,6887843.333333333,751,1.545265,0.505618,2.9106746666666665,30.7972,20.0,6.6918,14.0929,3.2321,25.1859,1.547408,1.545265,5.580929,1.545435,5.681782,1.563229,Weak Fundamentals / Negative Forecast,-8.764596671304146,114.4456921629429,114.4456921629429,Weighted Ensemble,Adaptive Momentum,Constrained dynamic ensemble excluding XGBoost,2026-07-03,2026-05-22,120.45999908447266,110.38362048407744,145.41897101559096,120.45999908447266,120.95666758219402,121.15005025846752,123.88743508263016,142.60784881340547,123.31587248748272,126.69598457634736,5.176810177046167,2026-07-07,2026-05-26,116.56999969482422,119.68433125396685,113.4093956608102,116.82250852814298,0.2166156249290686,drift,1.8613624886541555,2.37237666467141,1.545265119707383,2026-11-10,2026-09-29,125.44000244140624,99.812814095004,131.2237969985327,125.44000244140624,132.40033315022785,125.7856853453883,137.93514578773235,87.91350242172543,117.38182573729034,114.4456921629429,-8.764596671304146
CVX,Chevron Corporation,Energy,Oil & Gas Integrated,2010-01-04,2026-09-29,4106,204.3800048828125,2026-11-10,High,368.4548015801446,0.0517699123472619,24.66550564561057,37.833145610903344,-29.638962212062548,Low Risk,Below-Sector Volatility,184432000000.0,12299000000.0,41417000000.0,6.65,6.668582458575519,9.704407707951594,-31.282952455599965,22.45651513837078,22.45651513837078,0.0,Below-Sector Profitability,194.86168159431503,-4.657169518101877,Negative Forecast,Needs Further Review,Weighted Ensemble,Classified,194.42116353340475,0.574810402381904,193.3099975585937,194.9443333943685,200.4539010184152,155.93586160264377,204.3800048828125,181.1135,215.4661,2026-11-10,194.86168159431503,-4.657169518101877,199.7661394710364,-2.257493542199292,,,204.3800048828125,206.0607136985432,207.38933359781905,168.9504846147388,213.8369659833033,2026-09-29,204.3800048828125,204.3800048828125,0.2466550564561057,0.2466550564561057,9285610.0,751,1.22119,0.0,2.324093833333333,30.3617,20.0,6.9449,14.0483,3.3111,25.3341,1.244125,1.221444,4.455831,1.22119,4.535728,1.266245,Needs Further Review,-4.657169518101877,194.86168159431503,194.86168159431503,Weighted Ensemble,Adaptive Momentum,Constrained dynamic ensemble excluding XGBoost,2026-07-03,2026-05-22,191.42999267578125,181.74007591097933,225.3860358992624,191.42999267578125,188.3093338012696,192.95755861300515,198.765331844062,224.1552690257574,198.48086248414657,202.3899090211927,5.725286927202624,2026-07-07,2026-05-26,184.7100067138672,184.62003960070248,180.23383931941856,184.03437944998907,-0.3657772937687786,naive,2.332777404785155,2.950000412632612,1.2211900915849374,2026-11-10,2026-09-29,204.3800048828125,174.8561497868968,217.15607372140397,204.3800048828125,207.38933359781905,206.0607136985432,213.8369659833033,168.9504846147388,199.7661394710364,194.86168159431503,-4.657169518101877
DVN,Devon Energy Corporation,Energy,Oil & Gas E&P,2010-01-04,2026-09-29,4106,46.59999847412109,2026-11-10,High,5.304398416954647,0.041232884718085,36.079089710339005,37.833145610903344,18.004902937892073,Medium Risk,Near-Sector Volatility,17188000000.0,2642000000.0,7558000000.0,4.18,15.371189201768676,9.704407707951594,58.393893417872754,43.9725389806842,22.45651513837078,95.8119445948656,Above-Sector Profitability,43.1917998962628,-7.313731093255294,Negative Forecast,Weak Fundamentals / Negative Forecast,Weighted Ensemble,Positive adaptive forecast with manageable risk and no weak fundamentals flag,51.369998931884766,0.0,51.369998931884766,48.492666753133136,53.85335027603876,35.15721399907915,46.59999847412109,51.1708,63.5923,2026-11-10,43.1917998962628,-7.313731093255294,44.07194577859537,-5.425005962027334,,,46.59999847412109,46.63840685434255,48.3533332824707,34.86821944827383,51.81467733689494,2026-09-29,46.59999847412109,46.59999847412109,0.36079089710339,0.36079089710339,12193996.666666666,751,1.724072,0.0,3.1816815,30.109,20.0,8.1424,14.0258,2.6844,25.0384,1.746243,1.724497,4.647664,1.724072,7.491791,1.755822,Weak Fundamentals / Negative Forecast,-7.313731093255294,43.1917998962628,43.1917998962628,Weighted Ensemble,Adaptive Momentum,Constrained dynamic ensemble excluding XGBoost,2026-07-03,2026-05-22,47.220001220703125,41.56888969084941,56.58422495324471,47.220001220703125,47.708666737874346,47.14612999464487,49.75545679733605,52.39908963081442,47.23609306048943,48.498901073360805,2.708385894951989,2026-07-07,2026-05-26,45.13999938964844,40.68729944181151,42.20659674166123,43.43211753242481,-3.783522109695197,naive,0.7817781236436628,1.0267547290417012,1.7240715948119822,2026-11-10,2026-09-29,46.59999847412109,36.862617400060216,50.60768089342891,46.59999847412109,48.3533332824707,46.63840685434255,51.81467733689494,34.86821944827383,44.07194577859537,43.1917998962628,-7.313731093255294
EOG,"EOG Resources, Inc.",Energy,Oil & Gas E&P,2010-01-04,2026-09-29,4106,139.66000366210938,2026-11-10,High,301.39103989229307,0.0614943663567882,32.345433599699255,37.833145610903344,-1.8371518442782715,Low Risk,Near-Sector Volatility,22582000000.0,4980000000.0,11923000000.0,9.17,22.05296253653352,9.704407707951594,127.24686761113482,52.79868922150385,22.45651513837078,135.11523892364005,Above-Sector Profitability,131.11776215777832,-6.116455162780883,Negative Forecast,Weak Fundamentals / Negative Forecast,Weighted Ensemble,Positive adaptive forecast with manageable risk and no weak fundamentals flag,141.34137853141533,0.5487452280040401,140.57000732421875,137.72417297363282,144.32313083467028,98.97563925337532,139.66000366210938,133.4054,164.1033,2026-11-10,131.11776215777832,-6.116455162780883,132.15738259028976,-5.372061345473905,,,139.66000366210938,140.34138586590618,145.89700164794922,104.69538050001998,156.6196063624065,2026-09-29,139.66000366210938,139.66000366210938,0.3234543359969925,0.3234543359969925,3114350.0,751,1.548636,0.0,2.086955,28.3041,20.0,9.7697,13.5293,5.3242,23.0727,1.58436,1.54871,2.974839,1.548636,3.272061,1.593124,Weak Fundamentals / Negative Forecast,-6.116455162780883,131.11776215777832,131.11776215777832,Weighted Ensemble,Adaptive Momentum,Constrained dynamic ensemble excluding XGBoost,2026-07-03,2026-05-22,141.22000122070312,135.0258864459532,175.62332405047152,141.22000122070312,136.04866689046224,142.45845705287806,130.75362336709736,180.90649867812456,150.4290001661902,153.99251608600923,9.044409258533296,2026-07-07,2026-05-26,136.1999969482422,145.25136754511487,136.04436509313146,138.6013937079244,1.7631400980095195,naive,2.173444620768229,2.853054191132541,1.548635774986392,2026-11-10,2026-09-29,139.66000366210938,113.7542812422789,151.1316089866343,139.66000366210938,145.89700164794922,140.34138586590618,156.6196063624065,104.69538050001998,132.15738259028976,131.11776215777832,-6.116455162780883
FANG,"Diamondback Energy, Inc.",Energy,Oil & Gas E&P,2012-10-12,2026-09-29,3405,183.9499969482422,2026-11-10,High,1428.607024446447,0.1252429728317567,36.20612337648902,37.833145610903344,24.48259212339871,Medium Risk,Near-Sector Volatility,14929000000.0,1664000000.0,10432000000.0,5.73,11.146091499765555,9.704407707951594,14.855968908155797,69.87741978699175,22.45651513837078,211.1676916762312,Above-Sector Profitability,167.60746087743615,-8.884227421544516,Negative Forecast,Weak Fundamentals / Negative Forecast,Weighted Ensemble,Positive adaptive forecast but high volatility risk,207.32369954717703,0.8236612479437448,205.6300048828125,193.2256657918294,214.274048941476,133.8986857257215,183.9499969482422,202.8111,249.8129,2026-11-10,167.60746087743615,-8.884227421544516,168.1673528728785,-8.579855578798643,,,183.9499969482422,185.44749845641104,199.0373331705729,120.97154830325536,218.83458136039172,2026-09-29,183.9499969482422,183.9499969482422,0.3620612337648902,0.3620612337648902,2859986.6666666665,751,1.747666,0.0,2.7780048333333336,29.4448,20.0,8.7862,14.2318,4.1098,23.4273,1.795458,1.751133,4.315843,1.747666,5.235017,1.822912,Weak Fundamentals / Negative Forecast,-8.884227421544516,167.60746087743615,167.60746087743615,Weighted Ensemble,Adaptive Momentum,Constrained dynamic ensemble excluding XGBoost,2026-07-03,2026-05-22,200.7100067138672,185.5318547325319,244.35252277199848,200.7100067138672,197.12333221435543,204.03648370256488,197.11684405104333,241.5240721782959,208.62252748576577,212.92058791592257,6.083693285638131,2026-07-07,2026-05-26,195.1300048828125,192.10175160069667,191.29856858422244,194.07001616877807,-0.5432217944497746,naive,3.4004455566406198,4.450210856599768,1.747666307707678,2026-11-10,2026-09-29,183.9499969482422,142.96703705073213,196.4946712283944,183.9499969482422,199.0373331705729,185.44749845641104,218.83458136039175,120.97154830325536,168.1673528728785,167.60746087743615,-8.884227421544516
FTI,TechnipFMC plc,Energy,Oil & Gas Equipment & Services,2010-01-04,2026-09-29,4106,68.8499984741211,2026-11-10,High,274.06230796123504,0.0692274434124029,34.45433453466024,37.833145610903344,14.033314286872503,Low Risk,Near-Sector Volatility,9932600000.0,963900000.0,1866000000.0,2.34,9.704407707951594,9.704407707951594,0.0,18.786621831141897,22.45651513837078,-16.342220886081495,Above-Sector Profitability,65.59376965555539,-4.7294537265525625,Negative Forecast,Needs Further Review,Weighted Ensemble,Positive adaptive forecast with manageable risk and no weak fundamentals flag,75.97463416356263,0.5354432583994323,75.56999969482422,71.69466705322266,81.15491812569755,50.76017231734261,68.8499984741211,72.6186,89.7703,2026-11-10,65.59376965555539,-4.7294537265525625,64.02886697668282,-7.002369795622304,,,68.8499984741211,72.34006464787636,75.11299896240234,53.32774088474264,87.21653684661445,2026-09-29,68.8499984741211,68.8499984741211,0.3445433453466024,0.3445433453466024,2804576.6666666665,751,1.684412,0.011236,3.378952333333334,32.1437,20.0,8.3402,14.9629,2.6095,21.9437,1.721374,1.69205,4.802733,1.684412,8.574512,1.798633,Needs Further Review,-4.7294537265525625,65.59376965555539,65.59376965555539,Weighted Ensemble,Adaptive Momentum,Constrained dynamic ensemble excluding XGBoost,2026-07-03,2026-05-22,70.98999786376953,63.96240104665706,83.37844388225275,70.98999786376953,73.0433339436849,75.72486524892017,77.86384745064346,73.5708202359617,71.56920087713071,73.02797728434521,2.8707979742253023,2026-07-07,2026-05-26,71.41000366210938,72.19572469754766,70.609661128015,72.52199882166019,1.557198015018234,naive,1.2011112636990018,1.5352573557974647,1.684411783666139,2026-11-10,2026-09-29,68.8499984741211,56.38277140949998,76.30952700741348,68.8499984741211,75.11299896240234,72.34006464787636,87.21653684661445,53.32774088474264,64.02886697668282,65.59376965555539,-4.7294537265525625
HAL,Halliburton Company,Energy,Oil & Gas Equipment & Services,2010-01-04,2026-09-29,4106,31.540000915527344,2026-11-10,High,77.38366441127667,0.0504445556082882,32.92765454046232,37.833145610903344,12.332815414642546,Low Risk,Near-Sector Volatility,22184000000.0,1283000000.0,4099000000.0,1.5,5.783447529751172,9.704407707951594,-40.40391022512036,18.477280923187884,22.45651513837078,-17.719731626496653,Below-Sector Profitability,28.475832918114232,-9.71518043268224,Negative Forecast,Weak Fundamentals / Negative Forecast,Weighted Ensemble,Positive adaptive forecast with manageable risk and no weak fundamentals flag,42.43485953717807,0.318818682151104,42.29999923706055,38.63066685994466,44.959200859069824,23.742736015398908,31.540000915527344,42.273,52.6201,2026-11-10,28.475832918114232,-9.71518043268224,28.245665789061057,-10.444943027393712,,,31.540000915527344,31.24884327057396,34.944332885742185,21.804068877520752,40.43452366075644,2026-09-29,31.540000915527344,31.540000915527344,0.3292765454046232,0.3292765454046232,10995080.0,751,1.663738,0.561798,4.973528333333333,32.4091,20.0,7.1274,15.4953,1.3418,23.6265,1.704161,1.663738,6.341935,1.665957,16.707139,1.75824,Weak Fundamentals / Negative Forecast,-9.71518043268224,28.475832918114232,28.475832918114232,Weighted Ensemble,Adaptive Momentum,Constrained dynamic ensemble excluding XGBoost,2026-07-03,2026-05-22,41.470001220703125,37.714696983699625,49.50170505302911,41.470001220703125,40.33966700236002,41.97704247504484,43.02229123761796,46.80639717148359,42.94321142492419,43.20812199403563,4.1912725395937045,2026-07-07,2026-05-26,41.08000183105469,43.641589485255466,41.24918555871351,41.81596738886724,1.791542173827747,drift,0.5868825835045747,0.7412041326807806,1.6637375772385983,2026-11-10,2026-09-29,31.540000915527344,24.641785022536176,32.90642539242888,31.540000915527344,34.944332885742185,31.248843270573957,40.43452366075644,21.804068877520752,28.245665789061057,28.475832918114232,-9.71518043268224
KMI,"Kinder Morgan, Inc.",Energy,Oil & Gas Midstream,2011-02-11,2026-09-29,3826,30.450000762939453,2026-11-10,High,117.67147979215464,0.0366474167067046,21.471050947194602,37.833145610903344,-24.473413685538013,Low Risk,Near-Sector Volatility,16937000000.0,3056000000.0,7177000000.0,1.37,18.043337072681112,9.704407707951594,85.92929744590975,42.37468264745823,22.45651513837078,88.69660936417453,Above-Sector Profitability,30.4129837145762,-0.1215666582455615,Neutral Forecast,Stable Watchlist,Weighted Ensemble,Positive adaptive forecast with manageable risk and no weak fundamentals flag,33.00936568765079,0.4239937946296588,32.869998931884766,32.653333282470705,33.67781398409889,27.04565860522708,30.450000762939453,31.8122,36.344,2026-11-10,30.4129837145762,-0.1215666582455615,29.72645604646436,-2.376173065176786,,,30.450000762939453,31.23152177937524,31.40533339182536,29.509831063347523,34.257161435816656,2026-09-29,30.450000762939453,30.450000762939453,0.214710509471946,0.214710509471946,12418250.0,751,1.084487,0.0,1.9011023333333328,29.2239,20.0,11.9119,14.6618,2.7778,21.4245,1.135091,1.099833,1.82258,1.084487,5.089604,1.175019,Stable Watchlist,-0.1215666582455615,30.4129837145762,30.4129837145762,Weighted Ensemble,Adaptive Momentum,Constrained dynamic ensemble excluding XGBoost,2026-07-03,2026-05-22,33.790000915527344,33.53800940854241,40.13630164108575,33.790000915527344,32.35933361053467,34.76684688314659,33.05143798179334,42.06772355305133,35.715486974418894,36.689121849164366,8.579819044351678,2026-07-07,2026-05-26,32.869998931884766,34.80243275182145,33.06835400659617,33.606126898211926,2.239513204282756,naive,0.3455556233723961,0.4311534717015496,1.0844869380819113,2026-11-10,2026-09-29,30.450000762939453,27.67619676890554,33.42040043096768,30.450000762939453,31.40533339182536,31.23152177937524,34.257161435816656,29.509831063347523,29.72645604646436,30.4129837145762,-0.1215666582455615
LB,LandBridge Company LLC,Energy,Oil & Gas Equipment & Services,2024-06-28,2026-09-29,461,80.48999786376953,2026-11-10,Moderate,199.71805091319465,0.3321203225419057,56.176186996880084,37.833145610903344,81.47343691933222,High Risk,Above-Sector Volatility,199093000.0,30128000.0,125641000.0,1.082254,15.132626461000635,9.704407707951594,55.93560077449416,63.106688833861554,22.45651513837078,181.0172836035144,Above-Sector Profitability,76.11445779138188,-5.436128945851526,Negative Forecast,Weak Fundamentals / Negative Forecast,Weighted Ensemble,High volatility risk without a strong enough positive signal,68.7300033569336,0.0,68.7300033569336,68.96033312479655,68.1280632019043,47.192921514543656,80.48999786376953,55.261,84.0017,2026-11-10,76.11445779138188,-5.436128945851526,73.688044756571,-8.450681187382973,,,80.48999786376953,86.0059836690116,85.58266626993814,63.25857408208208,86.45999703367178,2026-09-29,80.48999786376953,80.48999786376953,0.5617618699688008,0.5617618699688008,258556.66666666663,565,2.609785,0.0,3.830924333333333,28.7872,20.0,8.3226,13.7768,4.6211,24.4923,2.66163,2.610945,6.236775,2.609785,6.21547,2.650941,Weak Fundamentals / Negative Forecast,-5.436128945851526,76.11445779138188,76.11445779138188,Weighted Ensemble,Adaptive Momentum,Constrained dynamic ensemble excluding XGBoost,2026-07-03,2026-05-22,78.62999725341797,73.80568145460056,121.35196855475613,78.62999725341797,68.76933364868164,84.9291927499576,66.09098079850098,123.31638283759388,94.39405695749316,94.6386006608352,20.359409851971407,2026-07-07,2026-05-26,73.91999816894531,98.212036579341,79.97088149487625,81.8295815848695,10.700194280100916,naive,1.991666242811415,2.6772050989164695,2.609785436095254,2026-11-10,2026-09-29,80.48999786376953,59.473021462302896,97.412415620219,80.48999786376953,85.58266626993814,86.0059836690116,86.45999703367178,63.25857408208208,73.688044756571,76.11445779138188,-5.436128945851526
MPC,Marathon Petroleum Corporation,Energy,Oil & Gas Refining & Marketing,2011-06-24,2026-09-29,3734,392.0299987792969,2026-11-10,High,1930.3221349788591,0.1114855932811514,34.77133852181545,37.833145610903344,3.743326995061184,Low Risk,Near-Sector Volatility,132699000000.0,4047000000.0,11678000000.0,13.24,3.0497592295345104,9.704407707951594,-68.57346350941542,8.800367749568574,22.45651513837078,-60.81151641141484,Below-Sector Profitability,381.12916935969145,-2.780611038325749,Negative Forecast,Needs Further Review,Weighted Ensemble,Positive adaptive forecast with manageable risk and no weak fundamentals flag,250.18708061322496,0.764061129481724,248.2899932861328,232.80833282470704,261.7286049979074,225.33711522813223,392.0299987792969,243.3315,319.5899,2026-11-10,381.12916935969145,-2.780611038325749,392.3714650758389,0.0871020834133309,,,392.0299987792969,407.38600574948345,385.92933349609376,340.6113023384712,373.5735279771934,2026-09-29,392.0299987792969,392.0299987792969,0.3477133852181545,0.3477133852181545,2863723.333333333,751,1.672453,0.651685,4.571998333333333,32.5386,20.0,5.781,14.0198,1.4934,26.1672,1.672453,1.687285,7.984172,1.717893,12.662068,1.708119,Needs Further Review,-2.780611038325749,381.12916935969145,381.12916935969145,Weighted Ensemble,Adaptive Momentum,Constrained dynamic ensemble excluding XGBoost,2026-07-03,2026-05-22,254.6499938964844,225.44440063987275,315.12712758032626,254.6499938964844,239.91266530354807,263.3295110702404,240.4309689581038,286.3966691181273,268.9587794123635,266.5401403216997,4.669211352916296,2026-07-07,2026-05-26,248.0500030517578,235.22096336211868,247.1386568463093,245.789232226072,-0.9114173746710524,adaptive_blended_momentum,5.205509558496178,7.104263326530954,1.672453159010031,2026-11-10,2026-09-29,392.0299987792969,327.1533579690424,444.0102484002437,392.0299987792969,385.92933349609376,407.38600574948345,373.5735279771934,340.6113023384712,392.3714650758389,381.12916935969145,-2.780611038325749
NOV,NOV Inc.,Energy,Oil & Gas Equipment & Services,2010-01-04,2026-09-29,4106,18.979999542236328,2026-11-10,High,-38.16692327335212,0.0244799469143345,33.2114097566337,37.833145610903344,12.782867234583142,Low Risk,Near-Sector Volatility,8744000000.0,145000000.0,888000000.0,0.39,1.6582799634034768,9.704407707951594,-82.91209506743296,10.155535224153706,22.45651513837078,-54.77688696764332,Below-Sector Profitability,17.614380682670376,-7.195041583257317,Negative Forecast,Weak Fundamentals / Negative Forecast,Weighted Ensemble,Positive adaptive forecast with manageable risk and no weak fundamentals flag,20.459999084472656,0.0,20.459999084472656,19.482999992370605,21.52090136210124,13.946641712465258,18.979999542236328,19.2261,24.58,2026-11-10,17.614380682670376,-7.195041583257317,17.231298396353417,-9.213388767431288,,,18.979999542236328,18.923449797720124,20.604333368937173,14.07309248427298,22.696580163457178,2026-09-29,18.979999542236328,18.979999542236328,0.332114097566337,0.332114097566337,3232663.333333333,751,1.665351,0.011236,3.1315441666666666,30.9878,20.0,9.0572,15.139,2.9936,21.8224,1.726419,1.66695,4.238726,1.665351,7.706503,1.785316,Weak Fundamentals / Negative Forecast,-7.195041583257317,17.614380682670376,17.614380682670376,Weighted Ensemble,Adaptive Momentum,Constrained dynamic ensemble excluding XGBoost,2026-07-03,2026-05-22,20.809999465942383,19.39752608670284,26.29291865766859,20.809999465942383,20.09900010426839,21.054926589493945,21.7446601455362,26.29033225577589,22.113180676416363,22.583568707307585,8.522677976363347,2026-07-07,2026-05-26,21.1200008392334,25.748722475756093,22.075232754470804,22.564723682377107,6.840543493066206,naive,0.3336667590671113,0.4194535397683542,1.6653510239155809,2026-11-10,2026-09-29,18.979999542236328,15.223758587571636,20.38040770610527,18.979999542236328,20.604333368937173,18.923449797720124,22.696580163457178,14.07309248427298,17.231298396353417,17.614380682670376,-7.195041583257317
OKE,"ONEOK, Inc.",Energy,Oil & Gas Midstream,2010-01-04,2026-09-29,4106,86.86000061035156,2026-11-10,High,993.377012175056,0.0858319907069183,27.673005566732712,37.833145610903344,-2.804169502432529,Low Risk,Near-Sector Volatility,33629000000.0,3393000000.0,7868000000.0,5.43,10.08950608106099,9.704407707951594,3.968283121430001,23.39647328198876,22.45651513837078,4.18568125030185,Above-Sector Profitability,82.56980018132647,-4.9392129851237945,Negative Forecast,Needs Further Review,Weighted Ensemble,Positive adaptive forecast with manageable risk and no weak fundamentals flag,93.0739111162713,0.6639758142737706,92.45999908447266,88.23199971516927,93.55983625139508,49.15045173658677,86.86000061035156,90.7206,110.4908,2026-11-10,82.56980018132647,-4.9392129851237945,80.34188648956047,-7.504160804730986,,,86.86000061035156,88.04790633588541,93.78200047810871,66.98140104190746,100.59736292706128,2026-09-29,86.86000061035156,86.86000061035156,0.2767300556673271,0.2767300556673271,3659486.6666666665,751,1.369816,0.0,1.8913876666666667,29.2132,20.0,9.784,14.1247,6.0748,20.8033,1.430103,1.377011,2.87108,1.369816,2.821301,1.479015,Needs Further Review,-4.9392129851237945,82.56980018132647,82.56980018132647,Weighted Ensemble,Adaptive Momentum,Constrained dynamic ensemble excluding XGBoost,2026-07-03,2026-05-22,94.02999877929688,91.49032889060618,119.24754251026044,94.02999877929688,88.51166661580403,95.8246151276151,85.62636903454194,126.57813938851191,101.72725141185826,104.45093050643575,11.082560738513289,2026-07-07,2026-05-26,90.44000244140624,98.87969108043396,91.33598581296091,92.97180391630192,2.7994265884014946,naive,1.2387779235839853,1.5665118474148394,1.3698160321965862,2026-11-10,2026-09-29,86.86000061035156,73.12053669128927,93.24017862134168,86.86000061035156,93.78200047810871,88.04790633588541,100.59736292706128,66.98140104190746,80.34188648956047,82.56980018132647,-4.9392129851237945
OXY,Occidental Petroleum Corporation,Energy,Oil & Gas E&P,2010-01-04,2026-09-29,4106,54.93999862670898,2026-11-10,High,20.138661883921547,0.0404558442721474,33.14020946334131,37.833145610903344,10.29806784313748,Low Risk,Near-Sector Volatility,21593000000.0,2326000000.0,11664000000.0,1.65,10.772009447506136,9.704407707951594,11.00120452152655,54.01750567313481,22.45651513837078,140.54269035197143,Above-Sector Profitability,49.24501505048642,-10.365824023617556,Negative Forecast,Weak Fundamentals / Negative Forecast,Weighted Ensemble,Positive adaptive forecast with manageable risk and no weak fundamentals flag,60.65421572091664,0.1225055919755813,60.58000183105469,59.73166681925456,63.09016482035319,38.62510336707555,54.93999862670898,55.4428,73.611,2026-11-10,49.24501505048642,-10.365824023617556,49.697735506348586,-9.541796962863184,,,54.93999862670898,54.66441041215106,59.501333236694336,35.54864891230426,64.43114099176152,2026-09-29,54.93999862670898,54.93999862670898,0.3314020946334131,0.3314020946334131,8261926.666666667,751,1.608923,0.52809,2.743267833333334,29.8221,20.0,7.456,14.155,3.8878,24.6791,1.631705,1.608923,5.043132,1.610063,4.928816,1.636968,Weak Fundamentals / Negative Forecast,-10.365824023617556,49.24501505048642,49.24501505048642,Weighted Ensemble,Adaptive Momentum,Constrained dynamic ensemble excluding XGBoost,2026-07-03,2026-05-22,58.810001373291016,54.107611658793935,77.50812416054386,58.810001373291016,57.3776668548584,58.77555827503533,57.01618719083897,80.21210373729548,62.44080691033293,64.75939686624861,10.116298850588963,2026-07-07,2026-05-26,57.459999084472656,65.02227912202677,58.16766818505078,59.39767950159795,3.3722249356055243,drift,0.9040573251525849,1.17003718063066,1.608922940113059,2026-11-10,2026-09-29,54.93999862670898,42.574797219800544,56.96025972367498,54.93999862670898,59.501333236694336,54.66441041215106,64.43114099176152,35.54864891230426,49.697735506348586,49.24501505048642,-10.365824023617556
PSX,Phillips 66,Energy,Oil & Gas Refining & Marketing,2012-04-12,2026-09-29,3533,252.25,2026-11-10,High,740.658104548348,0.0826393947507881,30.242526610280468,37.833145610903344,-11.272665983855914,Low Risk,Near-Sector Volatility,132376000000.0,4403000000.0,9757000000.0,0.0,3.326131625067988,9.704407707951594,-65.72555765209016,7.370671420801354,22.45651513837078,-67.17802661995714,Below-Sector Profitability,243.34113920303756,-3.5317584923538043,Negative Forecast,Needs Further Review,Weighted Ensemble,Positive adaptive forecast with manageable risk and no weak fundamentals flag,180.4906448848116,0.7483399575786779,179.14999389648438,170.2596659342448,188.30528549920945,147.85712958260444,252.25,177.292,224.0846,2026-11-10,243.3411392030376,-3.5317584923538043,248.20376530885025,-1.6040573602179382,,,252.25,259.94389645939805,253.4096669514974,217.7365399152669,247.18380989028003,2026-09-29,252.25,252.25,0.3024252661028047,0.3024252661028047,3165530.0,751,1.494177,0.550562,3.748373833333333,31.1346,20.0,5.9576,14.3514,2.0336,26.5228,1.499796,1.494177,7.298199,1.497582,9.187296,1.513193,Needs Further Review,-3.5317584923538043,243.3411392030376,243.34113920303756,Weighted Ensemble,Adaptive Momentum,Constrained dynamic ensemble excluding XGBoost,2026-07-03,2026-05-22,177.69000244140625,160.37860510770972,213.89231075950133,177.69000244140625,169.6806666056315,182.13579719548443,178.77542045612722,197.42578755929355,186.2599731750551,185.21271674178743,4.233617084259901,2026-07-07,2026-05-26,173.8800048828125,169.51454173504447,173.3927898127344,173.48573878606408,-0.2267460810195758,drift,3.135334340668919,4.047822736032278,1.4941771918873958,2026-11-10,2026-09-29,252.25,213.07510951729563,277.90627522275435,252.25,253.4096669514974,259.94389645939805,247.18380989028003,217.73653991526692,248.20376530885025,243.34113920303756,-3.5317584923538043
SLB,SLB N.V.,Energy,Oil & Gas Equipment & Services,2010-01-04,2026-09-29,4106,49.869998931884766,2026-11-10,High,24.93308331217705,0.0318589180582352,38.43465940498433,37.833145610903344,-3.801711375769376,Medium Risk,Near-Sector Volatility,35708000000.0,3374000000.0,7899000000.0,2.38,9.44886299988798,9.704407707951594,-2.633284954157742,22.12109331242299,22.45651513837078,-1.493650390013832,Below-Sector Profitability,46.48636595899278,-6.7849068485314055,Negative Forecast,Weak Fundamentals / Negative Forecast,Weighted Ensemble,Positive adaptive forecast with manageable risk and no weak fundamentals flag,56.880001068115234,0.0,56.880001068115234,52.15533320109049,59.71116038731167,31.892103586926225,49.869998931884766,55.03,70.871,2026-11-10,46.48636595899278,-6.7849068485314055,45.78816310225498,-8.184952711158042,,,49.869998931884766,49.57169786540263,54.23433303833008,38.84718534878004,60.08526467408339,2026-09-29,49.869998931884766,49.869998931884766,0.3843465940498433,0.3843465940498433,13640423.333333334,751,1.700236,0.47191,3.999035333333333,29.9384,20.0,7.2078,16.1945,2.4583,24.201,1.788972,1.700236,6.868805,1.70051,10.081285,1.854404,Weak Fundamentals / Negative Forecast,-6.7849068485314055,46.48636595899278,46.48636595899278,Weighted Ensemble,Adaptive Momentum,Constrained dynamic ensemble excluding XGBoost,2026-07-03,2026-05-22,57.27999877929688,53.097802656989714,71.9042727878028,57.27999877929688,54.88933347066243,57.780339585580585,56.55485761525678,71.21375705356583,61.30926456992222,61.78963413616485,7.872966922090656,2026-07-07,2026-05-26,57.97999954223633,68.1842434474854,60.78574159757802,61.19744358134072,5.549230880487679,drift,0.89271990210212,1.2722628679318115,1.7002364188790289,2026-11-10,2026-09-29,49.869998931884766,39.26608370178106,55.03432011416467,49.869998931884766,54.23433303833008,49.57169786540263,60.08526467408339,38.84718534878004,45.78816310225498,46.48636595899278,-6.7849068485314055
VLO,Valero Energy Corporation,Energy,Oil & Gas Refining & Marketing,2010-01-04,2026-09-29,4106,387.7200012207031,2026-11-10,High,2504.5908180884644,0.1091555393071734,35.33301122446924,37.833145610903344,2.504509225982648,Medium Risk,Near-Sector Volatility,129435000000.0,2348000000.0,7850000000.0,7.57,1.814037934098196,9.704407707951594,-81.30707211928235,6.064820180013134,22.45651513837078,-72.99304837530043,Below-Sector Profitability,386.5819201028922,-0.2935317018022629,Neutral Forecast,Stable Watchlist,Weighted Ensemble,Positive adaptive forecast with manageable risk and no weak fundamentals flag,254.3550262590564,0.7027573106080566,252.5800018310547,240.52533518473308,269.2893858410063,197.38517091169672,387.7200012207031,236.2156,312.7781,2026-11-10,386.5819201028922,-0.2935317018022629,398.9343754188855,2.892389910985992,,,387.7200012207031,404.06612700995487,373.2930002848307,361.0522095576072,374.0294697067008,2026-09-29,387.7200012207031,387.7200012207031,0.3533301122446924,0.3533301122446924,3377610.0,751,1.791346,0.573034,3.9750906666666666,31.8084,20.0,6.2404,14.2944,2.322,25.3347,1.81519,1.791346,7.574141,1.803966,9.010408,1.855493,Stable Watchlist,-0.2935317018022629,386.5819201028922,386.5819201028922,Weighted Ensemble,Adaptive Momentum,Constrained dynamic ensemble excluding XGBoost,2026-07-03,2026-05-22,246.9600067138672,213.9394065357397,304.0361189240301,246.9600067138672,242.93433430989583,254.82924380712856,256.66245521314966,265.5406840199331,253.28302433633087,255.03981424090745,3.271706878596617,2026-07-07,2026-05-26,241.4499969482422,222.4697489460553,233.7763074498022,236.5607110221508,-2.0249683114054746,drift,5.502682910960961,6.898975310689003,1.7913464338368108,2026-11-10,2026-09-29,387.7200012207031,331.0163391539053,451.4749372566609,387.7200012207031,373.2930002848307,404.06612700995487,374.0294697067008,361.0522095576072,398.9343754188855,386.5819201028922,-0.2935317018022629
WMB,"The Williams Companies, Inc.",Energy,Oil & Gas Midstream,2010-01-04,2026-09-29,4106,68.62999725341797,2026-11-10,High,864.7074766222182,0.0823603045627629,25.58779354570439,37.833145610903344,-2.6024208118481345,Low Risk,Near-Sector Volatility,11950000000.0,2618000000.0,7624000000.0,2.14,21.90794979079498,9.704407707951594,125.75256986414588,63.79916317991632,22.45651513837078,184.10090696086945,Above-Sector Profitability,66.90043229758717,-2.5201297173950543,Negative Forecast,Needs Further Review,Weighted Ensemble,Positive adaptive forecast with manageable risk and no weak fundamentals flag,76.80987449859731,0.6550608779927364,76.30999755859375,72.55200017293295,78.51623498825799,63.46158572466561,68.62999725341797,77.0011,88.9271,2026-11-10,66.90043229758717,-2.5201297173950543,65.14597036194947,-5.0765365450965225,,,68.62999725341797,70.67582250421896,72.49133427937825,60.36304263444895,79.07962999606735,2026-09-29,68.62999725341797,68.62999725341797,0.2558779354570439,0.2558779354570439,7533930.0,751,1.26576,0.011236,2.18732,30.3989,20.0,10.0824,14.7113,3.1089,21.6985,1.319558,1.27949,2.718498,1.26576,5.182309,1.358305,Needs Further Review,-2.5201297173950543,66.90043229758717,66.90043229758717,Weighted Ensemble,Adaptive Momentum,Constrained dynamic ensemble excluding XGBoost,2026-07-03,2026-05-22,78.47000122070312,78.59274945124174,95.37430783219618,78.47000122070312,74.10100072224935,81.60642374180007,75.58462184878137,101.75158663890927,84.26802843660562,86.57787869624318,10.332454886468014,2026-07-07,2026-05-26,76.33999633789062,83.20473596454042,77.91268135253449,79.0601732313609,3.5632394864553425,naive,0.9276670667860243,1.1842895338738086,1.2657600004168903,2026-11-10,2026-09-29,68.62999725341797,59.78941052403362,74.8571996675725,68.62999725341797,72.49133427937825,70.67582250421896,79.07962999606735,60.36304263444895,65.14597036194947,66.90043229758717,-2.5201297173950543
XOM,Exxon Mobil Corporation,Energy,Oil & Gas Integrated,2010-01-04,2026-09-29,4106,161.35000610351562,2026-11-10,High,310.1142504081458,0.0467591778172356,25.97784914076363,37.833145610903344,-34.00764235173755,Low Risk,Below-Sector Volatility,323905000000.0,28844000000.0,67864000000.0,6.7,8.905080193266544,9.704407707951594,-8.236747040523632,20.951822293573738,22.45651513837078,-6.700473495221977,Below-Sector Profitability,156.70607205013934,-2.878174079768504,Negative Forecast,Needs Further Review,Weighted Ensemble,Classified,155.18285706272658,0.5526179106804637,154.3300018310547,156.65699971516926,160.23113232567198,119.89981468111836,161.35000610351562,140.3233,172.3741,2026-11-10,156.70607205013934,-2.878174079768504,159.8383948306505,-0.9368523183664154,,,161.35000610351562,163.51474634834815,162.4810012817383,139.62111724827042,173.30935321837703,2026-09-29,161.35000610351562,161.35000610351562,0.2597784914076363,0.2597784914076363,14351926.666666666,751,1.252097,0.0,2.5458768333333333,28.7807,20.0,8.3149,15.9431,3.3321,23.6292,1.318758,1.254839,4.239205,1.252097,5.858844,1.351518,Needs Further Review,-2.878174079768504,156.70607205013934,156.70607205013934,Weighted Ensemble,Adaptive Momentum,Constrained dynamic ensemble excluding XGBoost,2026-07-03,2026-05-22,154.9199981689453,146.15539261231984,189.62073200812617,154.9199981689453,151.84366709391276,157.25945240527102,163.77188150376767,190.63178903959908,160.94238946552375,166.47550130299402,7.459013213676295,2026-07-07,2026-05-26,149.80999755859375,150.2006900955506,145.99691139657608,149.5537120066975,-0.171073730774211,naive,1.9136664496527778,2.483944779701222,1.2520973260166013,2026-11-10,2026-09-29,161.35000610351562,139.80966763703887,175.64445601240945,161.35000610351562,162.4810012817383,163.51474634834815,173.30935321837703,139.62111724827042,159.8383948306505,156.70607205013934,-2.878174079768504
AFL,Aflac Incorporated,Financial Services,Insurance - Life,2010-01-04,2026-09-29,4106,113.66000366210938,2026-11-10,High,608.1138313489506,0.0612067111122406,18.24171543343151,29.84936788333878,-12.48979225431864,Low Risk,Near-Sector Volatility,17355000000.0,3646000000.0,,6.84,21.00835494093921,21.641249092229483,-2.9244806923714965,,42.14606004265325,,Below-Sector Profitability,111.12720710704336,-2.2283973899874,Negative Forecast,Needs Further Review,Weighted Ensemble,Classified,113.66999816894533,0.0,113.66999816894533,111.49633331298828,114.54793076288134,112.05393433134958,113.66000366210938,106.9167,121.2342,2026-11-10,111.12720710704336,-2.2283973899874,110.5984026293342,-2.6936485431381456,,,113.66000366210938,115.47615863287974,116.13300018310548,102.74548075743208,121.55892054104606,2026-09-29,113.66000366210938,113.66000366210938,0.1824171543343151,0.1824171543343151,2202043.333333333,751,0.878294,0.0,1.6349563333333332,29.242,20.0,8.0903,15.4908,4.0683,23.1085,0.926259,0.885012,2.970726,0.878294,3.19005,0.959397,Needs Further Review,-2.2283973899874,111.12720710704336,111.12720710704336,Weighted Ensemble,Adaptive Momentum,Constrained dynamic ensemble excluding XGBoost,2026-07-03,2026-05-22,117.86000061035156,113.74828352408107,132.47930597683657,117.86000061035156,115.07766698201496,120.6152030006944,116.53000521484536,133.37608298800734,121.78538313161518,122.75705135480688,4.154972610805522,2026-07-07,2026-05-26,116.81999969482422,120.93400606725832,117.36430200403042,118.31245433988788,1.277567752921162,naive,1.0453333536783849,1.3631240025209552,0.8782941745844057,2026-11-10,2026-09-29,113.66000366210938,102.57162230183069,120.39642039659248,113.66000366210938,116.13300018310548,115.47615863287974,121.55892054104606,102.74548075743208,110.5984026293342,111.12720710704336,-2.2283973899874
AIG,"American International Group, Inc.",Financial Services,Insurance - Diversified,2010-01-04,2026-09-29,4106,75.2699966430664,2026-11-10,High,300.4927225186282,0.0560982316075251,21.28934032611493,29.84936788333878,12.077050185228275,Low Risk,Near-Sector Volatility,26774000000.0,3096000000.0,,5.48,11.563457085231942,21.641249092229483,-46.56751541488461,,42.14606004265325,,Below-Sector Profitability,74.84593839576274,-0.5633828433852138,Neutral Forecast,Stable Watchlist,Weighted Ensemble,Negative adaptive forecast plus below-sector profitability,75.2101590229736,0.5483368375426125,74.80000305175781,75.83333282470703,74.15744272867839,82.48641598171955,75.2699966430664,67.0578,77.8436,2026-11-10,74.84593839576274,-0.5633828433852138,74.64623435571777,-0.8286997677262403,,,75.2699966430664,75.95323084129835,75.70599975585938,73.17953767778043,75.34314209577268,2026-09-29,75.2699966430664,75.2699966430664,0.2128934032611493,0.2128934032611493,4116986.6666666665,751,1.047451,0.011236,1.4471420000000002,28.8824,20.0,9.6318,14.4527,6.5896,20.4435,1.095371,1.049864,2.304377,1.047451,2.06226,1.123529,Stable Watchlist,-0.5633828433852138,74.84593839576274,74.84593839576274,Weighted Ensemble,Adaptive Momentum,Constrained dynamic ensemble excluding XGBoost,2026-07-03,2026-05-22,77.05000305175781,70.52916187937495,85.87064119762732,77.05000305175781,76.82133331298829,78.04994611239758,74.66863821172115,79.15764614972191,77.86316167517158,77.82277528919913,1.0029490030288664,2026-07-07,2026-05-26,77.19000244140625,80.68174771474479,77.59864079412979,78.14176586450111,1.2330138528202912,naive,0.8037781609429253,1.0238176820208766,1.0474507115888156,2026-11-10,2026-09-29,75.2699966430664,68.16511978243095,82.18153965286751,75.2699966430664,75.70599975585938,75.95323084129835,75.34314209577268,73.17953767778043,74.64623435571777,74.84593839576274,-0.5633828433852138
AIZ,"Assurant, Inc.",Financial Services,Insurance - Property & Casualty,2010-01-04,2026-09-29,4106,263.6499938964844,2026-11-10,High,975.4551606052382,0.071108474171624,20.91486432033541,29.84936788333878,-13.840060532882918,Low Risk,Near-Sector Volatility,12814300000.0,872700000.0,,17.14,6.810360300601672,21.641249092229483,-68.5306505572869,,42.14606004265325,,Below-Sector Profitability,248.0685576277782,-5.909894416619571,Negative Forecast,Weak Fundamentals / Negative Forecast,Weighted Ensemble,Positive adaptive forecast with manageable risk and no weak fundamentals flag,237.8361482515695,0.662861959109517,236.27000427246097,222.7230000813802,241.64150492350265,222.9889251257791,263.6499938964844,226.6575,273.9892,2026-11-10,248.0685576277782,-5.909894416619571,245.64840514751936,-6.827835829965123,,,263.6499938964844,270.0753733185876,279.68133138020835,206.3060752216522,288.7967465236979,2026-09-29,263.6499938964844,263.6499938964844,0.2091486432033541,0.2091486432033541,368943.3333333333,751,0.941534,0.0,2.1151401666666665,29.6756,20.0,8.1928,15.8812,2.6853,23.565,0.995671,0.948117,3.303058,0.941534,5.458664,1.043797,Weak Fundamentals / Negative Forecast,-5.909894416619571,248.0685576277782,248.0685576277782,Weighted Ensemble,Adaptive Momentum,Constrained dynamic ensemble excluding XGBoost,2026-07-03,2026-05-22,254.82000732421875,241.07776092116416,304.02629465822343,254.82000732421875,237.64866689046224,261.80596766742497,246.08411885642084,306.261974228841,269.7733624882229,270.7286064998721,6.243073039163739,2026-07-07,2026-05-26,256.010009765625,295.19633909908555,268.11990372717435,268.3997330340859,4.839546422346371,naive,2.5906667073567706,3.651993739947517,0.9415335929005052,2026-11-10,2026-09-29,263.6499938964844,226.29759548174317,271.9339953768575,263.6499938964844,279.68133138020835,270.0753733185876,288.7967465236979,206.3060752216522,245.64840514751936,248.0685576277782,-5.909894416619571
AJG,Arthur J. Gallagher & Co.,Financial Services,Insurance Brokers,2010-01-04,2026-09-29,4106,227.75,2026-11-10,High,1282.5413605697788,0.0727927479540871,33.07680406439676,29.84936788333878,-29.69173034133096,Low Risk,Below-Sector Volatility,13942000000.0,1494000000.0,3678000000.0,5.83252,10.715822694018074,21.641249092229483,-50.48426896086279,26.380720126237268,42.14606004265325,-37.40643823043226,Below-Sector Profitability,210.43258996214416,-7.603692662066229,Negative Forecast,Weak Fundamentals / Negative Forecast,Weighted Ensemble,Negative adaptive forecast plus below-sector profitability,206.3999938964844,0.0,206.3999938964844,216.86200103759765,193.58692350841707,248.00378632146385,227.75,168.0264,213.2701,2026-11-10,210.43258996214416,-7.603692662066229,209.93519317956856,-7.822088614898548,,,227.75,227.86434277432824,249.93133290608725,176.3065348418274,219.91293943493923,2026-09-29,227.75,227.75,0.3307680406439676,0.3307680406439676,1423113.3333333333,751,1.645564,0.0,4.4617695,30.7763,20.0,7.2021,14.5932,1.5023,25.9262,1.662103,1.64746,5.497248,1.645564,14.642302,1.67594,Weak Fundamentals / Negative Forecast,-7.603692662066229,210.43258996214416,210.43258996214416,Weighted Ensemble,Adaptive Momentum,Constrained dynamic ensemble excluding XGBoost,2026-07-03,2026-05-22,204.75,180.12398223201336,242.03025698021432,204.75,209.7326665242513,204.6761461790101,180.11075831179264,223.45385553953025,207.09656599977845,208.79524349925632,1.975698900735699,2026-07-07,2026-05-26,203.9600067138672,221.0238374281212,203.0730665020897,206.687956686213,1.337492588031151,naive,3.9893329196506064,5.060879988746796,1.645563780330434,2026-11-10,2026-09-29,227.75,181.98024683801663,243.33341495899748,227.75,249.93133290608725,227.86434277432824,219.91293943493923,176.3065348418274,209.93519317956856,210.43258996214416,-7.603692662066229
ALL,The Allstate Corporation,Financial Services,Insurance - Property & Casualty,2010-01-04,2026-09-29,4106,225.4199981689453,2026-11-10,High,929.6146849892776,0.0679074064670253,30.233816678178886,29.84936788333878,-21.041411686388752,Low Risk,Near-Sector Volatility,67069000000.0,10282000000.0,,38.56,15.330480549881464,21.641249092229483,-29.16083316380276,,42.14606004265325,,Below-Sector Profitability,205.2803238971044,-8.93428907613904,Negative Forecast,Weak Fundamentals / Negative Forecast,Weighted Ensemble,Classified,218.69355526737112,0.659836507770007,217.2599945068359,211.1686670939128,219.9156069074358,214.81765413695345,225.4199981689453,204.3188,240.9709,2026-11-10,205.2803238971044,-8.93428907613904,202.498858148446,-10.16819279863565,,,225.4199981689453,231.9067079139283,250.52166544596355,151.74216033011962,257.9657636808287,2026-09-29,225.4199981689453,225.4199981689453,0.3023381667817889,0.3023381667817889,1976526.6666666667,751,1.473747,0.0,3.0375255,31.588,20.0,7.7376,14.9899,2.6217,23.0628,1.510375,1.479276,4.853443,1.473747,7.358628,1.549684,Weak Fundamentals / Negative Forecast,-8.93428907613904,205.2803238971044,205.2803238971044,Weighted Ensemble,Adaptive Momentum,Constrained dynamic ensemble excluding XGBoost,2026-07-03,2026-05-22,216.6000061035156,199.8344031903604,243.4488853226661,216.6000061035156,216.3553319295247,222.0438977779725,213.9551894211102,227.28872083441647,218.5861017627547,220.5662320161757,1.8311291786227453,2026-07-07,2026-05-26,212.82000732421875,209.9068899323032,208.95210687794565,212.5770555954265,-0.1141583123912637,naive,3.601556057400175,4.631877181361289,1.473747477995836,2026-11-10,2026-09-29,225.4199981689453,179.7550584206024,234.43018377095237,225.4199981689453,250.52166544596355,231.9067079139283,257.9657636808287,151.74216033011962,202.498858148446,205.2803238971044,-8.93428907613904
AMP,"Ameriprise Financial, Inc.",Financial Services,Asset Management,2010-01-04,2026-09-29,4106,497.3200073242188,2026-11-10,High,1571.3765737219571,0.089524599716827,24.792878933219022,29.84936788333878,8.680880627283136,Low Risk,Near-Sector Volatility,18480000000.0,3563000000.0,,36.85,19.28030303030303,21.641249092229483,-10.909472239170215,,42.14606004265325,,Below-Sector Profitability,450.5554504045471,-9.403313003891364,Negative Forecast,Weak Fundamentals / Negative Forecast,Weighted Ensemble,Positive adaptive forecast with manageable risk and no weak fundamentals flag,478.0522464375839,0.687090678816026,474.7900085449219,452.7620005289713,475.8850373767671,449.4278601984006,497.3200073242188,445.1501,550.1992,2026-11-10,450.5554504045471,-9.403313003891364,451.70306899052446,-9.172552413310653,,,497.3200073242188,505.8015166920634,542.8516713460286,349.5554105636738,524.6975199179177,2026-09-29,497.3200073242188,497.3200073242188,0.2479287893321902,0.2479287893321902,560630.0,751,1.176676,0.561798,2.9470795,31.2939,20.0,6.6381,14.5771,1.9492,25.5417,1.198224,1.176676,4.897879,1.181521,8.010034,1.218143,Weak Fundamentals / Negative Forecast,-9.403313003891364,450.5554504045471,450.5554504045471,Weighted Ensemble,Adaptive Momentum,Constrained dynamic ensemble excluding XGBoost,2026-07-03,2026-05-22,452.30999755859375,387.7659526433562,502.5876323988043,452.30999755859375,465.477333577474,459.75528451454863,447.2830321332167,414.7799712021144,436.2783514415374,441.4593662659014,-2.398936868797981,2026-07-07,2026-05-26,455.5,431.7597993704949,442.67240642400265,448.21521842509947,-1.5992934302745412,drift,5.975578939731807,7.843348342068709,1.1766757294978514,2026-11-10,2026-09-29,497.3200073242188,404.0729410549854,502.3850727525465,497.3200073242188,542.8516713460286,505.8015166920634,524.6975199179177,349.5554105636738,451.70306899052446,450.5554504045471,-9.403313003891364
AON,Aon plc,Financial Services,Insurance Brokers,2010-01-04,2026-09-29,4106,275.8999938964844,2026-11-10,High,870.1011611811705,0.0650891877857219,31.62496671784019,29.84936788333878,-25.959770899361885,Low Risk,Below-Sector Volatility,17197000000.0,3695000000.0,6540000000.0,17.11,21.486305751003083,21.641249092229483,-0.7159630230495034,38.02988893411642,42.14606004265325,-9.76644342168905,Below-Sector Profitability,251.98112930299547,-8.669396564924567,Negative Forecast,Weak Fundamentals / Negative Forecast,Weighted Ensemble,Negative adaptive forecast plus below-sector profitability,313.69280373019217,0.6554820708215124,311.6499938964844,324.1419993082682,307.2709466843378,333.81330918090055,275.8999938964844,259.6982,327.7674,2026-11-10,251.98112930299547,-8.669396564924567,244.80646832685,-11.269853663462,,,275.8999938964844,274.2218690234829,316.67799987792966,204.88852141464952,322.0721999171065,2026-09-29,275.8999938964844,275.8999938964844,0.3162496671784019,0.3162496671784019,1795456.6666666667,751,1.503989,0.0,3.2110106666666667,30.7112,20.0,6.868,14.4732,2.5697,25.3779,1.526198,1.50549,5.74057,1.503989,7.446841,1.542976,Weak Fundamentals / Negative Forecast,-8.669396564924567,251.98112930299547,251.98112930299547,Weighted Ensemble,Adaptive Momentum,Constrained dynamic ensemble excluding XGBoost,2026-07-03,2026-05-22,324.7799987792969,292.69464308936165,382.843569344359,324.7799987792969,321.00099894205727,325.2011292524113,314.3433839539853,363.5787461297965,335.3685823159659,334.7480573331299,3.06917254489147,2026-07-07,2026-05-26,319.2900085449219,341.9678048160263,319.899367957069,323.9586056688405,1.4621807757763867,naive,5.005221896701391,6.685169525231627,1.5039891503110725,2026-11-10,2026-09-29,275.8999938964844,219.30494096278625,289.5260327745524,275.8999938964844,316.67799987792966,274.2218690234829,322.0721999171065,204.88852141464952,244.80646832685,251.98112930299547,-8.669396564924567
AXP,American Express Company,Financial Services,Credit Services,2010-01-04,2026-09-29,4106,305.3999938964844,2026-11-10,High,897.6548889622956,0.0728186793789504,24.43808298577606,29.84936788333878,-2.271536674877797,Low Risk,Near-Sector Volatility,72230000000.0,10833000000.0,,15.41,14.997923300567631,21.641249092229483,-30.6975154869744,,42.14606004265325,,Below-Sector Profitability,292.99262006109444,-4.062663419566218,Negative Forecast,Needs Further Review,Weighted Ensemble,Classified,325.1742439595268,0.6575626828128535,323.04998779296875,312.49048767089846,330.04997180757067,389.4175838263852,305.3999938964844,291.8085,365.5578,2026-11-10,292.99262006109444,-4.062663419566218,290.10838262201975,-5.007076483324271,,,305.3999938964844,314.2537450022334,323.0083333333333,254.74936252960683,315.15809341305135,2026-09-29,305.3999938964844,305.3999938964844,0.2443808298577606,0.2443808298577606,2916170.0,751,1.158427,0.0,2.0796233333333336,30.8786,20.0,7.8083,14.9243,4.1963,22.1926,1.213174,1.168061,3.776321,1.158427,3.901506,1.260251,Needs Further Review,-4.062663419566218,292.99262006109444,292.99262006109444,Weighted Ensemble,Adaptive Momentum,Constrained dynamic ensemble excluding XGBoost,2026-07-03,2026-05-22,311.7799987792969,272.5356067307019,353.141496215038,311.7799987792969,318.7573313395182,320.79791137058464,342.0761328030484,299.3698609522091,307.4696419235753,310.2315779103624,-0.4966389361078281,2026-07-07,2026-05-26,310.7200012207031,305.96899585969675,308.4831287661116,311.581662181134,0.2773110701099778,naive,3.825999281141493,5.047188914103296,1.1584266428112024,2026-11-10,2026-09-29,305.3999938964844,263.1751743150843,326.1883482500824,305.3999938964844,323.0083333333333,314.2537450022334,315.15809341305135,254.74936252960683,290.10838262201975,292.99262006109444,-4.062663419566218
BAC,Bank of America Corporation,Financial Services,Banks - Diversified,2010-01-04,2026-09-29,4106,54.959999084472656,2026-11-10,High,341.78967746450587,0.0579254897993609,21.28004274045288,29.84936788333878,10.797833741846478,Low Risk,Near-Sector Volatility,113097000000.0,30509000000.0,,3.86,26.97595869032777,21.641249092229483,24.65065475362867,,42.14606004265325,,Above-Sector Profitability,51.69572225763612,-5.939368415598759,Negative Forecast,Weak Fundamentals / Negative Forecast,Weighted Ensemble,Classified,53.762258903698566,0.5653943591512337,53.459999084472656,51.03433329264323,55.16829363505045,58.34376842007734,54.959999084472656,50.2393,59.7485,2026-11-10,51.69572225763612,-5.939368415598759,50.9365768649066,-7.320637348232341,,,54.959999084472656,56.57025475745768,60.33700002034505,43.27111534795415,60.69323539732599,2026-09-29,54.959999084472656,54.959999084472656,0.2128004274045288,0.2128004274045288,35135090.0,751,0.994709,0.550562,2.564559,32.7098,20.0,6.5272,15.2075,2.1002,23.4552,1.029036,0.994709,4.658902,1.003695,6.644392,1.05662,Weak Fundamentals / Negative Forecast,-5.939368415598759,51.69572225763612,51.69572225763612,Weighted Ensemble,Adaptive Momentum,Constrained dynamic ensemble excluding XGBoost,2026-07-03,2026-05-22,51.79999923706055,47.42293423686581,58.86989905617176,51.79999923706055,52.26833305358887,53.0435985202106,54.54006799563238,53.29824815481335,52.91230219933903,52.8373291477887,2.0025674247230327,2026-07-07,2026-05-26,52.20000076293945,57.48024059368914,53.9351876930288,54.289586312760726,4.003037393257703,drift,0.5833375692670448,0.7847758900192616,0.9947091925154846,2026-11-10,2026-09-29,54.959999084472656,47.083236158890095,56.760068290973926,54.959999084472656,60.33700002034505,56.57025475745768,60.69323539732599,43.27111534795415,50.9365768649066,51.69572225763612,-5.939368415598759
BEN,"Franklin Resources, Inc.",Financial Services,Asset Management,2010-01-04,2026-09-29,4106,32.66999816894531,2026-11-10,High,53.17475063754124,0.0292696950008054,25.35180319098546,29.84936788333878,3.273273396993344,Low Risk,Near-Sector Volatility,8770700000.0,524900000.0,1760000000.0,0.91,5.984699054807484,21.641249092229483,-72.34587047493321,20.066813367234086,42.14606004265325,-52.38745128981027,Below-Sector Profitability,32.24251269009888,-1.3084955702653955,Neutral Forecast,Stable Watchlist,Weighted Ensemble,Positive adaptive forecast with manageable risk and no weak fundamentals flag,30.04603423561161,0.2537034501139871,29.96999931335449,25.445047887166343,31.42653247288295,26.781721924275487,32.66999816894531,31.2404,39.7152,2026-11-10,32.24251269009888,-1.3084955702653955,31.85391765730252,-2.4979508949545104,,,32.66999816894531,33.06399172784635,33.69866663614909,30.87841638580585,36.75821120774152,2026-09-29,32.66999816894531,32.66999816894531,0.2535180319098546,0.2535180319098546,3530713.333333333,751,1.222717,0.022472,2.5548501666666668,30.0424,20.0,9.1624,14.3681,2.0085,24.4185,1.261026,1.229118,2.85488,1.222717,7.502528,1.258832,Stable Watchlist,-1.3084955702653955,32.24251269009888,32.24251269009888,Weighted Ensemble,Adaptive Momentum,Constrained dynamic ensemble excluding XGBoost,2026-07-03,2026-05-22,31.020000457763672,26.95883815762126,35.795058509465136,31.020000457763672,29.447333272298177,31.320025187322173,27.93694473487848,30.93017790678745,31.589708071513364,31.06433951010796,0.1429369815924268,2026-07-07,2026-05-26,31.670000076293945,32.03274809333945,32.63396023329343,31.917671248648595,0.7820371700600034,naive,0.40500000847710504,0.5251805088952834,1.2227169843381636,2026-11-10,2026-09-29,32.66999816894531,28.84525224419492,36.0398867643947,32.66999816894531,33.69866663614909,33.06399172784635,36.75821120774152,30.87841638580585,31.85391765730252,32.24251269009888,-1.3084955702653955
BLK,"BlackRock, Inc.",Financial Services,Asset Management,2010-01-04,2026-09-29,4106,1067.93994140625,2026-11-10,High,576.7542732038191,0.0616862452662117,27.1007046628916,29.84936788333878,-7.603357635518434,Low Risk,Near-Sector Volatility,24216000000.0,5553000000.0,9480000000.0,35.83,22.931119920713577,21.641249092229483,5.960242049740262,39.14767096134787,42.14606004265325,-7.114280856314694,Above-Sector Profitability,1078.9811334831952,1.0338776225942354,Neutral Forecast,Stable Watchlist,Weighted Ensemble,Positive adaptive forecast with manageable risk and no weak fundamentals flag,1072.2368272230774,0.62282768292018,1065.5999755859375,1005.6519958496094,1085.084228515625,1211.6425040971703,1067.93994140625,1000.369,1237.6524,2026-11-10,1078.9811334831952,1.0338776225942354,1060.8957538955665,-0.6596052116383826,,,1067.93994140625,1089.8310669598516,1107.1613321940104,1096.2705913957416,1051.9655383815475,2026-09-29,1067.93994140625,1067.93994140625,0.271007046628916,0.271007046628916,557893.3333333334,751,1.363157,0.0,2.528979833333333,31.2755,20.0,7.6824,14.8173,3.5588,22.666,1.401874,1.368751,4.434568,1.363157,5.153952,1.451577,Stable Watchlist,1.0338776225942354,1078.9811334831952,1078.9811334831952,Weighted Ensemble,Adaptive Momentum,Constrained dynamic ensemble excluding XGBoost,2026-07-03,2026-05-22,1073.0,927.9571248142754,1222.9672354320642,1073.0,1060.7003295898437,1093.9044336526456,1047.6928109093535,1038.2785465838,1066.4852228363666,1065.2986245807328,-0.7177423503510858,2026-07-07,2026-05-26,1077.4000244140625,1065.7253142026543,1077.556090733363,1076.6359275266996,-0.0709204445933151,naive,14.513675944010414,17.991580035200183,1.3631566640029922,2026-11-10,2026-09-29,1067.93994140625,957.907471643671,1215.3577677132348,1067.93994140625,1107.1613321940104,1089.8310669598516,1051.9655383815475,1096.2705913957416,1060.8957538955665,1078.9811334831952,1.0338776225942354
C,Citigroup Inc.,Financial Services,Banks - Diversified,2010-01-04,2026-09-29,4106,130.8000030517578,2026-11-10,High,409.93574122545454,0.0624625042361514,26.851070853709107,29.84936788333878,13.2898075986644,Low Risk,Near-Sector Volatility,85213000000.0,14309000000.0,,7.107533,16.79203877342659,21.641249092229483,-22.407257077152963,,42.14606004265325,,Below-Sector Profitability,128.0260637764383,-2.1207486319567344,Negative Forecast,Needs Further Review,Weighted Ensemble,Classified,128.73188683699166,0.587500750379793,127.9800033569336,121.69399922688802,135.22348222278413,124.84973427154024,130.8000030517578,114.9696,147.7976,2026-11-10,128.0260637764383,-2.1207486319567344,126.7548013312552,-3.0926617936713074,,,130.8000030517578,137.079926645476,133.99666544596354,115.92756707994958,147.02947987703857,2026-09-29,130.8000030517578,130.8000030517578,0.2685107085370911,0.2685107085370911,9338976.666666666,751,1.265354,0.539326,2.15438,30.0682,20.0,8.1016,13.8358,3.5073,24.487,1.279438,1.265354,3.501062,1.27194,4.31397,1.294516,Needs Further Review,-2.1207486319567344,128.0260637764383,128.0260637764383,Weighted Ensemble,Adaptive Momentum,Constrained dynamic ensemble excluding XGBoost,2026-07-03,2026-05-22,125.08999633789062,108.60349235048368,147.4457157921632,125.08999633789062,127.2913324991862,130.19337375753412,133.4531245653434,123.7200641184546,125.68305466555202,126.54295581795849,1.161531315536329,2026-07-07,2026-05-26,126.86000061035156,129.9389020435109,130.00093152098137,129.8862845958416,2.385530483154593,drift,1.7039612057039837,2.274111768611268,1.2653539930364546,2026-11-10,2026-09-29,130.8000030517578,113.78479720126413,144.0497624396746,130.8000030517578,133.99666544596354,137.079926645476,147.02947987703857,115.92756707994958,126.7548013312552,128.0260637764383,-2.1207486319567344
CB,Chubb Limited,Financial Services,Insurance - Property & Casualty,2010-01-04,2026-09-29,4106,332.0799865722656,2026-11-10,High,820.1029531903026,0.0636418609408481,21.73616935570573,29.84936788333878,-26.6077729844784,Low Risk,Below-Sector Volatility,59783000000.0,10310000000.0,,25.678705,17.24570530083803,21.641249092229483,-20.310952351496752,,42.14606004265325,,Below-Sector Profitability,326.9369215785477,-1.5487428335578783,Neutral Forecast,Stable Watchlist,Weighted Ensemble,Classified,329.1300401861862,0.6513884361425667,327.0,327.10033162434894,332.21920703706286,294.66696409134926,332.0799865722656,303.7036,347.2423,2026-11-10,326.9369215785477,-1.5487428335578783,323.93467160728954,-2.4528171809003423,,,332.0799865722656,338.4574076434327,339.5489990234375,304.38693123607874,361.7160810227805,2026-09-29,332.0799865722656,332.0799865722656,0.2173616935570573,0.2173616935570573,1668213.3333333333,751,1.026221,0.0,1.666056166666667,30.5835,20.0,9.1068,14.728,4.3202,21.2615,1.075616,1.032255,2.58513,1.026221,3.170719,1.106396,Stable Watchlist,-1.5487428335578783,326.9369215785477,326.9369215785477,Weighted Ensemble,Adaptive Momentum,Constrained dynamic ensemble excluding XGBoost,2026-07-03,2026-05-22,327.8900146484375,311.96947406912443,363.8387994380415,327.8900146484375,325.9970011393229,334.6604968809904,339.74770768444813,353.9397492636623,333.42552481604315,336.9074040543298,2.750126262783788,2026-07-07,2026-05-26,325.45001220703125,341.53013595006405,326.1201800630335,331.0902776020308,1.7330665796416025,naive,3.501332939995661,4.65895014019868,1.0262209332308039,2026-11-10,2026-09-29,332.0799865722656,297.1704883776657,359.68494474261786,332.0799865722656,339.5489990234375,338.4574076434327,361.7160810227805,304.38693123607874,323.93467160728954,326.9369215785477,-1.5487428335578783
CBOE,"Cboe Global Markets, Inc.",Financial Services,Financial Data & Stock Exchanges,2010-06-15,2026-09-29,3994,261.75,2026-11-10,Moderate,1057.220859098312,0.073337358749498,46.38495649981799,29.84936788333878,-17.780590758139862,Medium Risk,Near-Sector Volatility,4714200000.0,1100000000.0,1741300000.0,0.0,23.33375758347121,21.641249092229483,7.820752323623707,36.93733825463493,42.14606004265325,-12.35873954231288,Above-Sector Profitability,254.910792450943,-2.61287776468271,Negative Forecast,Needs Further Review,Weighted Ensemble,Classified,302.14978627778817,0.6863907377899701,300.0899963378906,293.43633626302085,310.1108173188709,285.85918417671974,261.75,274.0854,327.6328,2026-11-10,254.910792450943,-2.61287776468271,248.313811221764,-5.133214432945936,,,261.75,267.17038438723506,286.175998433431,237.31979682144285,310.58797855853425,2026-09-29,261.75,261.75,0.4638495649981799,0.4638495649981799,1103230.0,751,2.208018,0.606742,4.9533925000000005,31.5426,20.0,6.1539,14.0567,2.3373,25.9096,2.208018,2.227679,9.554547,2.215108,11.273175,2.241828,Needs Further Review,-2.61287776468271,254.910792450943,254.910792450943,Weighted Ensemble,Adaptive Momentum,Constrained dynamic ensemble excluding XGBoost,2026-07-03,2026-05-22,357.3500061035156,325.20187112439896,419.9575273652794,357.3500061035156,328.8450012207031,371.4400915651001,323.58185323687786,385.07253478023375,373.48858072321855,369.5551023757687,3.4154459392166734,2026-07-07,2026-05-26,354.489990234375,366.79731216770006,363.6436533816478,360.9962823218892,1.8353951498637573,adaptive_blended_momentum,6.258957145147131,8.508127485065538,2.208018160755924,2026-11-10,2026-09-29,261.75,207.9295842429415,312.50729589324214,261.75,286.175998433431,267.17038438723506,310.58797855853425,237.31979682144285,248.313811221764,254.910792450943,-2.61287776468271
CFG,"Citizens Financial Group, Inc.",Financial Services,Banks - Regional,2014-09-24,2026-09-29,2917,63.88999938964844,2026-11-10,High,319.1877869553506,0.076165573622214,25.03610466549504,29.84936788333878,23.241628829035125,Low Risk,Near-Sector Volatility,8247000000.0,1831000000.0,,3.9,22.202012853158728,21.641249092229483,2.5911801973139927,,42.14606004265325,,Above-Sector Profitability,59.676560430398055,-6.594833306467445,Negative Forecast,Weak Fundamentals / Negative Forecast,Weighted Ensemble,Classified,65.55959047505885,0.7833780159788504,65.05000305175781,62.324667104085286,68.48149490356445,60.12431297567123,63.88999938964844,60.3621,73.2329,2026-11-10,59.676560430398055,-6.594833306467445,58.977906119434266,-7.688360177085926,,,63.88999938964844,66.23865462886303,68.68600031534831,48.08150652754748,75.07454166468531,2026-09-29,63.88999938964844,63.88999938964844,0.2503610466549504,0.2503610466549504,3526440.0,751,1.175832,0.011236,2.1957578333333334,30.5265,20.0,7.0815,14.387,3.3485,24.6565,1.188388,1.178394,4.063557,1.175832,4.367576,1.2008,Weak Fundamentals / Negative Forecast,-6.594833306467445,59.676560430398055,59.676560430398055,Weighted Ensemble,Adaptive Momentum,Constrained dynamic ensemble excluding XGBoost,2026-07-03,2026-05-22,62.88999938964844,55.62229678927448,71.42698642681414,62.88999938964844,63.71866747538249,64.96534877703618,69.1984993244244,60.43584740495935,63.05677117582832,63.03120685657015,0.2245308765974576,2026-07-07,2026-05-26,63.650001525878906,68.33774744168495,65.75684288820486,66.00879241866366,3.705877197545256,naive,0.80911144680447,1.0824102164163087,1.1758321732236034,2026-11-10,2026-09-29,63.88999938964844,53.46276184011976,66.612568117094,63.88999938964844,68.68600031534831,66.23865462886303,75.07454166468531,48.08150652754748,58.977906119434266,59.676560430398055,-6.594833306467445
CINF,Cincinnati Financial Corporation,Financial Services,Insurance - Property & Casualty,2010-01-04,2026-09-29,4106,161.1300048828125,2026-11-10,High,957.1281802513834,0.0703497984077144,23.28110768754908,29.84936788333878,-14.677184991444843,Low Risk,Near-Sector Volatility,12631000000.0,2393000000.0,,15.32,18.94545166653472,21.641249092229483,-12.45675521873052,,42.14606004265325,,Below-Sector Profitability,153.81554651167306,-4.539476292115261,Negative Forecast,Needs Further Review,Weighted Ensemble,Classified,164.6825209511909,0.6616838675362421,163.60000610351562,161.5351333618164,166.8008586338588,175.55345552213043,161.1300048828125,151.1418,176.2225,2026-11-10,153.81554651167306,-4.539476292115261,151.40210883084134,-6.037296442115864,,,161.1300048828125,164.23021353012948,168.9296681722005,133.2362723141301,175.6295622014522,2026-09-29,161.1300048828125,161.1300048828125,0.2328110768754908,0.2328110768754908,595360.0,751,1.088718,0.0,1.9441428333333333,30.7148,20.0,8.1306,15.0571,4.0072,22.0902,1.130596,1.092217,3.484314,1.088718,3.695648,1.173364,Needs Further Review,-4.539476292115261,153.81554651167306,153.81554651167306,Weighted Ensemble,Adaptive Momentum,Constrained dynamic ensemble excluding XGBoost,2026-07-03,2026-05-22,168.10000610351562,159.77823184160937,190.58242853608712,168.10000610351562,164.5856674194336,171.43645125003692,170.25547454261343,189.5628968413,172.9549823296724,174.50192965000664,3.808401733518515,2026-07-07,2026-05-26,167.0399932861328,178.68329590683098,169.62139702954653,170.882702222698,2.300472396441472,naive,1.893111165364582,2.5614163454162577,1.0887180906366352,2026-11-10,2026-09-29,161.1300048828125,138.86577343190152,170.37475660110675,161.1300048828125,168.9296681722005,164.23021353012948,175.6295622014522,133.2362723141301,151.40210883084134,153.81554651167306,-4.539476292115261
CLSK,"CleanSpark, Inc.",Financial Services,Capital Markets,2016-11-16,2026-09-29,2375,13.3100004196167,2026-11-10,Moderate,-64.09742353827693,0.414184484066626,87.29959435077976,29.84936788333878,529.1189181839335,High Risk,Above-Sector Volatility,766314000.0,364464000.0,763245000.0,1.25,47.56066051253141,21.641249092229483,119.76855545555624,99.59951142743051,42.14606004265325,136.31986317732293,Above-Sector Profitability,13.91084947461794,4.514267738982868,Positive Forecast,Needs Further Review,Weighted Ensemble,Positive adaptive forecast but high volatility risk,12.529999732971191,0.0,12.529999732971191,10.481666723887123,13.016904513041178,17.575722331078758,13.3100004196167,10.3022,19.7175,2026-11-10,13.91084947461794,4.514267738982868,13.250050289521107,-0.4504141863679839,,,13.3100004196167,13.985619235733555,12.922666708628336,15.61472081979003,12.456102499304158,2026-09-29,13.3100004196167,13.3100004196167,0.8729959435077976,0.8729959435077976,18053916.666666668,751,4.474073,0.0,6.941561666666666,29.7761,20.0,8.1067,14.0823,4.1521,23.8828,4.565796,4.494561,11.38691,4.474073,12.132972,4.595058,Needs Further Review,4.514267738982868,13.91084947461794,13.91084947461794,Weighted Ensemble,Adaptive Momentum,Constrained dynamic ensemble excluding XGBoost,2026-07-03,2026-05-22,15.970000267028809,12.61585650136962,27.70382774771483,15.970000267028809,12.995999972025553,16.796223302673138,12.3307445786065,22.717193535663,19.683369746536737,18.695120095999176,17.06399363434307,2026-07-07,2026-05-26,17.1299991607666,26.865186421266625,21.15269587275688,20.65717783291588,20.590652918580943,naive,0.6246666696336536,0.7554638165873818,4.474072656769818,2026-11-10,2026-09-29,13.3100004196167,9.480768442522756,20.410975574252745,13.3100004196167,12.922666708628336,13.985619235733555,12.456102499304158,15.61472081979003,13.250050289521107,13.91084947461794,4.514267738982868
CME,CME Group Inc.,Financial Services,Financial Data & Stock Exchanges,2010-01-04,2026-09-29,4106,263.2200012207031,2026-11-10,High,708.8696804960878,0.0627468760367177,29.06060736892796,29.84936788333878,-18.56122433473276,Low Risk,Near-Sector Volatility,6520600000.0,4072200000.0,5834800000.0,11.18,62.4513081618256,21.641249092229483,188.57534006320088,89.48256295432935,42.14606004265325,112.31536913241702,Above-Sector Profitability,253.6390709994269,-3.6398944521099774,Negative Forecast,Needs Further Review,Weighted Ensemble,Classified,289.66339601059053,0.6404657909327588,287.82000732421875,295.7256632486979,290.8558596656436,293.37471299766696,263.2200012207031,262.6753,305.3262,2026-11-10,253.6390709994269,-3.6398944521099774,252.81039229145452,-3.954718061307352,,,263.2200012207031,266.11994132961144,275.0900014241536,230.595673459248,268.2945019266681,2026-09-29,263.2200012207031,263.2200012207031,0.2906060736892796,0.2906060736892796,1844310.0,751,1.40626,0.561798,3.4698125,33.0996,20.0,6.5241,14.9207,2.1618,23.2939,1.40626,1.414945,6.173084,1.408696,8.93271,1.48318,Needs Further Review,-3.6398944521099774,253.6390709994269,253.6390709994269,Weighted Ensemble,Adaptive Momentum,Constrained dynamic ensemble excluding XGBoost,2026-07-03,2026-05-22,291.2300109863281,272.1838382422264,334.15683376673746,291.2300109863281,290.3759999593099,296.9348836546744,301.1117600271407,323.3455683322645,294.20965967525814,301.5826413928696,3.55479518456204,2026-07-07,2026-05-26,282.5400085449219,282.4201083950588,272.20990315548704,281.43385865463085,-0.3915020375300766,adaptive_blended_momentum,3.629290749127062,4.727325574472295,1.4062602415821126,2026-11-10,2026-09-29,263.2200012207031,223.24804300194907,288.1672666527728,263.2200012207031,275.0900014241536,266.11994132961144,268.2945019266681,230.595673459248,252.81039229145455,253.6390709994269,-3.6398944521099774
COF,Capital One Financial Corporation,Financial Services,Credit Services,2010-01-04,2026-09-29,4106,196.4600067138672,2026-11-10,High,526.9978229306511,0.0681220241669153,28.69377617125396,29.84936788333878,14.806115268281657,Low Risk,Near-Sector Volatility,53434000000.0,2453000000.0,,4.03,4.590710034809298,21.641249092229483,-78.78722242304562,,42.14606004265325,,Below-Sector Profitability,188.88178987509588,-3.85738398645611,Negative Forecast,Needs Further Review,Weighted Ensemble,Negative adaptive forecast plus below-sector profitability,192.47507878720543,0.6142580850506804,191.3000030517578,190.5790003458659,192.57125636509485,252.4374563576532,196.4600067138672,162.247,210.7458,2026-11-10,188.88178987509588,-3.85738398645611,186.0494339662686,-5.299079910325463,,,196.4600067138672,202.2433482138537,209.66400095621745,168.3177837268498,194.09411287988613,2026-09-29,196.4600067138672,196.4600067138672,0.2869377617125396,0.2869377617125396,3404520.0,751,1.376634,0.011236,2.9074858333333338,29.3504,20.0,8.2684,15.8038,2.7482,23.8292,1.447802,1.384907,4.420203,1.376634,7.339901,1.475468,Needs Further Review,-3.85738398645611,188.88178987509588,188.88178987509588,Weighted Ensemble,Adaptive Momentum,Constrained dynamic ensemble excluding XGBoost,2026-07-03,2026-05-22,187.7899932861328,159.2404263719909,220.62625296364848,187.7899932861328,192.3853322347005,192.4058562941754,200.6941082071189,182.80988980799208,185.61715611706293,187.4369723154589,-0.1879871043693108,2026-07-07,2026-05-26,186.4199981689453,194.0941012357849,186.41918249546325,189.78016521355948,1.8024713429988244,naive,2.78833346896701,3.6173873237238667,1.376633769981027,2026-11-10,2026-09-29,196.4600067138672,166.51803160778988,214.24905280198436,196.4600067138672,209.66400095621745,202.24334821385372,194.09411287988615,168.3177837268498,186.0494339662686,188.88178987509588,-3.85738398645611
FITB,Fifth Third Bancorp,Financial Services,Banks - Regional,2010-01-04,2026-09-29,4106,50.970001220703125,2026-11-10,High,714.7587447235609,0.0746910492916723,23.79718634595423,29.84936788333878,15.272138507000218,Low Risk,Near-Sector Volatility,8821000000.0,2522000000.0,,3.56,28.590862713978005,21.641249092229483,32.1128119367373,,42.14606004265325,,Above-Sector Profitability,48.24270826993664,-5.350780626739932,Negative Forecast,Weak Fundamentals / Negative Forecast,Weighted Ensemble,Positive adaptive forecast with manageable risk and no weak fundamentals flag,51.08543023470694,0.6411188414789292,50.7599983215332,48.157673899332686,52.64718219212124,45.46679940543886,50.970001220703125,47.1873,57.989,2026-11-10,48.24270826993664,-5.350780626739932,47.64323253957812,-6.526915050913767,,,50.970001220703125,52.48565076784098,53.87399978637696,41.305834243401534,58.40216968915357,2026-09-29,50.970001220703125,50.970001220703125,0.2379718634595423,0.2379718634595423,5557370.0,751,1.083833,0.539326,2.228520833333333,31.2921,20.0,7.0197,14.2707,2.6697,24.7478,1.093171,1.083833,3.987818,1.085799,5.012,1.108504,Weak Fundamentals / Negative Forecast,-5.350780626739932,48.24270826993664,48.24270826993664,Weighted Ensemble,Adaptive Momentum,Constrained dynamic ensemble excluding XGBoost,2026-07-03,2026-05-22,49.47999954223633,44.11457972555275,57.07540759932169,49.47999954223633,49.54000002543132,50.77285708916389,52.13910940427369,49.9327348152048,50.28489783211632,50.17825842841396,1.4111942050071964,2026-07-07,2026-05-26,49.81999969482422,53.501543012680656,51.39875128605095,51.56080687499619,3.494193478192311,drift,0.5891237419186196,0.8085685654339161,1.083832562721035,2026-11-10,2026-09-29,50.970001220703125,43.45525740871059,53.55759095680088,50.970001220703125,53.87399978637696,52.48565076784098,58.40216968915357,41.305834243401534,47.64323253957812,48.24270826993664,-5.350780626739932
GL,Globe Life Inc.,Financial Services,Insurance - Life,2010-01-04,2026-09-29,4106,166.0800018310547,2026-11-10,High,800.4284116268846,0.0715152426011337,21.84676995267721,29.84936788333878,-5.058156177384248,Low Risk,Near-Sector Volatility,5994318000.0,1161238000.0,,14.27,19.37231224636397,21.641249092229483,-10.484315559586609,,42.14606004265325,,Below-Sector Profitability,160.6339398959076,-3.2791798380921984,Negative Forecast,Needs Further Review,Weighted Ensemble,Positive adaptive forecast with manageable risk and no weak fundamentals flag,155.302417536746,0.6496529262231662,154.3000030517578,145.4410654703776,158.0354926699684,151.46979950829768,166.0800018310547,150.7919,170.8213,2026-11-10,160.6339398959076,-3.2791798380921984,159.52019968027432,-3.9497844884740223,,,166.0800018310547,168.9317354834582,171.81700032552084,146.20051725199866,184.82680492298,2026-09-29,166.0800018310547,166.0800018310547,0.2184676995267721,0.2184676995267721,440506.6666666667,751,0.931985,0.516854,2.366699,32.3857,20.0,6.7937,15.1727,2.115,23.5329,0.956127,0.931985,4.052988,0.932919,6.340624,0.985551,Needs Further Review,-3.2791798380921984,160.6339398959076,160.6339398959076,Weighted Ensemble,Adaptive Momentum,Constrained dynamic ensemble excluding XGBoost,2026-07-03,2026-05-22,156.27999877929688,148.11376541130932,176.48093868157136,156.27999877929688,152.70033365885416,158.6331582090204,153.5150907813331,172.97870935485577,160.79878906308696,161.6763939214687,3.453029936219011,2026-07-07,2026-05-26,156.75,165.74979828121226,159.46832375539336,159.80030746594147,1.9459696752417688,drift,1.6005566283317736,2.375981407326574,0.9319848159414966,2026-11-10,2026-09-29,166.0800018310547,145.9378915370241,176.8098906645902,166.0800018310547,171.81700032552084,168.9317354834582,184.82680492298,146.20051725199866,159.52019968027432,160.6339398959076,-3.2791798380921984
GS,"The Goldman Sachs Group, Inc.",Financial Services,Capital Markets,2010-01-04,2026-09-29,4106,916.239990234375,2026-11-10,High,610.8243505059764,0.0643513710376607,35.28325505734996,29.84936788333878,-3.2411106935260383,Medium Risk,Near-Sector Volatility,58283000000.0,17176000000.0,,51.95,29.469999828423383,21.641249092229483,36.17513343536577,,42.14606004265325,,Above-Sector Profitability,878.6181315665428,-4.1061140169409605,Negative Forecast,Needs Further Review,Weighted Ensemble,Classified,929.5713285755152,0.6280036071325467,923.77001953125,882.0876647949219,969.7213469005768,973.0996723619646,916.239990234375,844.0385,1069.3712,2026-11-10,878.6181315665428,-4.1061140169409605,851.516297399604,-7.064054562627703,,,916.239990234375,955.7960586939824,995.686004638672,756.4730343351612,1095.3348252244566,2026-09-29,916.239990234375,916.239990234375,0.3528325505734996,0.3528325505734996,2059733.3333333333,751,1.640541,0.0,2.6657809999999995,29.1936,20.0,8.4856,13.9218,3.5391,24.8598,1.669092,1.661902,4.125569,1.640541,5.2325,1.665082,Needs Further Review,-4.1061140169409605,878.6181315665428,878.6181315665428,Weighted Ensemble,Adaptive Momentum,Constrained dynamic ensemble excluding XGBoost,2026-07-03,2026-05-22,996.72998046875,924.9492869425457,1239.5999317070466,996.72998046875,934.4076619466146,1042.4852342058211,1001.8563091773572,1201.7512788751872,1071.844015769735,1070.778722671711,7.429167743919645,2026-07-07,2026-05-26,994.52001953125,1159.7162646648728,1062.8153475928314,1057.4733014598924,6.330016559979788,naive,17.009994845920144,23.136402044002303,1.6405410693394114,2026-11-10,2026-09-29,916.239990234375,752.4938516400325,1025.8818984832942,916.239990234375,995.686004638672,955.7960586939824,1095.3348252244566,756.4730343351612,851.516297399604,878.6181315665428,-4.1061140169409605
HBAN,Huntington Bancshares Incorporated,Financial Services,Banks - Regional,2010-01-04,2026-09-29,4106,15.270000457763672,2026-11-10,High,680.2756140311346,0.0723936397878722,25.64630967480087,29.84936788333878,12.401720383086134,Low Risk,Near-Sector Volatility,8131000000.0,2211000000.0,,1.41,27.19222727831755,21.641249092229483,25.649989806185463,,42.14606004265325,,Above-Sector Profitability,14.185260248337828,-7.103733967960252,Negative Forecast,Weak Fundamentals / Negative Forecast,Weighted Ensemble,Classified,16.760000228881836,0.0,16.760000228881836,16.13633327484131,17.07694332940238,17.140911052406082,15.270000457763672,15.4156,18.8269,2026-11-10,14.185260248337828,-7.103733967960252,14.022197700691898,-8.171596068534225,,,15.270000457763672,15.528895778642877,16.482333532969157,11.5694247633327,17.027145559228696,2026-09-29,15.270000457763672,15.270000457763672,0.2564630967480087,0.2564630967480087,27081893.33333333,751,1.199508,0.550562,2.186644,30.7235,20.0,7.3505,14.2289,3.3473,24.3497,1.230506,1.199508,3.960519,1.206839,4.262913,1.259579,Weak Fundamentals / Negative Forecast,-7.103733967960252,14.185260248337828,14.185260248337828,Weighted Ensemble,Adaptive Momentum,Constrained dynamic ensemble excluding XGBoost,2026-07-03,2026-05-22,15.920000076293944,13.907128063990225,18.10555915313312,15.920000076293944,16.27899996439616,16.1846963727017,16.67384119532254,15.334763472449328,15.8516162275285,15.868091561771775,-0.3260585067424835,2026-07-07,2026-05-26,16.059999465942383,16.36377283253992,16.249034005825052,16.27506543245918,1.3391405583348603,drift,0.20315677196365758,0.2728493810448497,1.199508334549763,2026-11-10,2026-09-29,15.270000457763672,12.674214276830416,15.8764562376797,15.270000457763672,16.482333532969157,15.528895778642877,17.027145559228696,11.5694247633327,14.022197700691898,14.185260248337828,-7.103733967960252
HIG,"The Hartford Insurance Group, Inc.",Financial Services,Insurance - Diversified,2010-01-04,2026-09-29,4106,125.8499984741211,2026-11-10,High,689.1120599272363,0.0695027994308537,21.31713183527538,29.84936788333878,4.212910561046432,Low Risk,Near-Sector Volatility,28071000000.0,3836000000.0,,13.51,13.66534858038545,21.641249092229483,-36.85508390875582,,42.14606004265325,,Below-Sector Profitability,118.7035488175685,-5.678545683909672,Negative Forecast,Weak Fundamentals / Negative Forecast,Weighted Ensemble,Classified,136.80999755859375,0.0,136.80999755859375,136.643332417806,138.78656387329102,147.52664847071492,125.8499984741211,126.252,145.0139,2026-11-10,118.7035488175685,-5.678545683909672,117.22124155636357,-6.856382218814158,,,125.8499984741211,128.7771036545069,134.6680005391439,99.65722181282044,137.92093622011163,2026-09-29,125.8499984741211,125.8499984741211,0.2131713183527538,0.2131713183527538,1580710.0,751,1.095556,0.011236,1.9043873333333332,29.7686,20.0,7.8364,14.3697,3.8846,24.1408,1.123808,1.109806,3.301556,1.095556,3.653559,1.142039,Weak Fundamentals / Negative Forecast,-5.678545683909672,118.7035488175685,118.7035488175685,Weighted Ensemble,Adaptive Momentum,Constrained dynamic ensemble excluding XGBoost,2026-07-03,2026-05-22,136.02000427246094,129.80994696819127,152.5493978341729,136.02000427246094,136.07366689046225,139.58843939896192,140.61034962517255,148.76196598151822,138.53653376665997,140.72110446867413,3.456182949969948,2026-07-07,2026-05-26,135.36000061035156,145.59763040470366,136.7591297436269,139.2285025259102,2.857935799434965,naive,1.481110212537978,1.8057744023673852,1.095556343352299,2026-11-10,2026-09-29,125.8499984741211,108.09476445996889,130.353515013237,125.8499984741211,134.6680005391439,128.7771036545069,137.92093622011163,99.65722181282044,117.22124155636357,118.7035488175685,-5.678545683909672
ICE,"Intercontinental Exchange, Inc.",Financial Services,Financial Data & Stock Exchanges,2010-01-04,2026-09-29,4106,152.19000244140625,2026-11-10,High,720.6762274792169,0.0621990631733036,26.123947690541698,29.84936788333878,-21.52056883726728,Low Risk,Near-Sector Volatility,12640000000.0,3315000000.0,6779000000.0,5.79,26.22626582278481,21.641249092229483,21.18646992608955,53.63132911392405,42.14606004265325,27.251109735162256,Above-Sector Profitability,148.1719105331801,-2.640181249601553,Negative Forecast,Needs Further Review,Weighted Ensemble,Classified,159.1045635562576,0.641765603054675,158.08999633789062,159.7213338216146,157.3389460245768,168.68456150232436,152.19000244140625,139.555,172.0229,2026-11-10,148.1719105331801,-2.640181249601553,148.47059301725048,-2.443924938885363,,,152.19000244140625,154.2231189489422,157.78399963378905,138.8915152580388,147.3428656966804,2026-09-29,152.19000244140625,152.19000244140625,0.261239476905417,0.261239476905417,3160526.6666666665,751,1.224755,0.651685,2.953673166666667,32.0812,20.0,5.9273,13.7883,2.2191,25.9841,1.224755,1.27428,5.942477,1.270519,6.773612,1.236396,Needs Further Review,-2.640181249601553,148.1719105331801,148.1719105331801,Weighted Ensemble,Adaptive Momentum,Constrained dynamic ensemble excluding XGBoost,2026-07-03,2026-05-22,152.97000122070312,133.61606390863687,170.63086373788173,152.97000122070312,157.14966786702473,155.1154806820598,149.90182834281106,144.7289526637042,149.96278965689507,150.99345811652475,-1.292111582928371,2026-07-07,2026-05-26,150.63999938964844,131.00113046712758,143.17203191414367,145.30375223943798,-3.542383943063894,adaptive_blended_momentum,1.7800215715007202,2.3729582691871784,1.2247548270267221,2026-11-10,2026-09-29,152.19000244140625,132.11088424193753,166.18551300319976,152.19000244140625,157.78399963378905,154.2231189489422,147.3428656966804,138.8915152580388,148.47059301725048,148.1719105331801,-2.640181249601553
IVZ,Invesco Ltd.,Financial Services,Asset Management,2010-01-04,2026-09-29,4106,30.420000076293945,2026-11-10,High,107.9135712079941,0.0446882952369021,33.83749344116908,29.84936788333878,22.94396386714615,Low Risk,Near-Sector Volatility,6377100000.0,-281700000.0,1535500000.0,-1.6,-4.417368396292986,21.641249092229483,-120.41179960300484,24.07834282040426,42.14606004265325,-42.869291231407736,Below-Sector Profitability,30.350181124938537,-0.2295166048004638,Neutral Forecast,Stable Watchlist,Weighted Ensemble,Positive adaptive forecast with manageable risk and no weak fundamentals flag,26.309417840769463,0.3793161379990442,26.209999084472656,24.369333203633627,27.73373585655576,28.887381280654097,30.420000076293945,24.8704,32.2527,2026-11-10,30.350181124938537,-0.2295166048004638,29.80731750443418,-2.0140781404442625,,,30.420000076293945,31.36041607591245,31.72466672261556,29.36506507953301,31.753012983428302,2026-09-29,30.420000076293945,30.420000076293945,0.3383749344116908,0.3383749344116908,4037670.0,751,1.615159,0.550562,2.701950666666667,30.9044,20.0,8.1828,14.7333,4.2238,21.9556,1.697847,1.615159,4.59631,1.618277,4.962367,1.721744,Stable Watchlist,-0.2295166048004638,30.350181124938537,30.350181124938537,Weighted Ensemble,Adaptive Momentum,Constrained dynamic ensemble excluding XGBoost,2026-07-03,2026-05-22,27.049999237060547,22.74140526243489,31.68902518509244,27.049999237060547,26.22699979146321,27.68942201462055,29.841858090174423,25.49258758767298,27.135423564795342,26.844980240366965,-0.7579260720003654,2026-07-07,2026-05-26,27.690000534057617,26.80915784628517,28.15599262757417,27.71519669829789,0.0909937297013907,drift,0.4768002298938602,0.6195441627908647,1.615158982639723,2026-11-10,2026-09-29,30.420000076293945,26.159030388967107,35.212830163042845,30.420000076293945,31.72466672261556,31.36041607591245,31.753012983428302,29.36506507953301,29.80731750443418,30.350181124938537,-0.2295166048004638
JPM,JPMorgan Chase & Co.,Financial Services,Banks - Diversified,2010-01-04,2026-09-29,4106,334.9800109863281,2026-11-10,High,1007.6339338256744,0.0736250031544694,20.54438169651289,29.84936788333878,-7.747684032151771,Low Risk,Near-Sector Volatility,181847000000.0,57048000000.0,,20.05,31.37142762872085,21.641249092229483,44.96126122398863,,42.14606004265325,,Above-Sector Profitability,322.25236333825586,-3.799524518073925,Negative Forecast,Needs Further Review,Weighted Ensemble,Classified,315.3124773301974,0.6648361494199758,313.2300109863281,301.96446024576824,321.9534207298642,356.61922558600463,334.9800109863281,294.5685,347.5595,2026-11-10,322.25236333825586,-3.799524518073925,320.23830034942085,-4.400773226289297,,,334.9800109863281,346.5077214799572,351.47466837565105,287.4982488713052,348.37511839287583,2026-09-29,334.9800109863281,334.9800109863281,0.2054438169651289,0.2054438169651289,7291336.666666667,751,0.968383,0.595506,2.1920241666666667,31.3588,20.0,7.2645,14.1644,2.1556,25.0567,0.983798,0.968383,3.456468,0.986775,5.756724,0.999997,Needs Further Review,-3.799524518073925,322.25236333825586,322.25236333825586,Weighted Ensemble,Adaptive Momentum,Constrained dynamic ensemble excluding XGBoost,2026-07-03,2026-05-22,306.3800048828125,282.854944482394,347.35080431476445,306.3800048828125,307.4313344319661,316.414776096232,316.48902866908963,319.5872707151874,312.09855481404543,313.448388846342,2.307064381121432,2026-07-07,2026-05-26,306.739990234375,327.8821947671569,313.4284904260584,315.8540487478956,2.971265176919612,drift,3.262496673047562,4.3235284897245085,0.968383356984919,2026-11-10,2026-09-29,334.9800109863281,294.4495980081716,352.680344546469,334.9800109863281,351.47466837565105,346.5077214799572,348.37511839287583,287.4982488713052,320.23830034942085,322.25236333825586,-3.799524518073925
KEY,KeyCorp,Financial Services,Banks - Regional,2010-01-04,2026-09-29,4106,20.1200008392334,2026-11-10,High,526.3309100534025,0.0716903172013561,21.41081944990832,29.84936788333878,23.002421922155307,Low Risk,Near-Sector Volatility,7285000000.0,1829000000.0,,1.53,25.106382978723403,21.641249092229483,16.011709267456805,,42.14606004265325,,Above-Sector Profitability,19.060581206527797,-5.265504913100048,Negative Forecast,Weak Fundamentals / Negative Forecast,Weighted Ensemble,Positive adaptive forecast with manageable risk and no weak fundamentals flag,22.24578563594934,0.6141339748955399,22.11000061035156,20.98133322397868,23.04141537348429,20.025229599928643,20.1200008392334,20.8123,25.0607,2026-11-10,19.0605812065278,-5.265504913100048,18.804217313302853,-6.539679279559504,,,20.1200008392334,20.654204037022133,21.449333508809406,16.03735455200556,23.63898932286568,2026-09-29,20.1200008392334,20.1200008392334,0.2141081944990832,0.2141081944990832,13348343.333333334,751,1.043916,0.022472,1.9891958333333333,29.9811,20.0,7.9629,14.6953,3.1495,24.2112,1.0726,1.05031,3.255529,1.043916,4.433053,1.079767,Weak Fundamentals / Negative Forecast,-5.265504913100048,19.0605812065278,19.060581206527797,Weighted Ensemble,Adaptive Momentum,Constrained dynamic ensemble excluding XGBoost,2026-07-03,2026-05-22,21.559999465942383,19.44974447467262,24.3335745508873,21.559999465942383,21.628000005086264,22.19116034255653,22.62338105402529,21.440440635661783,21.731707617945258,21.755040959974185,0.9046451709792596,2026-07-07,2026-05-26,21.770000457763672,23.210443353787745,22.417467852419023,22.45241568928549,3.134658783520856,naive,0.231222385830349,0.2964102328140399,1.043915523289833,2026-11-10,2026-09-29,20.1200008392334,17.34995695021561,20.93986497909585,20.1200008392334,21.449333508809406,20.654204037022133,23.63898932286568,16.03735455200556,18.804217313302853,19.060581206527797,-5.265504913100048
L,Loews Corporation,Financial Services,Insurance - Property & Casualty,2010-01-04,2026-09-29,4106,105.93000030517578,2026-11-10,High,229.7687298523784,0.039737192394449,15.133302804434809,29.84936788333878,-22.540323483534653,Low Risk,Near-Sector Volatility,18176000000.0,1667000000.0,,7.98,9.17143485915493,21.641249092229483,-57.62058456021363,,42.14606004265325,,Below-Sector Profitability,103.92358882160649,-1.894091832142924,Neutral Forecast,Stable Watchlist,Weighted Ensemble,Classified,112.61000061035156,0.0,112.61000061035156,109.0133331298828,115.7276736668178,114.74929356634529,105.93000030517578,109.5023,122.1915,2026-11-10,103.92358882160649,-1.894091832142924,103.36679870650704,-2.419712632195189,,,105.93000030517578,108.2032264200422,108.6269999186198,96.66932447253738,114.23208267510928,2026-09-29,105.93000030517578,105.93000030517578,0.1513330280443481,0.1513330280443481,897650.0,751,0.730366,0.011236,1.6275891666666666,32.358,20.0,7.0711,15.2609,2.9694,22.3406,0.749786,0.73599,3.07,0.730366,3.690436,0.788957,Stable Watchlist,-1.894091832142924,103.92358882160649,103.92358882160649,Weighted Ensemble,Adaptive Momentum,Constrained dynamic ensemble excluding XGBoost,2026-07-03,2026-05-22,108.87000274658205,105.22990433513336,123.36964705319669,108.87000274658205,108.62100041707356,111.646536592843,115.42343014320596,123.10737305890704,112.26894302265,113.93935297897325,4.656333337467779,2026-07-07,2026-05-26,109.08999633789062,126.92646040842884,112.5516128021985,114.87345673844187,5.301549724722522,naive,0.8098886277940548,1.0544395950016805,0.7303655022667006,2026-11-10,2026-09-29,105.93000030517578,97.24107789029908,111.06532905513758,105.93000030517578,108.6269999186198,108.2032264200422,114.23208267510928,96.66932447253738,103.36679870650704,103.92358882160649,-1.894091832142924
LNC,Lincoln National Corporation,Financial Services,Insurance - Life,2010-01-04,2026-09-29,4106,40.91999816894531,2026-11-10,High,131.53319069920855,0.0575096287187801,33.95919479300187,29.84936788333878,43.92451955384977,Low Risk,Above-Sector Volatility,18342000000.0,1177000000.0,,0.0,6.416966524915495,21.641249092229483,-70.34844662815894,,42.14606004265325,,Below-Sector Profitability,39.18614445599106,-4.237179351269114,Negative Forecast,Needs Further Review,Weighted Ensemble,Positive adaptive forecast with manageable risk and no weak fundamentals flag,37.810001373291016,0.0,37.810001373291016,35.463880157470705,38.61256735665457,46.57196997559441,40.91999816894531,34.6488,46.1946,2026-11-10,39.18614445599106,-4.237179351269114,39.31465254748745,-3.923132192797069,,,40.91999816894531,41.78815904079533,42.85800018310547,34.203694115500745,39.78071843507028,2026-09-29,40.91999816894531,40.91999816894531,0.3395919479300187,0.3395919479300187,1921816.6666666667,751,1.524166,0.573034,3.4983893333333334,31.4923,20.0,7.9854,15.4542,2.2766,22.7915,1.595572,1.524166,5.134171,1.530544,9.548278,1.657605,Needs Further Review,-4.237179351269114,39.18614445599106,39.18614445599106,Weighted Ensemble,Adaptive Momentum,Constrained dynamic ensemble excluding XGBoost,2026-07-03,2026-05-22,36.02999877929688,30.923657538249724,43.44352473747684,36.02999877929688,36.11799964904785,36.75142941737468,39.01344450956643,36.72890132667799,36.83927862259614,36.65286729897422,1.728749766251039,2026-07-07,2026-05-26,35.779998779296875,38.98945785968735,36.6564182230911,37.02364083786834,3.47580240637422,drift,0.6214201020710518,0.8834139122869801,1.524166039728344,2026-11-10,2026-09-29,40.91999816894531,33.756760642491,45.48878174622405,40.91999816894531,42.85800018310547,41.78815904079533,39.78071843507028,34.203694115500745,39.31465254748745,39.18614445599106,-4.237179351269114
MA,Mastercard Incorporated,Financial Services,Credit Services,2010-01-04,2026-09-29,4106,563.5800170898438,2026-11-10,High,2036.2579976522425,0.0890758304323415,21.13397277816632,29.84936788333878,-9.441713873122422,Low Risk,Near-Sector Volatility,32791000000.0,14968000000.0,20823000000.0,16.54,45.64667134274649,21.641249092229483,110.92438402336214,63.50218047635023,42.14606004265325,50.6716889125196,Above-Sector Profitability,556.9722164365475,-1.1724689401545805,Neutral Forecast,Stable Watchlist,Weighted Ensemble,Classified,502.9200134277344,0.0,502.9200134277344,503.9636505126953,498.9210953485398,588.39114912467,563.5800170898438,451.3145,540.926,2026-11-10,556.9722164365475,-1.1724689401545805,557.7019425654001,-1.0429884570422134,,,563.5800170898438,571.6004777225414,575.9699991861979,535.4817249665908,530.319624681442,2026-09-29,563.5800170898438,563.5800170898438,0.2113397277816632,0.2113397277816632,2737860.0,751,1.036671,0.0,2.597283833333333,29.0434,20.0,8.3884,16.113,2.1418,24.3134,1.107232,1.039231,3.526172,1.036671,7.750109,1.124288,Stable Watchlist,-1.1724689401545805,556.9722164365475,556.9722164365475,Weighted Ensemble,Adaptive Momentum,Constrained dynamic ensemble excluding XGBoost,2026-07-03,2026-05-22,498.5400085449219,450.60576036183465,561.5689371429747,498.5400085449219,504.271001180013,504.3028922437284,495.2517655139977,507.833856830748,501.2434769069922,503.03697470155953,0.9020271351466564,2026-07-07,2026-05-26,493.010009765625,478.8859605270566,482.8069639524377,489.2745131872489,-0.7576918326976677,naive,5.565556165907116,7.121194963176368,1.0366709467972657,2026-11-10,2026-09-29,563.5800170898438,507.6025966042477,611.1435440983406,563.5800170898438,575.9699991861979,571.6004777225414,530.319624681442,535.4817249665908,557.7019425654001,556.9722164365475,-1.1724689401545805
MCO,Moody's Corporation,Financial Services,Financial Data & Stock Exchanges,2010-01-04,2026-09-29,4106,454.8200073242188,2026-11-10,High,1949.6727573579549,0.0898413667336264,25.92414269837923,29.84936788333878,-4.217274216903314,Low Risk,Near-Sector Volatility,7718000000.0,2459000000.0,4056000000.0,13.73,31.860585643949207,21.641249092229483,47.22156520710759,52.55247473438715,42.14606004265325,24.69131083950019,Above-Sector Profitability,444.4364580420475,-2.283001872160253,Negative Forecast,Needs Further Review,Weighted Ensemble,Positive adaptive forecast with manageable risk and no weak fundamentals flag,461.8500061035156,0.0,461.8500061035156,444.4133310953776,464.035406203497,505.325283876274,454.8200073242188,419.7218,542.0247,2026-11-10,444.4364580420475,-2.283001872160253,433.01918619346594,-4.793285427132086,,,454.8200073242188,461.48072882218366,484.5116658528646,419.7215653525527,463.2992920173312,2026-09-29,454.8200073242188,454.8200073242188,0.2592414269837923,0.2592414269837923,710560.0,751,1.275903,0.539326,2.1399035,29.3986,20.0,9.4748,13.8993,3.2966,23.9307,1.304198,1.275903,2.860294,1.278965,4.795183,1.324878,Needs Further Review,-2.283001872160253,444.4364580420475,444.4364580420475,Weighted Ensemble,Adaptive Momentum,Constrained dynamic ensemble excluding XGBoost,2026-07-03,2026-05-22,449.1199951171875,388.7971089458059,523.69841969014,449.1199951171875,449.9066650390625,455.6486181637234,447.5702425924628,442.58409494733047,456.355768564053,451.2343421494133,0.4707755288592856,2026-07-07,2026-05-26,451.1000061035156,459.32864933665945,454.9639332529011,455.3279899171529,0.9372608637622232,drift,6.084004438218022,7.77257771739573,1.2759025968635798,2026-11-10,2026-09-29,454.8200073242188,396.6098471088758,498.0304111882961,454.8200073242188,484.5116658528646,461.48072882218366,463.2992920173312,419.7215653525527,433.01918619346594,444.4364580420475,-2.283001872160253
MET,"MetLife, Inc.",Financial Services,Insurance - Life,2010-01-04,2026-09-29,4106,95.1999969482422,2026-11-10,High,302.3204130475478,0.0526021011060601,22.30062912278631,29.84936788333878,2.555320505654166,Low Risk,Near-Sector Volatility,75654000000.0,3379000000.0,,4.841808,4.466386443545615,21.641249092229483,-79.36169754106605,,42.14606004265325,,Below-Sector Profitability,93.0884552548672,-2.2180060515369338,Negative Forecast,Needs Further Review,Weighted Ensemble,Positive adaptive forecast with manageable risk and no weak fundamentals flag,80.0999984741211,0.0,80.0999984741211,73.83566563924154,80.8009745279948,76.44896012487902,95.1999969482422,77.8506,93.9297,2026-11-10,93.0884552548672,-2.2180060515369338,93.3907609411367,-1.9004580515786489,,,95.1999969482422,96.86654760057668,96.4096664428711,86.68579416031196,95.28843968925892,2026-09-29,95.1999969482422,95.1999969482422,0.2230062912278631,0.2230062912278631,3049040.0,751,1.07318,0.539326,2.9771808333333336,32.0354,20.0,8.0781,15.2625,1.5527,23.0714,1.124262,1.07318,3.537258,1.075749,9.900338,1.152298,Needs Further Review,-2.2180060515369338,93.0884552548672,93.0884552548672,Weighted Ensemble,Adaptive Momentum,Constrained dynamic ensemble excluding XGBoost,2026-07-03,2026-05-22,84.05999755859375,81.3890718996463,102.04036980602432,84.05999755859375,78.93866678873698,85.69668369222904,75.43440417146385,104.89095696748076,91.390236705712,91.13161358611517,8.412581766484312,2026-07-07,2026-05-26,83.2699966430664,101.39217513912408,88.51045321069529,89.12510609312108,7.031475544729957,drift,0.9817394161390963,1.2776820404971083,1.073179652009895,2026-11-10,2026-09-29,95.1999969482422,84.40358921415303,102.66696691951068,95.1999969482422,96.4096664428711,96.86654760057668,95.28843968925892,86.68579416031196,93.3907609411367,93.0884552548672,-2.2180060515369338
MKTX,MarketAxess Holdings Inc.,Financial Services,Capital Markets,2010-01-04,2026-09-29,4106,163.9600067138672,2026-11-10,High,1215.3332889105063,0.0840501366467477,50.06375388105423,29.84936788333878,9.530097144877962,Medium Risk,Near-Sector Volatility,846268000.0,246627000.0,452704000.0,6.66,29.14289563117121,21.641249092229483,34.66364860443879,53.49416496901691,42.14606004265325,26.92566022750168,Above-Sector Profitability,164.3591233052374,0.2434231367572029,Neutral Forecast,Stable Watchlist,Weighted Ensemble,Negative adaptive forecast but fundamentals are not clearly weak,158.25143546686394,0.6752547929079303,157.19000244140625,167.89866739908854,149.93801952543714,143.19768773347096,163.9600067138672,131.417,159.0243,2026-11-10,164.3591233052374,0.2434231367572029,166.2823409378429,1.4164028597708556,,,163.9600067138672,162.34645493083582,163.04966888427734,165.71239557009028,136.11528962221374,2026-09-29,163.9600067138672,163.9600067138672,0.5006375388105423,0.5006375388105423,972940.0,751,1.173851,0.011236,5.522658333333333,27.7647,20.0,5.4692,18.6485,1.2363,26.8813,1.416556,1.180447,10.176509,1.173851,17.785034,1.403553,Stable Watchlist,0.2434231367572029,164.3591233052374,164.3591233052374,Weighted Ensemble,Adaptive Momentum,Constrained dynamic ensemble excluding XGBoost,2026-07-03,2026-05-22,137.1300048828125,113.02206059945492,143.47838922592604,137.1300048828125,154.0623331705729,133.30859129216094,145.44598736375625,110.1257678221272,126.0372312701998,127.34293542165892,-7.137073661973058,2026-07-07,2026-05-26,131.22999572753906,96.85963368536198,114.6552283393787,118.18365432823322,-9.941584869356229,naive,1.522889031304254,4.335460939826775,1.1738509677310691,2026-11-10,2026-09-29,163.9600067138672,131.91833353189935,204.7776127124435,163.9600067138672,163.04966888427734,162.34645493083582,136.11528962221374,165.71239557009028,166.2823409378429,164.3591233052374,0.2434231367572029
MS,Morgan Stanley,Financial Services,Capital Markets,2010-01-04,2026-09-29,4106,192.759994506836,2026-11-10,High,776.554109935363,0.0753864167789863,28.084889441336518,29.84936788333878,12.92852725792468,Low Risk,Near-Sector Volatility,65966000000.0,16861000000.0,,10.32,25.560137040293483,21.641249092229483,18.108418471423253,,42.14606004265325,,Above-Sector Profitability,183.6106317436772,-4.746504992681089,Negative Forecast,Needs Further Review,Weighted Ensemble,Positive adaptive forecast with manageable risk and no weak fundamentals flag,191.82395663708635,0.6474423227376663,190.58999633789065,176.58099975585938,199.8063140142532,191.5587095538024,192.759994506836,177.1265,223.1702,2026-11-10,183.6106317436772,-4.746504992681089,179.09861345807562,-7.08724913782662,,,192.759994506836,199.6205179872504,208.75900065104167,157.28824277397212,226.57596802461137,2026-09-29,192.759994506836,192.759994506836,0.2808488944133652,0.2808488944133652,4651300.0,751,1.347347,0.0,2.394455166666667,29.8907,20.0,8.2097,14.075,3.0575,24.7672,1.368527,1.355498,3.709622,1.347347,5.204036,1.381701,Needs Further Review,-4.746504992681089,183.6106317436772,183.6106317436772,Weighted Ensemble,Adaptive Momentum,Constrained dynamic ensemble excluding XGBoost,2026-07-03,2026-05-22,201.02999877929688,183.35820086561927,243.52123396879648,201.02999877929688,190.92333323160807,208.2872189276315,197.7722784883876,226.86325404124256,213.1810891693856,211.30928832659976,5.113311251913262,2026-07-07,2026-05-26,201.7599945068359,237.44231990157945,216.0805885934521,214.97127338310315,6.548017067783786,naive,2.871445041232637,3.7625893712114427,1.3473465583135926,2026-11-10,2026-09-29,192.759994506836,162.3044243109983,207.71377140473763,192.759994506836,208.75900065104167,199.6205179872504,226.57596802461137,157.28824277397212,179.09861345807562,183.6106317436772,-4.746504992681089
MSCI,MSCI Inc.,Financial Services,Financial Data & Stock Exchanges,2010-01-04,2026-09-29,4106,539.760009765625,2026-11-10,High,2005.1240463029435,0.092458613279917,32.3915876354201,29.84936788333878,0.9762554689876314,Low Risk,Near-Sector Volatility,3134459000.0,1202305000.0,1922715000.0,15.72,38.35765597827249,21.641249092229483,77.24326269154773,61.34120752576442,42.14606004265325,45.54434617063856,Above-Sector Profitability,537.1837592200122,-0.4772955570997983,Neutral Forecast,Stable Watchlist,Weighted Ensemble,Positive adaptive forecast with manageable risk and no weak fundamentals flag,595.5267780875463,0.6961000202830463,591.4099731445312,560.1146728515625,598.3317013695126,538.5280738162664,539.760009765625,545.5914,689.5727,2026-11-10,537.1837592200122,-0.4772955570997983,527.6802676239449,-2.237983904536637,,,539.760009765625,541.1139843305386,558.152998860677,525.4966689180128,579.7640713189099,2026-09-29,539.760009765625,539.760009765625,0.323915876354201,0.323915876354201,532693.3333333334,751,1.392606,0.0,2.1984566666666665,27.8274,20.0,10.4378,15.2999,4.3583,22.0767,1.466518,1.393745,3.051819,1.392606,4.370963,1.515089,Stable Watchlist,-0.4772955570997983,537.1837592200122,537.1837592200122,Weighted Ensemble,Adaptive Momentum,Constrained dynamic ensemble excluding XGBoost,2026-07-03,2026-05-22,588.5499877929688,516.4600795011919,683.4340907971317,588.5499877929688,580.7006673177083,594.3595209897334,568.5283010353296,598.0407700717326,602.0153458810433,594.1097750979287,0.9446584691656992,2026-07-07,2026-05-26,588.52001953125,600.3460539324833,593.1130453206033,591.9337042220818,0.5800456360942112,naive,8.077000596788194,11.879518183690525,1.3926058370131176,2026-11-10,2026-09-29,539.760009765625,465.9518763549388,619.3051381768204,539.760009765625,558.152998860677,541.1139843305386,579.7640713189099,525.4966689180128,527.6802676239449,537.1837592200122,-0.4772955570997983
MTB,M&T Bank Corporation,Financial Services,Banks - Regional,2010-01-04,2026-09-29,4106,217.5,2026-11-10,High,419.380703837909,0.057733676757648,21.09555680579016,29.84936788333878,0.0,Low Risk,Near-Sector Volatility,9632000000.0,2851000000.0,,17.1,29.59925249169435,21.641249092229483,36.7723848357823,,42.14606004265325,,Above-Sector Profitability,204.0897742028652,-6.165621056153924,Negative Forecast,Weak Fundamentals / Negative Forecast,Weighted Ensemble,Classified,219.92015572848769,0.5901069463757809,218.6300048828125,212.61099904378256,225.02269090924943,196.1886064529815,217.5,203.6442,240.7852,2026-11-10,204.0897742028652,-6.165621056153924,202.31662189586064,-6.980863496156029,,,217.5,222.58146953584216,233.71999969482425,171.6262645549954,252.1665820316116,2026-09-29,217.5,217.5,0.2109555680579016,0.2109555680579016,1039636.6666666666,751,1.034434,0.505618,2.2626941666666665,31.4617,20.0,6.4432,14.2365,2.5889,25.2697,1.044105,1.034434,4.4242,1.034477,4.985044,1.053905,Weak Fundamentals / Negative Forecast,-6.165621056153924,204.0897742028652,204.0897742028652,Weighted Ensemble,Adaptive Momentum,Constrained dynamic ensemble excluding XGBoost,2026-07-03,2026-05-22,213.17999267578125,195.23119388377543,239.2916707405808,213.17999267578125,214.1269989013672,217.8390810604692,221.91714789935472,216.3306633593708,216.20192356619555,216.1416169207746,1.3892599431212038,2026-07-07,2026-05-26,215.22999572753903,238.5319142232973,223.52821576747303,224.30332598687272,4.2156439341380985,drift,2.4279925565325544,3.100417694463182,1.0344344154035119,2026-11-10,2026-09-29,217.5,186.0307859438373,223.9018435730925,217.5,233.71999969482425,222.58146953584216,252.16658203161157,171.6262645549954,202.31662189586064,204.0897742028652,-6.165621056153924
NDAQ,"Nasdaq, Inc.",Financial Services,Financial Data & Stock Exchanges,2010-01-04,2026-09-29,4106,91.8499984741211,2026-11-10,High,1600.9199122595462,0.0816767519842521,30.06221319142491,29.84936788333878,-15.54701204660263,Low Risk,Near-Sector Volatility,8262000000.0,1788000000.0,3147000000.0,3.12,21.641249092229483,21.641249092229483,0.0,38.09005083514887,42.14606004265325,-9.62369721724772,Above-Sector Profitability,94.3307711769767,2.700895747488297,Positive Forecast,Needs Further Review,Weighted Ensemble,Positive adaptive forecast with manageable risk and no weak fundamentals flag,92.5422067572516,0.6878501468310213,91.91000366210938,86.82533340454101,93.9198223295666,102.09023603617796,91.8499984741211,85.8065,109.7711,2026-11-10,94.3307711769767,2.700895747488297,91.43943890880306,-0.4469891912232471,,,91.8499984741211,94.23263358475006,95.20033416748046,100.18065935332834,92.01372801433396,2026-09-29,91.8499984741211,91.8499984741211,0.3006221319142491,0.3006221319142491,3096356.6666666665,751,1.3838,0.0,2.5931195,31.2462,20.0,7.699,14.9999,3.6238,22.4311,1.433199,1.394996,4.664784,1.3838,5.224866,1.457072,Needs Further Review,2.700895747488297,94.3307711769767,94.3307711769767,Weighted Ensemble,Adaptive Momentum,Constrained dynamic ensemble excluding XGBoost,2026-07-03,2026-05-22,91.01000213623048,81.32955197747611,107.2371658647443,91.01000213623048,89.58033396402995,92.89769910828272,89.29868124399783,97.61231524823484,93.2567520327981,93.38924271624624,2.6142627449390936,2026-07-07,2026-05-26,90.87999725341795,98.47768476091076,92.02388327754582,93.13741564104026,2.48395516708426,naive,1.2384445190429696,1.662019205412971,1.3838003389656837,2026-11-10,2026-09-29,91.8499984741211,82.6636328725282,107.64460841643373,91.8499984741211,95.20033416748046,94.23263358475006,92.01372801433396,100.18065935332834,91.43943890880306,94.3307711769767,2.700895747488297
NTRS,Northern Trust Corporation,Financial Services,Asset Management,2010-01-04,2026-09-29,4106,172.94000244140625,2026-11-10,High,378.7529266708718,0.0538985116748029,22.27932893743295,29.84936788333878,-5.647667450128189,Low Risk,Near-Sector Volatility,8086400000.0,1736900000.0,,8.78,21.47927384250099,21.641249092229483,-0.7484561036111866,,42.14606004265325,,Below-Sector Profitability,170.50909738066323,-1.40563491755855,Neutral Forecast,Stable Watchlist,Weighted Ensemble,Positive adaptive forecast with manageable risk and no weak fundamentals flag,167.3017178627228,0.5781661332242681,166.33999633789062,151.41300150553386,175.2210847763788,154.58284186770004,172.94000244140625,160.5033,198.5245,2026-11-10,170.50909738066323,-1.40563491755855,167.5688538834063,-3.105787256953322,,,172.94000244140625,179.53612465776527,182.1606669108073,156.64500187033204,197.299598730573,2026-09-29,172.94000244140625,172.94000244140625,0.2227932893743295,0.2227932893743295,972510.0,751,1.101733,0.573034,2.113127,31.26,20.0,8.8675,14.8776,2.9127,22.0821,1.154177,1.101733,2.990997,1.111987,5.137087,1.182781,Stable Watchlist,-1.40563491755855,170.50909738066323,170.50909738066323,Weighted Ensemble,Adaptive Momentum,Constrained dynamic ensemble excluding XGBoost,2026-07-03,2026-05-22,167.77000427246094,155.1781173441667,200.43487043929525,167.77000427246094,163.07300211588543,173.43765763787988,163.14176832858396,191.93886226542787,175.3914640882817,176.3607264809595,5.120535250477257,2026-07-07,2026-05-26,169.94000244140625,199.85032208971,179.56870624298642,180.34174196635325,6.120830514012396,drift,1.9703020902088204,2.5111087962710026,1.1017332076149167,2026-11-10,2026-09-29,172.94000244140625,154.61558705443596,188.0363606505763,172.94000244140625,182.1606669108073,179.53612465776527,197.299598730573,156.64500187033204,167.5688538834063,170.50909738066323,-1.40563491755855
PFG,"Principal Financial Group, Inc.",Financial Services,Asset Management,2010-01-04,2026-09-29,4106,113.97000122070312,2026-11-10,High,592.0555654679526,0.0669552636849373,22.59719567939239,29.84936788333878,5.800562454463695,Low Risk,Near-Sector Volatility,15625500000.0,1185100000.0,,5.32,7.584397299286423,21.641249092229483,-64.95397623786106,,42.14606004265325,,Below-Sector Profitability,111.26282197788213,-2.3753436990656347,Negative Forecast,Needs Further Review,Weighted Ensemble,Positive adaptive forecast with manageable risk and no weak fundamentals flag,100.91000366210938,0.0,100.91000366210938,92.91566721598308,104.37401035853794,84.52106879221097,113.97000122070312,100.3181,118.8999,2026-11-10,111.26282197788213,-2.3753436990656347,112.4796088460238,-1.3077058512908002,,,113.97000122070312,116.20002362394304,113.95266647338867,101.7272346093068,121.21009592084086,2026-09-29,113.97000122070312,113.97000122070312,0.2259719567939239,0.2259719567939239,1324160.0,751,1.058078,0.539326,1.8278845,29.777,20.0,8.5863,14.1371,3.3815,24.1181,1.086284,1.058078,2.742271,1.061845,3.91276,1.106069,Needs Further Review,-2.3753436990656347,111.26282197788213,111.26282197788213,Weighted Ensemble,Adaptive Momentum,Constrained dynamic ensemble excluding XGBoost,2026-07-03,2026-05-22,103.8499984741211,97.06103630796748,119.62160139626728,103.8499984741211,99.29733301798504,105.46776731019956,100.58375617741144,114.58500622852485,108.94924418818523,107.75247837678867,3.7578044872480745,2026-07-07,2026-05-26,104.70999908447266,119.53069966097716,109.75395370035696,109.526320872884,4.599677041851455,drift,1.1770419834661843,1.5803160674847767,1.058077969544907,2026-11-10,2026-09-29,113.97000122070312,100.75103327641266,122.87135081303526,113.97000122070312,113.95266647338867,116.20002362394304,121.21009592084086,101.7272346093068,112.4796088460238,111.26282197788213,-2.3753436990656347
PGR,The Progressive Corporation,Financial Services,Insurance - Property & Casualty,2010-01-04,2026-09-29,4106,210.5200042724609,2026-11-10,High,1838.4819254932552,0.0824417489909331,32.08603066927656,29.84936788333878,-24.09574773291856,Low Risk,Near-Sector Volatility,87637000000.0,11308000000.0,,19.29,12.903225806451612,21.641249092229483,-40.37670491448365,,42.14606004265325,,Below-Sector Profitability,203.02840883733063,-3.5586145179032096,Negative Forecast,Needs Further Review,Weighted Ensemble,Classified,201.27999877929688,0.0,201.27999877929688,200.9232187906901,194.3528972807385,200.2727708928496,210.5200042724609,182.9184,215.4166,2026-11-10,203.02840883733063,-3.5586145179032096,204.53218157160865,-2.8443010542136675,,,210.5200042724609,214.0465649037908,215.8339991251628,181.2050848902535,203.7206918935496,2026-09-29,210.5200042724609,210.5200042724609,0.3208603066927656,0.3208603066927656,2617103.333333333,751,1.450589,0.550562,2.9485271666666666,28.9104,20.0,9.5005,15.8142,2.5991,23.1757,1.535291,1.450589,3.75715,1.45404,7.906195,1.587898,Needs Further Review,-3.5586145179032096,203.02840883733063,203.02840883733063,Weighted Ensemble,Adaptive Momentum,Constrained dynamic ensemble excluding XGBoost,2026-07-03,2026-05-22,199.5099945068359,184.87399178597232,224.4300045846955,199.5099945068359,200.3096674601237,202.7425513032302,179.9284778644668,216.99685367130863,201.1909948428121,203.69406182831327,2.097171789222847,2026-07-07,2026-05-26,198.77999877929688,204.49721302096427,196.83442726836165,199.50297598449816,0.3637072188555561,drift,3.0814569087059036,4.303521888578938,1.4505888967246465,2026-11-10,2026-09-29,210.5200042724609,176.3428288056616,233.75226015255387,210.5200042724609,215.8339991251628,214.04656490379077,203.7206918935496,181.2050848902535,204.53218157160865,203.02840883733063,-3.5586145179032096
PNC,"The PNC Financial Services Group, Inc.",Financial Services,Banks - Regional,2010-01-04,2026-09-29,4106,221.6499938964844,2026-11-10,High,560.1609688395314,0.0615608982708535,20.46379907845269,29.84936788333878,-6.190739233633596,Low Risk,Near-Sector Volatility,23077000000.0,6936000000.0,,16.6,30.055899813667285,21.641249092229483,38.88246323295253,,42.14606004265325,,Above-Sector Profitability,207.55339017178412,-6.359848460579563,Negative Forecast,Weak Fundamentals / Negative Forecast,Weighted Ensemble,Classified,224.3828528121967,0.6201133686980665,223.0,214.7875493367513,231.05077325730096,199.36558722484705,221.6499938964844,208.1849,247.632,2026-11-10,207.5533901717841,-6.359848460579563,205.49135342397332,-7.2901605763443,,,221.6499938964844,227.15603956525888,238.152333577474,172.9058435337921,258.075838124917,2026-09-29,221.6499938964844,221.6499938964844,0.2046379907845269,0.2046379907845269,1700190.0,751,0.961878,0.550562,2.112985,30.9273,20.0,6.8528,14.464,2.5809,25.175,0.972807,0.961878,3.90136,0.970196,4.897215,0.974454,Weak Fundamentals / Negative Forecast,-6.359848460579563,207.5533901717841,207.55339017178412,Weighted Ensemble,Adaptive Momentum,Constrained dynamic ensemble excluding XGBoost,2026-07-03,2026-05-22,219.22999572753903,200.8346809055391,248.58708233540688,219.22999572753903,219.5490000406901,224.453861373756,228.45556835918563,226.527840810602,222.563653436704,223.4388224057548,1.919822451416044,2026-07-07,2026-05-26,220.8099975585937,240.5727954511986,227.9915737242022,229.28774655593568,3.839386391502616,drift,2.2965563830381615,3.0528016356648595,0.9618776417134225,2026-11-10,2026-09-29,221.6499938964844,189.71356482207577,227.07079386865277,221.6499938964844,238.152333577474,227.15603956525888,258.075838124917,172.9058435337921,205.49135342397335,207.55339017178412,-6.359848460579563
PRU,"Prudential Financial, Inc.",Financial Services,Insurance - Life,2010-01-04,2026-09-29,4106,115.05999755859376,2026-11-10,High,253.1559558336521,0.0502716022805868,20.8901193279957,29.84936788333878,4.7632939078230025,Low Risk,Near-Sector Volatility,60967000000.0,3576000000.0,,10.05,5.86546820411042,21.641249092229483,-72.89681302999983,,42.14606004265325,,Below-Sector Profitability,111.33990530559176,-3.233176022889757,Negative Forecast,Needs Further Review,Weighted Ensemble,Classified,98.11000061035156,0.0,98.11000061035156,96.6543337504069,98.0318965003604,99.7843968060843,115.05999755859376,89.5701,108.5461,2026-11-10,111.33990530559176,-3.233176022889757,111.16626996354942,-3.384084545162168,,,115.05999755859376,116.02489407999389,119.38399912516276,103.19696653671856,116.2254309235517,2026-09-29,115.05999755859376,115.05999755859376,0.208901193279957,0.208901193279957,1575703.3333333333,751,1.047198,0.58427,2.5960501666666667,31.236,20.0,7.0519,14.4186,1.8121,25.4814,1.048336,1.047198,3.883498,1.051721,7.478941,1.066607,Needs Further Review,-3.233176022889757,111.33990530559176,111.33990530559176,Weighted Ensemble,Adaptive Momentum,Constrained dynamic ensemble excluding XGBoost,2026-07-03,2026-05-22,104.12000274658205,95.8282557164894,121.3713305721419,104.12000274658205,99.7153335571289,105.12750966462148,100.83931928731631,114.71649542938192,108.86702761280804,107.84620022382698,3.578752765032229,2026-07-07,2026-05-26,102.62000274658205,107.25483264640962,104.87344918684776,104.33210637264544,1.6683917172477432,drift,1.199872772169893,1.5061981849229162,1.0471983698482805,2026-11-10,2026-09-29,115.05999755859376,101.57954487578598,122.038098601613,115.05999755859376,119.38399912516276,116.02489407999389,116.2254309235517,103.19696653671856,111.16626996354942,111.33990530559176,-3.233176022889757
PYPL,"PayPal Holdings, Inc.",Financial Services,Credit Services,2015-07-06,2026-09-29,2722,53.88999938964844,2026-11-10,High,37.31427982217958,0.041251344831575,45.61607186475888,29.84936788333878,28.6099209535204,Medium Risk,Above-Sector Volatility,33172000000.0,5233000000.0,7865000000.0,5.46,15.775352707102376,21.641249092229483,-27.10516551114103,23.70975521524177,42.14606004265325,-43.743839421177945,Below-Sector Profitability,54.12813792269999,0.4418974498954948,Neutral Forecast,Stable Watchlist,Weighted Ensemble,Classified,50.13999938964844,0.0,50.13999938964844,47.29266649881999,48.25579597836449,54.2633633559135,53.88999938964844,41.9618,62.5541,2026-11-10,54.12813792269999,0.4418974498954948,54.67143112391558,1.450049625380488,,,53.88999938964844,53.71115143672929,55.66816647847494,54.13070773282772,44.51737898168345,2026-09-29,53.88999938964844,53.88999938964844,0.4561607186475888,0.4561607186475888,12999900.0,751,1.712102,0.011236,5.647476999999999,30.6649,20.0,6.3725,16.7072,1.4795,24.7759,1.854746,1.713981,9.029792,1.712102,17.686194,1.888047,Stable Watchlist,0.4418974498954948,54.12813792269999,54.12813792269999,Weighted Ensemble,Adaptive Momentum,Constrained dynamic ensemble excluding XGBoost,2026-07-03,2026-05-22,44.22999954223633,34.21832359729843,53.718671019870655,44.22999954223633,47.7146666208903,43.6380713844244,38.52043919730527,40.97900718592197,42.59099120539974,42.87380165292963,-3.0662398899905754,2026-07-07,2026-05-26,44.15999984741211,41.538765690960886,42.43530032874645,42.93398592118171,-2.776299661382921,naive,0.8807223002115883,1.5078064662267012,1.7121015064642888,2026-11-10,2026-09-29,53.88999938964844,44.301422810286496,66.13456474130534,53.88999938964844,55.66816647847494,53.71115143672929,44.51737898168345,54.13070773282772,54.67143112391558,54.12813792269999,0.4418974498954948
RF,Regions Financial Corporation,Financial Services,Banks - Regional,2010-01-04,2026-09-29,4106,26.88999938964844,2026-11-10,High,716.7896061432655,0.0778375940842397,22.368059188550472,29.84936788333878,22.5886430564066,Low Risk,Near-Sector Volatility,7526000000.0,2156000000.0,,2.31,28.64735583311188,21.641249092229483,32.373855644949856,,42.14606004265325,,Above-Sector Profitability,24.82834008002143,-7.667011366391723,Negative Forecast,Weak Fundamentals / Negative Forecast,Weighted Ensemble,Positive adaptive forecast with manageable risk and no weak fundamentals flag,28.733102334402364,0.6413418642202011,28.549999237060547,27.079999860127767,29.60522238413493,27.984698724129764,26.88999938964844,26.8511,32.3411,2026-11-10,24.82834008002143,-7.667011366391723,24.4663694114124,-9.013127680356298,,,26.88999938964844,27.41915217353853,29.45499992370605,19.9973048022707,31.297758376149936,2026-09-29,26.88999938964844,26.88999938964844,0.2236805918855047,0.2236805918855047,8324996.666666667,751,1.058117,0.52809,2.0715485,30.6629,20.0,6.929,14.3659,2.9273,25.1149,1.072082,1.058117,3.81402,1.061405,4.34335,1.080317,Weak Fundamentals / Negative Forecast,-7.667011366391723,24.82834008002143,24.82834008002143,Weighted Ensemble,Adaptive Momentum,Constrained dynamic ensemble excluding XGBoost,2026-07-03,2026-05-22,27.82999992370605,25.16575284281019,31.772841820048345,27.82999992370605,27.74299983978272,28.33891929588029,29.22589885796374,28.43873048284521,28.36774191351157,28.276977991946737,1.60610157910902,2026-07-07,2026-05-26,28.25,32.97704936049865,29.7747329631942,29.926410130850943,5.934195153454666,drift,0.3137944474110713,0.4169949226065853,1.0581174780489544,2026-11-10,2026-09-29,26.88999938964844,22.505266748777437,27.39120926716792,26.88999938964844,29.45499992370605,27.41915217353853,31.297758376149936,19.9973048022707,24.466369411412398,24.82834008002143,-7.667011366391723
RJF,"Raymond James Financial, Inc.",Financial Services,Asset Management,2010-01-04,2026-09-29,4106,159.85000610351562,2026-11-10,High,1140.8939130101992,0.0794230780613762,24.25858538989303,29.84936788333878,1.1059292959335727,Low Risk,Near-Sector Volatility,13842000000.0,2135000000.0,,10.53,15.424071665944227,21.641249092229483,-28.728366832197302,,42.14606004265325,,Below-Sector Profitability,153.60941274815002,-3.904030726983096,Negative Forecast,Needs Further Review,Weighted Ensemble,Positive adaptive forecast with manageable risk and no weak fundamentals flag,159.38379389475963,0.6719217542495358,158.32000732421875,148.51940053304037,160.9438941592262,170.59443709184873,159.85000610351562,150.3774,186.1616,2026-11-10,153.60941274815002,-3.904030726983096,152.41655553497688,-4.650266052367239,,,159.85000610351562,163.00321666391284,170.98133392333983,135.86865751053276,164.97956554978128,2026-09-29,159.85000610351562,159.85000610351562,0.2425858538989303,0.2425858538989303,1294396.6666666667,751,1.181897,0.0,2.7568361666666665,32.1474,20.0,7.4288,15.3643,2.4085,22.6511,1.221885,1.18488,4.486704,1.181897,7.183321,1.28233,Needs Further Review,-3.904030726983096,153.60941274815002,153.60941274815002,Weighted Ensemble,Adaptive Momentum,Constrained dynamic ensemble excluding XGBoost,2026-07-03,2026-05-22,151.4600067138672,131.85781903985344,169.5877840545709,151.4600067138672,154.02333424886066,154.6160766835531,155.62328710249025,143.16630058499905,148.42789563271447,149.53753823450938,-1.269291162114935,2026-07-07,2026-05-26,152.1300048828125,155.4474649330306,151.49311015516415,153.51301432393137,0.9090970858669336,naive,1.942666625976562,2.478558372757976,1.1818973673971207,2026-11-10,2026-09-29,159.85000610351562,138.08561223920856,170.8784231912296,159.85000610351562,170.98133392333983,163.00321666391284,164.97956554978128,135.86865751053276,152.41655553497688,153.60941274815002,-3.904030726983096
SCHW,The Charles Schwab Corporation,Financial Services,Capital Markets,2010-01-04,2026-09-29,4106,99.0999984741211,2026-11-10,High,469.7157394775583,0.0630616189704952,25.37268568621774,29.84936788333878,8.07310692514055,Low Risk,Near-Sector Volatility,23921000000.0,8852000000.0,,4.67,37.00514192550479,21.641249092229483,70.9935584946983,,42.14606004265325,,Above-Sector Profitability,93.03115275900107,-6.12396146171972,Negative Forecast,Weak Fundamentals / Negative Forecast,Weighted Ensemble,Classified,92.19216590444586,0.602538758702559,91.63999938964844,93.62333323160809,92.99329230898904,110.92215111860014,99.0999984741211,81.9089,102.5141,2026-11-10,93.03115275900107,-6.12396146171972,92.56653361412124,-6.592800162056508,,,99.0999984741211,101.57017832852006,106.83199996948242,77.01213515816136,102.89454730108822,2026-09-29,99.0999984741211,99.0999984741211,0.2537268568621774,0.2537268568621774,8384423.333333333,751,1.200652,0.0,2.8184855,32.7134,20.0,7.0182,15.1092,2.2754,22.8839,1.229622,1.201268,4.735585,1.200652,7.267276,1.27651,Weak Fundamentals / Negative Forecast,-6.12396146171972,93.03115275900107,93.03115275900107,Weighted Ensemble,Adaptive Momentum,Constrained dynamic ensemble excluding XGBoost,2026-07-03,2026-05-22,90.1500015258789,80.77698684102161,104.96710699614913,90.1500015258789,91.63433380126952,92.09532318326964,96.55837793406586,94.9324600066718,90.8701821254996,92.08108720344283,2.142080582227812,2026-07-07,2026-05-26,89.4000015258789,94.28040282080713,89.11391231870805,91.06938317479867,1.867317248799516,naive,1.1965556674533424,1.5826499979168147,1.2006515190686837,2026-11-10,2026-09-29,99.0999984741211,83.22121154160747,103.99746919499631,99.0999984741211,106.83199996948242,101.57017832852006,102.89454730108822,77.01213515816136,92.56653361412124,93.03115275900107,-6.12396146171972
SPGI,S&P Global Inc.,Financial Services,Financial Data & Stock Exchanges,2010-01-04,2026-09-29,4106,392.4500122070313,2026-11-10,High,1576.2725608368642,0.0816793596894708,30.92102548963222,29.84936788333878,-14.547344189846292,Low Risk,Near-Sector Volatility,15336000000.0,4471000000.0,7693000000.0,14.67,29.15362545644236,21.641249092229483,34.713229038661495,50.16301512780386,42.14606004265325,19.021837573991927,Above-Sector Profitability,375.3235277986671,-4.363991304790527,Negative Forecast,Needs Further Review,Weighted Ensemble,Classified,434.1935029256358,0.6872183901415996,431.2300109863281,429.0200012207032,424.4839840843564,509.7135490304037,392.4500122070313,367.2535,488.0465,2026-11-10,375.3235277986671,-4.363991304790527,369.9185372999368,-5.74123434991979,,,392.4500122070313,394.38949306041786,420.5853342692057,337.9110510457383,386.78161109633606,2026-09-29,392.4500122070313,392.4500122070313,0.3092102548963222,0.3092102548963222,1842413.3333333333,751,1.491889,0.0,2.615712,29.6086,20.0,8.9687,14.1117,3.1279,24.183,1.521149,1.494733,3.584618,1.491889,6.074147,1.527736,Needs Further Review,-4.363991304790527,375.3235277986671,375.3235277986671,Weighted Ensemble,Adaptive Momentum,Constrained dynamic ensemble excluding XGBoost,2026-07-03,2026-05-22,417.6000061035156,353.8560015476,492.2186150048846,417.6000061035156,426.5550008138021,419.9783285941893,413.8029784955326,410.1303702360201,418.8693072616711,417.34219891226667,-0.0617354376151641,2026-07-07,2026-05-26,412.4800109863281,387.9406967429045,401.31878953257393,404.6540107518715,-1.897304118020888,naive,6.225522528754338,8.086175668786906,1.4918888987613548,2026-11-10,2026-09-29,392.4500122070313,327.6640872992631,429.9151355900016,392.4500122070313,420.5853342692057,394.38949306041786,386.78161109633606,337.9110510457383,369.9185372999368,375.3235277986671,-4.363991304790527
STT,STT,Financial Services,Asset Management,2010-01-04,2026-09-29,4106,177.77999877929688,2026-11-10,High,405.12136798255415,0.0586572070431842,23.39280337389131,29.84936788333878,4.11972145796531,Low Risk,Near-Sector Volatility,13965000000.0,2945000000.0,,9.55,21.08843537414966,21.641249092229483,-2.5544445966305864,,42.14606004265325,,Below-Sector Profitability,173.37479819722947,-2.477894370747633,Negative Forecast,Needs Further Review,Weighted Ensemble,Positive adaptive forecast with manageable risk and no weak fundamentals flag,153.73584473641287,0.5861347945479877,152.83999633789062,137.47476348876953,160.7831769670759,135.9966478511065,177.77999877929688,151.2449,183.3183,2026-11-10,173.37479819722947,-2.477894370747633,170.90017770713612,-3.869851006524999,,,177.77999877929688,184.94667118628985,187.48733215332032,157.43495261060485,200.3351465151829,2026-09-29,177.77999877929688,177.77999877929688,0.2339280337389131,0.2339280337389131,1792060.0,751,1.110481,0.0,2.8352755,30.2759,20.0,7.377,15.9546,2.0929,24.2996,1.190751,1.122116,4.43372,1.110481,7.941907,1.212678,Needs Further Review,-2.477894370747633,173.37479819722947,173.37479819722947,Weighted Ensemble,Adaptive Momentum,Constrained dynamic ensemble excluding XGBoost,2026-07-03,2026-05-22,153.9499969482422,140.9736018975829,180.3025540329237,153.9499969482422,150.16866658528645,159.0167037054605,149.69163639239162,168.1443446861806,158.67114667828406,159.4299233938059,3.5595495642692674,2026-07-07,2026-05-26,158.52000427246094,186.46047020278104,168.30412953996324,168.49573499728467,6.29304217509208,naive,1.9823326958550391,2.615693430955589,1.1104812656860443,2026-11-10,2026-09-29,177.77999877929688,156.44724195541065,192.1339122008758,177.77999877929688,187.48733215332032,184.94667118628985,200.3351465151829,157.43495261060485,170.90017770713612,173.37479819722947,-2.477894370747633
SYF,Synchrony Financial,Financial Services,Credit Services,2014-07-31,2026-09-29,2955,71.72000122070312,2026-11-10,High,316.8759946924692,0.0766604456626086,32.451136913092995,29.84936788333878,25.917198783167848,Low Risk,Above-Sector Volatility,14981000000.0,3552000000.0,,9.38,23.71003270809692,21.641249092229483,9.5594464397633,,42.14606004265325,,Above-Sector Profitability,69.08666579660715,-3.671689039703781,Negative Forecast,Needs Further Review,Weighted Ensemble,Classified,76.78822830293174,0.771957189301599,76.19999694824219,72.06800028483073,79.1414586930048,86.63619800655385,71.72000122070312,70.235,87.297,2026-11-10,69.08666579660715,-3.671689039703781,67.91576270345843,-5.304292320824089,,,71.72000122070312,74.2280595782286,76.55099995930989,60.13014231421629,74.72032236747965,2026-09-29,71.72000122070312,71.72000122070312,0.32451136913093,0.32451136913093,3183880.0,751,1.449008,0.539326,2.328181333333333,30.3309,20.0,8.7259,14.5838,4.4713,21.888,1.523624,1.449008,3.750331,1.452238,4.239056,1.554831,Needs Further Review,-3.671689039703781,69.08666579660715,69.08666579660715,Weighted Ensemble,Adaptive Momentum,Constrained dynamic ensemble excluding XGBoost,2026-07-03,2026-05-22,71.83000183105469,61.74522087256736,82.35878690452255,71.83000183105469,74.23133341471355,74.3105102213638,77.19342904084415,68.03911450982456,70.67677720658857,71.31101940244896,-0.7225148480803042,2026-07-07,2026-05-26,71.9000015258789,76.98752578577587,72.57305213498573,74.09889982741363,3.0582729553117995,drift,1.0779472681443965,1.5040817234054404,1.4490082980131433,2026-11-10,2026-09-29,71.72000122070312,59.90993435183334,79.66904725453146,71.72000122070312,76.55099995930989,74.2280595782286,74.72032236747965,60.13014231421629,67.91576270345843,69.08666579660715,-3.671689039703781
TFC,Truist Financial Corporation,Financial Services,Banks - Regional,2010-01-04,2026-09-29,4106,46.43999862670898,2026-11-10,High,253.08246202568023,0.0494450514135022,24.920554075461528,29.84936788333878,2.6000631478011367,Low Risk,Near-Sector Volatility,20319000000.0,5307000000.0,,3.87,26.118411339140707,21.641249092229483,20.6880953489824,,42.14606004265325,,Above-Sector Profitability,43.747110977259375,-5.798638520847943,Negative Forecast,Weak Fundamentals / Negative Forecast,Weighted Ensemble,Positive adaptive forecast with manageable risk and no weak fundamentals flag,51.76977470528048,0.5238343791854035,51.5,48.36933339436849,53.22859055655344,47.3460485543728,46.43999862670898,49.0402,59.1473,2026-11-10,43.747110977259375,-5.798638520847943,43.00297880519088,-7.40099035993806,,,46.43999862670898,47.414661158001536,49.650333404541016,36.20154269565321,52.0827411581515,2026-09-29,46.43999862670898,46.43999862670898,0.2492055407546153,0.2492055407546153,6957150.0,751,1.152774,0.58427,1.8048836666666668,28.7836,20.0,8.7299,14.2043,4.514,23.7682,1.192797,1.152774,2.883285,1.162152,3.236116,1.202178,Weak Fundamentals / Negative Forecast,-5.798638520847943,43.747110977259375,43.747110977259375,Weighted Ensemble,Adaptive Momentum,Constrained dynamic ensemble excluding XGBoost,2026-07-03,2026-05-22,48.380001068115234,42.87237761618695,53.94316751356831,48.380001068115234,49.4380002339681,49.26264944597775,51.92039086934622,46.25446646906697,48.09178339932278,48.090246905738894,-0.598913096277921,2026-07-07,2026-05-26,48.68000030517578,50.87367375218287,49.47142479525706,49.78871312098211,2.277553017370162,drift,0.5756382812353767,0.7825915125596735,1.1527737194301055,2026-11-10,2026-09-29,46.43999862670898,39.21185416154047,48.80691718816344,46.43999862670898,49.650333404541016,47.414661158001536,52.0827411581515,36.20154269565321,43.00297880519088,43.747110977259375,-5.798638520847943
TROW,"T. Rowe Price Group, Inc.",Financial Services,Asset Management,2010-01-04,2026-09-29,4106,104.51000213623048,2026-11-10,High,227.5153064133466,0.0451108317301299,23.93457515782701,29.84936788333878,-4.132197254200955,Low Risk,Near-Sector Volatility,7314800000.0,2087100000.0,3082900000.0,9.26,28.53256411658555,21.641249092229483,31.84342546489364,42.14606004265325,42.14606004265325,0.0,Above-Sector Profitability,104.75181685201883,0.2313794955942509,Neutral Forecast,Stable Watchlist,Weighted Ensemble,Positive adaptive forecast with manageable risk and no weak fundamentals flag,103.40229488377447,0.5076765593898447,102.87999725341795,93.73666661580404,105.09087953113372,100.76006164459017,104.51000213623048,101.1807,122.1342,2026-11-10,104.75181685201883,0.2313794955942509,103.4934651275659,-0.9726695894040004,,,104.51000213623048,104.50680364107065,107.99233373006184,105.35451961853816,110.21960416942623,2026-09-29,104.51000213623048,104.51000213623048,0.2393457515782701,0.2393457515782701,1389140.0,751,1.102376,0.0,2.6779043333333337,31.6166,20.0,6.9722,14.374,1.9058,25.1314,1.114921,1.103551,3.988485,1.102376,7.614933,1.14316,Stable Watchlist,0.2313794955942509,104.75181685201883,104.75181685201883,Weighted Ensemble,Adaptive Momentum,Constrained dynamic ensemble excluding XGBoost,2026-07-03,2026-05-22,103.38999938964844,91.15198101471252,114.03194360591806,103.38999938964844,101.08366622924804,103.28644343474478,97.72934043438168,97.78176132045702,103.89185266032324,101.9521336639769,-1.390720315465544,2026-07-07,2026-05-26,103.81999969482422,101.07924704896077,105.03021379045497,103.24256977103953,-0.5561837078424483,naive,1.2302221510145381,1.6942571574231728,1.1023756588114737,2026-11-10,2026-09-29,104.51000213623048,94.29966791188,116.3624790710054,104.51000213623048,107.99233373006184,104.50680364107065,110.21960416942623,105.35451961853816,103.4934651275659,104.75181685201883,0.2313794955942509
TRV,"The Travelers Companies, Inc.",Financial Services,Insurance - Property & Casualty,2010-01-04,2026-09-29,4106,363.2099914550781,2026-11-10,High,792.7709333284225,0.0632910633321374,25.20547541147819,29.84936788333878,-25.42399212256612,Low Risk,Below-Sector Volatility,48828000000.0,6288000000.0,,27.83,12.877856967313836,21.641249092229483,-40.49392938258002,,42.14606004265325,,Below-Sector Profitability,353.7642112443268,-2.6006388681407087,Negative Forecast,Needs Further Review,Weighted Ensemble,Classified,307.1202414416221,0.6489567733245677,305.1400146484375,298.1543314615885,310.5222400483631,306.14684805534847,363.2099914550781,291.6864,331.5642,2026-11-10,353.7642112443268,-2.6006388681407087,355.9077566713129,-2.0104718910708668,,,363.2099914550781,375.10648154882256,368.6059997558594,322.2991435740815,375.5292822014869,2026-09-29,363.2099914550781,363.2099914550781,0.2520547541147819,0.2520547541147819,1480373.3333333333,751,1.085845,0.550562,2.513068,31.0791,20.0,6.9706,14.6081,2.3561,24.986,1.105384,1.085845,4.398575,1.09102,6.259631,1.137953,Needs Further Review,-2.6006388681407087,353.7642112443268,353.7642112443268,Weighted Ensemble,Adaptive Momentum,Constrained dynamic ensemble excluding XGBoost,2026-07-03,2026-05-22,306.4599914550781,293.6274839699285,341.20045163356184,306.4599914550781,302.0586659749349,313.0832213425161,310.3505443035601,333.17425786548387,314.26895346159824,316.5214528946909,3.2831239705518427,2026-07-07,2026-05-26,304.8399963378906,329.1912330653554,309.2787957898131,313.5813664232388,2.8675272898439115,drift,3.7842339711339466,5.546886023945979,1.0858450959069914,2026-11-10,2026-09-29,363.2099914550781,316.69299251167,395.1748858248229,363.2099914550781,368.6059997558594,375.10648154882256,375.5292822014869,322.2991435740815,355.9077566713129,353.7642112443268,-2.6006388681407087
UNM,Unum Group,Financial Services,Insurance - Life,2010-01-04,2026-09-29,4106,88.23999786376953,2026-11-10,High,532.8647097722853,0.06745815716445,26.13195932281408,29.84936788333878,12.396193527985904,Low Risk,Near-Sector Volatility,12984100000.0,738500000.0,,4.28,5.68772575688727,21.641249092229483,-73.71812628445043,,42.14606004265325,,Below-Sector Profitability,82.25230800703513,-6.785686765290473,Negative Forecast,Weak Fundamentals / Negative Forecast,Weighted Ensemble,Positive adaptive forecast with manageable risk and no weak fundamentals flag,80.87460641942273,0.6153386201860466,80.37999725341797,75.97008743286133,80.7374389285133,75.43368785133904,88.23999786376953,77.6085,91.7562,2026-11-10,82.25230800703513,-6.785686765290473,81.53552890115613,-7.597993115281107,,,88.23999786376953,90.33423834296656,92.48833287556968,68.7824936764257,93.57438388183336,2026-09-29,88.23999786376953,88.23999786376953,0.2613195932281408,0.2613195932281408,1776810.0,751,1.284601,0.550562,2.516083,30.7,20.0,8.1693,13.9777,2.3717,24.7814,1.299889,1.284601,3.406506,1.291211,6.507877,1.306414,Weak Fundamentals / Negative Forecast,-6.785686765290473,82.25230800703513,82.25230800703513,Weighted Ensemble,Adaptive Momentum,Constrained dynamic ensemble excluding XGBoost,2026-07-03,2026-05-22,84.5199966430664,80.22066559016028,97.5636145730692,84.5199966430664,80.21100006103515,86.6325640780179,76.21139091521779,96.4527248000551,89.59409449769069,88.46817562509963,4.671295715624138,2026-07-07,2026-05-26,84.41999816894531,93.78829483766638,88.48932003491538,87.53692755194551,3.692169451084861,drift,1.1532210413643147,1.4690110801200924,1.2846005913722394,2026-11-10,2026-09-29,88.23999786376953,73.33402645333031,92.25515766258512,88.23999786376953,92.48833287556968,90.33423834296656,93.57438388183336,68.7824936764257,81.53552890115613,82.25230800703513,-6.785686765290473
USB,U.S. Bancorp,Financial Services,Banks - Regional,2010-01-04,2026-09-29,4106,58.13999938964844,2026-11-10,High,305.9367350976943,0.0493276117318751,22.27965934307058,29.84936788333878,-7.342891761743529,Low Risk,Near-Sector Volatility,28540000000.0,7570000000.0,,4.62,26.52417659425368,21.641249092229483,22.56305761841381,,42.14606004265325,,Above-Sector Profitability,55.238278604398936,-4.990919875665049,Negative Forecast,Needs Further Review,Weighted Ensemble,Classified,56.972074097460286,0.5507840643992351,56.65999984741211,54.28184127807617,58.78004055931454,50.23647372891991,58.13999938964844,53.4335,63.6072,2026-11-10,55.238278604398936,-4.990919875665049,54.76501274697348,-5.804930646896181,,,58.13999938964844,59.534976868405415,61.47333335876465,47.43621683816542,65.41704487742878,2026-09-29,58.13999938964844,58.13999938964844,0.2227965934307058,0.2227965934307058,7346300.0,751,1.067613,0.550562,2.0284293333333334,30.9073,20.0,6.9757,14.3583,3.343,24.4156,1.088102,1.067613,3.827074,1.076245,4.009589,1.101953,Needs Further Review,-4.990919875665049,55.238278604398936,55.238278604398936,Weighted Ensemble,Adaptive Momentum,Constrained dynamic ensemble excluding XGBoost,2026-07-03,2026-05-22,54.83000183105469,49.407148916984326,60.75689403835731,54.83000183105469,55.40233332316081,56.08156294631424,58.68136792371328,52.78251135098248,54.90929913505822,54.78891230428431,-0.0749398602921541,2026-07-07,2026-05-26,55.220001220703125,57.46920425970833,56.41096549507021,56.487448884624186,2.29526917041405,drift,0.6427688361891644,0.836894401081021,1.0676131444777655,2026-11-10,2026-09-29,58.13999938964844,50.08933020151615,60.91651477273774,58.13999938964844,61.47333335876465,59.534976868405415,65.41704487742878,47.43621683816542,54.76501274697348,55.238278604398936,-4.990919875665049
V,Visa Inc.,Financial Services,Credit Services,2010-01-04,2026-09-29,4106,365.8800048828125,2026-11-10,High,1582.4080037451886,0.0810532864206736,19.72176073424306,29.84936788333878,-16.648570740832966,Low Risk,Near-Sector Volatility,51698000000.0,20058000000.0,27776000000.0,10.22,38.79840612789663,21.641249092229483,79.27988334937469,53.72741692135092,42.14606004265325,27.47909737464652,Above-Sector Profitability,359.4048484139561,-1.7697486559645013,Neutral Forecast,Stable Watchlist,Weighted Ensemble,Positive adaptive forecast with manageable risk and no weak fundamentals flag,332.1072418733288,0.6873773831587102,329.8399963378906,308.3326649983724,328.7515433175223,350.3709942812593,365.8800048828125,320.9001,388.2777,2026-11-10,359.4048484139561,-1.7697486559645013,360.3301009027181,-1.5168645200690871,,,365.8800048828125,372.6554275625594,371.9586700439453,338.1493809672593,354.2220912891901,2026-09-29,365.8800048828125,365.8800048828125,0.1972176073424306,0.1972176073424306,6203253.333333333,751,0.983751,0.0,2.4498831666666665,29.3406,20.0,9.2726,15.8387,1.9854,23.5626,1.037162,0.986733,2.803957,0.983751,7.821304,1.066392,Stable Watchlist,-1.7697486559645013,359.4048484139561,359.4048484139561,Weighted Ensemble,Adaptive Momentum,Constrained dynamic ensemble excluding XGBoost,2026-07-03,2026-05-22,328.8800048828125,304.3011301643486,377.1560904761623,328.8800048828125,320.4616668701172,333.92312933929173,306.2023668203242,361.1068915376083,340.10744059310633,338.7757733077492,3.008929785336994,2026-07-07,2026-05-26,326.4800109863281,334.46795114417694,328.72372274063895,328.7080748172506,0.682450305055814,naive,3.4701104058159773,4.375503029942894,0.9837514022645212,2026-11-10,2026-09-29,365.8800048828125,329.5852785533072,391.9223747809672,365.8800048828125,371.9586700439453,372.6554275625594,354.2220912891901,338.1493809672593,360.3301009027181,359.4048484139561,-1.7697486559645013
WFC,Wells Fargo & Company,Financial Services,Banks - Diversified,2010-01-04,2026-09-29,4106,80.4800033569336,2026-11-10,High,358.4165267350248,0.0548066824581412,24.37779723031126,29.84936788333878,0.0493200057316814,Low Risk,Near-Sector Volatility,83699000000.0,21338000000.0,,6.34,25.493733497413352,21.641249092229483,17.801580623953654,,42.14606004265325,,Above-Sector Profitability,74.57152463732434,-7.341548798655978,Negative Forecast,Weak Fundamentals / Negative Forecast,Weighted Ensemble,Classified,82.2300033569336,0.0,82.2300033569336,80.89100036621093,83.7348396664574,94.88932468882332,80.4800033569336,75.386,93.2347,2026-11-10,74.57152463732434,-7.341548798655978,73.6782475275882,-8.45148551892972,,,80.4800033569336,82.79484764154134,86.1010004679362,58.08769331941989,83.33800433937279,2026-09-29,80.4800033569336,80.4800033569336,0.2437779723031126,0.2437779723031126,13232630.0,751,1.197806,0.52809,2.0398315,30.3978,20.0,8.7435,14.7926,4.1245,21.9415,1.249774,1.197806,3.320549,1.202237,3.992171,1.276452,Weak Fundamentals / Negative Forecast,-7.341548798655978,74.57152463732434,74.57152463732434,Weighted Ensemble,Adaptive Momentum,Constrained dynamic ensemble excluding XGBoost,2026-07-03,2026-05-22,76.4000015258789,68.20977769582638,89.09226924774957,76.4000015258789,78.75900039672851,78.30481673074536,85.7109505362191,78.72613289463345,77.2391301866173,77.95488361742134,2.035185943047076,2026-07-07,2026-05-26,77.5199966430664,90.65162593358076,80.74023668955269,82.2164156459419,6.058332309403611,drift,1.016616262985919,1.297428023475007,1.1978063915670867,2026-11-10,2026-09-29,80.4800033569336,67.00022263332355,82.99841505256835,80.4800033569336,86.1010004679362,82.79484764154134,83.33800433937279,58.08769331941989,73.6782475275882,74.57152463732434,-7.341548798655978
WRB,W. R. Berkley Corporation,Financial Services,Insurance - Property & Casualty,2010-01-04,2026-09-29,4106,68.22000122070312,2026-11-10,High,1182.4464384080582,0.0718042216878217,21.278545864263553,29.84936788333878,-26.28694135308191,Low Risk,Below-Sector Volatility,14639850000.0,1779403000.0,,4.48,12.154516610484398,21.641249092229483,-43.83634438712411,,42.14606004265325,,Below-Sector Profitability,66.13288629165285,-3.059388583559397,Negative Forecast,Needs Further Review,Weighted Ensemble,Classified,66.83000183105469,0.0,66.83000183105469,66.23766606648763,66.52110853649322,84.31088299789852,68.22000122070312,61.6822,71.7313,2026-11-10,66.13288629165285,-3.059388583559397,66.45067163622367,-2.593564281471314,,,68.22000122070312,69.56011535433936,68.98899993896484,59.80587387248761,66.8907309274394,2026-09-29,68.22000122070312,68.22000122070312,0.2127854586426355,0.2127854586426355,3050613.333333333,751,1.056797,0.0,1.853421,31.1876,20.0,8.7295,14.7389,3.6983,21.6457,1.09153,1.058001,2.910951,1.056797,3.873886,1.129361,Needs Further Review,-3.059388583559397,66.13288629165285,66.13288629165285,Weighted Ensemble,Adaptive Momentum,Constrained dynamic ensemble excluding XGBoost,2026-07-03,2026-05-22,67.54000091552734,63.50608554864351,75.93807663725708,67.54000091552734,66.74199930826823,69.07105776199512,66.80410103364945,73.44205329118034,68.81034154973686,69.44443815976263,2.8197175280130256,2026-07-07,2026-05-26,67.33000183105469,70.16717512884834,67.25627752742093,68.17811053375468,1.2596297038994209,naive,0.7371111551920573,0.9318689073679989,1.0567970322433995,2026-11-10,2026-09-29,68.22000122070312,60.23265827479176,72.611084659617,68.22000122070312,68.98899993896484,69.56011535433936,66.8907309274394,59.80587387248761,66.45067163622367,66.13288629165285,-3.059388583559397
WU,The Western Union Company,Financial Services,Credit Services,2010-01-04,2026-09-29,4106,5.96999979019165,2026-11-10,High,-1.636154256802896,0.0146583903009989,48.44045732092885,29.84936788333878,-8.602425437291354,Medium Risk,Near-Sector Volatility,4050700000.0,499600000.0,934100000.0,1.53,12.33367072357864,21.641249092229483,-43.00850809943695,23.06021181524181,42.14606004265325,-45.28501171425255,Below-Sector Profitability,5.229373643857697,-12.405798532032744,Negative Forecast,Weak Fundamentals / Negative Forecast,Weighted Ensemble,Classified,9.09000015258789,0.0,9.09000015258789,9.056333287556964,9.08960063116891,7.028725696294625,5.96999979019165,8.0168,9.958,2026-11-10,5.229373643857697,-12.405798532032744,5.215903536586357,-12.63142847750562,,,5.96999979019165,5.784724752917803,6.833999983469645,3.952078543230275,7.100581412599285,2026-09-29,5.96999979019165,5.96999979019165,0.4844045732092885,0.4844045732092885,8499736.666666666,751,1.831135,0.595506,5.199674,31.9551,20.0,6.0591,14.3229,1.3742,26.2888,1.831135,1.831513,8.213417,1.846214,15.615469,1.860296,Weak Fundamentals / Negative Forecast,-12.405798532032744,5.229373643857697,5.229373643857697,Weighted Ensemble,Adaptive Momentum,Constrained dynamic ensemble excluding XGBoost,2026-07-03,2026-05-22,8.369999885559082,6.8831666230649535,8.956410150897007,8.369999885559082,8.969666608174641,8.247565451332411,9.416329516532276,6.577789797492531,7.842916690556811,7.851653546427938,-6.19290736222657,2026-07-07,2026-05-26,8.25,6.418572133588614,7.658191533546025,7.713883207560008,-6.498385362909001,adaptive_blended_momentum,0.13380533134682515,0.22401093053145266,1.8311347339881725,2026-11-10,2026-09-29,5.96999979019165,4.2272428130268604,6.469074504734337,5.96999979019165,6.833999983469645,5.784724752917803,7.100581412599285,3.952078543230275,5.215903536586357,5.229373643857697,-12.405798532032744
ZION,"Zions Bancorporation, National Association",Financial Services,Banks - Regional,2010-01-04,2026-09-29,4106,62.61000061035156,2026-11-10,High,546.1163127524261,0.0736683108786723,22.859855216683208,29.84936788333878,26.183176860025178,Low Risk,Above-Sector Volatility,3385000000.0,899000000.0,,6.01,26.55834564254062,21.641249092229483,22.72094614019609,,42.14606004265325,,Above-Sector Profitability,58.79463634066806,-6.093857582637828,Negative Forecast,Weak Fundamentals / Negative Forecast,Weighted Ensemble,Positive adaptive forecast with manageable risk and no weak fundamentals flag,63.81174794939346,0.6177070194870664,63.41999816894531,59.767999903361,65.75629497709728,55.8255354304908,62.61000061035156,59.483,73.5218,2026-11-10,58.79463634066806,-6.093857582637828,58.4413029985763,-6.658197685891793,,,62.61000061035156,64.19672152536874,66.84233385721842,48.8922191223074,72.2099159371451,2026-09-29,62.61000061035156,62.61000061035156,0.2285985521668321,0.2285985521668321,1476926.6666666667,751,1.113698,0.52809,2.23389,30.7848,20.0,7.4655,14.2349,2.6121,24.9027,1.120621,1.113698,3.687273,1.115208,5.225172,1.141368,Weak Fundamentals / Negative Forecast,-6.093857582637828,58.79463634066806,58.79463634066806,Weighted Ensemble,Adaptive Momentum,Constrained dynamic ensemble excluding XGBoost,2026-07-03,2026-05-22,62.119998931884766,54.93018083281232,71.14044047739377,62.119998931884766,61.891666666666666,64.00267654387714,62.96398181782085,60.993802101475175,63.057757860738974,62.51205691663938,0.6311300571407137,2026-07-07,2026-05-26,62.7400016784668,68.9393814524843,65.46397891503976,65.42088948620912,4.2730120115097785,drift,0.7526958146978456,0.9713963003208236,1.1136981914121296,2026-11-10,2026-09-29,62.61000061035156,53.17851005118055,65.00387579690502,62.61000061035156,66.84233385721842,64.19672152536874,72.2099159371451,48.8922191223074,58.4413029985763,58.79463634066806,-6.093857582637828
A,A,Healthcare,Diagnostics & Research,2010-01-04,2026-09-29,4106,175.02999877929688,2026-11-10,High,483.2622084686872,0.0593826033584955,38.14685609806475,27.879432159424223,3.059505156163927,Medium Risk,Near-Sector Volatility,6948000000.0,1303000000.0,1835000000.0,4.59,18.75359815774323,13.072007764948538,43.463792976235766,26.4104778353483,27.24011911207364,-3.0456595043213843,Above-Sector Profitability,204.99337826945415,17.118996571518846,Positive Forecast,Potential Opportunity,Weighted Ensemble,Classified,115.5500030517578,0.0,115.5500030517578,115.48785552978516,116.61724908011298,138.06347024824186,175.02999877929688,103.7743,126.1253,2026-11-10,204.99337826945413,17.118996571518846,200.429286778976,14.51139129110446,,,175.02999877929688,178.25418187294983,156.17633310953775,274.5016799119006,136.73942854559007,2026-09-29,175.02999877929688,175.02999877929688,0.3814685609806475,0.3814685609806475,2624913.333333333,751,1.495349,0.561798,3.654573000000001,30.1619,20.0,7.5401,16.0896,2.1709,24.0375,1.5905,1.495349,5.565454,1.497492,10.132969,1.645674,Potential Opportunity,17.118996571518846,204.99337826945413,204.99337826945415,Weighted Ensemble,Adaptive Momentum,Constrained dynamic ensemble excluding XGBoost,2026-07-03,2026-05-22,114.95999908447266,101.20287268969552,130.44532188060825,114.95999908447266,115.76900024414064,114.44551430609836,126.98049112704308,113.0025075301944,115.86887132071544,114.89752522682788,-0.0543439962963722,2026-07-07,2026-05-26,115.08000183105467,126.66083158989464,118.16511750972892,119.00152963616472,3.40765358247659,drift,2.1322938857448905,3.313370035263012,1.4953494954533597,2026-11-10,2026-09-29,175.02999877929688,173.37272005818195,242.38118384611676,175.02999877929688,156.17633310953775,178.25418187294983,136.73942854559007,274.5016799119006,200.429286778976,204.99337826945415,17.118996571518846
ABBV,AbbVie Inc.,Healthcare,Drug Manufacturers - General,2013-01-02,2026-09-29,3352,263.2900085449219,2026-11-10,High,927.7675849602622,0.0834309562248946,26.14195607038849,27.879432159424223,-5.515531788154871,Low Risk,Near-Sector Volatility,61160000000.0,4226000000.0,22703000000.0,2.37,6.909744931327665,13.072007764948538,-47.14090554738232,37.12066710268149,27.24011911207364,36.27204400229111,Below-Sector Profitability,264.5267978661112,0.4697441152531521,Neutral Forecast,Stable Watchlist,Weighted Ensemble,Classified,211.32000732421875,0.0,211.32000732421875,205.978657023112,214.1670684814453,249.7647762823992,263.2900085449219,197.2594,237.351,2026-11-10,264.5267978661112,0.4697441152531521,264.4806362770255,0.4522115133360556,,,263.2900085449219,269.4089167495054,261.14099782307943,264.04143508708535,249.87291000437085,2026-09-29,263.2900085449219,263.2900085449219,0.2614195607038849,0.2614195607038849,4215193.333333333,751,1.21431,0.0,2.767357333333333,29.6344,20.0,7.9675,15.9421,2.5931,23.8629,1.302839,1.215418,4.370685,1.21431,7.154542,1.34635,Stable Watchlist,0.4697441152531521,264.5267978661112,264.5267978661112,Weighted Ensemble,Adaptive Momentum,Constrained dynamic ensemble excluding XGBoost,2026-07-03,2026-05-22,215.6999969482422,207.0706880909424,257.60055389390163,215.6999969482422,206.5973347981771,219.295623868688,228.50799587176704,264.3943246875254,228.95660410083087,230.9578401947379,7.073640919038532,2026-07-07,2026-05-26,213.1199951171875,247.4123884424916,223.13817989755748,224.44947907837053,5.316011740218617,naive,2.9803332858615432,4.018999391333709,1.2143097033450794,2026-11-10,2026-09-29,263.2900085449219,235.83488412640625,296.709399241346,263.2900085449219,261.14099782307943,269.4089167495054,249.87291000437085,264.04143508708535,264.4806362770255,264.5267978661112,0.4697441152531521
ABT,Abbott Laboratories,Healthcare,Medical Devices,2010-01-04,2026-09-29,4106,100.9499969482422,2026-11-10,High,398.6339764649487,0.0484792604568769,29.193419974577527,27.879432159424223,-22.3232716000122,Low Risk,Near-Sector Volatility,44328000000.0,6524000000.0,12075000000.0,3.756767,14.717560007218914,13.072007764948538,12.58836646871327,27.24011911207364,27.24011911207364,0.0,Above-Sector Profitability,99.35322118604591,-1.581749193132667,Neutral Forecast,Stable Watchlist,Weighted Ensemble,Negative adaptive forecast but fundamentals are not clearly weak,90.79000091552734,0.0,90.79000091552734,99.07570826212564,86.3736332484654,134.04421942509893,100.9499969482422,78.3929,93.0477,2026-11-10,99.35322118604591,-1.581749193132667,97.59808069459964,-3.320372813246452,,,100.9499969482422,101.16461651632558,107.28533325195312,97.77810052404313,86.96794361224505,2026-09-29,100.9499969482422,100.9499969482422,0.2919341997457753,0.2919341997457753,8412196.666666666,751,1.261706,0.0,3.8292033333333335,32.8249,20.0,6.622,15.2731,1.4533,23.8267,1.299578,1.261907,5.607194,1.261706,12.213501,1.331334,Stable Watchlist,-1.581749193132667,99.35322118604591,99.35322118604591,Weighted Ensemble,Adaptive Momentum,Constrained dynamic ensemble excluding XGBoost,2026-07-03,2026-05-22,87.41000366210938,79.52933496915718,103.24006761886156,87.41000366210938,90.353000386556,86.74866651667296,93.06764017781776,97.37618703189128,88.81522880785542,90.6124379977654,3.6636931718196672,2026-07-07,2026-05-26,86.66999816894531,100.26887337825926,86.98215569839815,90.51833889283904,4.440222458978474,naive,1.2527782016330298,1.779176958967772,1.2617062121129008,2026-11-10,2026-09-29,100.9499969482422,87.39772741910139,112.9441560042896,100.9499969482422,107.28533325195312,101.16461651632558,86.96794361224505,97.77810052404313,97.59808069459964,99.35322118604591,-1.581749193132667
ALGN,"Align Technology, Inc.",Healthcare,Medical Instruments & Supplies,2010-01-04,2026-09-29,4106,144.00999450683594,2026-11-10,Moderate,851.4053757126267,0.0973103013627531,40.93461359955151,27.879432159424223,65.47647457330496,Medium Risk,Above-Sector Volatility,4034964000.0,410351000.0,862303000.0,5.66,10.169880078236137,13.072007764948538,-22.2010860068046,21.370773072572643,27.24011911207364,-21.546697411097306,Below-Sector Profitability,140.54912482050463,-2.4032149283687563,Negative Forecast,Needs Further Review,Weighted Ensemble,Negative adaptive forecast plus below-sector profitability,176.00999450683594,0.0,176.00999450683594,179.4809992472331,175.802850995745,91.879488614092,144.00999450683594,141.7061,195.6148,2026-11-10,140.54912482050463,-2.4032149283687563,136.08235501498382,-5.504923126343017,,,144.00999450683594,139.84836439012122,154.1710001627604,135.39995843836488,180.1980502088848,2026-09-29,144.00999450683594,144.00999450683594,0.4093461359955151,0.4093461359955151,895486.6666666666,751,2.061386,0.539326,3.7243265,30.0651,20.0,8.8703,14.0623,2.6307,24.3715,2.107995,2.061386,4.77383,2.067806,9.190539,2.144403,Needs Further Review,-2.4032149283687563,140.54912482050463,140.54912482050463,Weighted Ensemble,Adaptive Momentum,Constrained dynamic ensemble excluding XGBoost,2026-07-03,2026-05-22,163.61000061035156,131.52753575786014,191.9769505977005,163.61000061035156,175.0356669108073,160.0824312534742,168.9863210012643,149.03094208858454,158.87602206878813,158.90328893520112,-2.87678727314463,2026-07-07,2026-05-26,163.5500030517578,160.41078963719815,160.38899308382264,162.09864707064767,-0.8874081039612314,drift,3.4899729526811094,4.37602938816951,2.0613862216801206,2026-11-10,2026-09-29,144.00999450683594,117.4226483575458,168.23037773479373,144.00999450683594,154.1710001627604,139.84836439012122,180.1980502088848,135.39995843836488,136.08235501498382,140.54912482050463,-2.4032149283687563
AMGN,Amgen Inc.,Healthcare,Drug Manufacturers - General,2010-01-04,2026-09-29,4106,423.6400146484375,2026-11-10,High,786.8846686138245,0.0650291583122001,31.639698727110137,27.879432159424223,-12.17486074648762,Low Risk,Near-Sector Volatility,36751000000.0,7711000000.0,16898000000.0,14.33,20.981741993415145,13.072007764948538,60.50894683275724,45.97970123261952,27.24011911207364,68.79405351880395,Above-Sector Profitability,477.2555874296495,12.655927421234155,Positive Forecast,Potential Opportunity,Weighted Ensemble,Classified,346.25,0.0,346.25,348.15533243815105,354.1627938406808,328.3498175051843,423.6400146484375,311.3022,378.0635,2026-11-10,477.2555874296495,12.655927421234155,460.72499024313055,8.753888752805478,,,423.6400146484375,431.58004357430303,414.7939992268881,607.6279452533872,413.1412509491451,2026-09-29,423.6400146484375,423.6400146484375,0.3163969872711014,0.3163969872711014,2891710.0,751,1.375398,0.539326,2.7198401666666663,31.5887,20.0,7.2078,15.1992,3.5449,22.4595,1.431013,1.375398,5.311283,1.37784,5.346119,1.477388,Potential Opportunity,12.655927421234155,477.2555874296495,477.2555874296495,Weighted Ensemble,Adaptive Momentum,Constrained dynamic ensemble excluding XGBoost,2026-07-03,2026-05-22,339.29998779296875,309.47938280448074,394.9599852241863,339.29998779296875,338.5090016682943,344.94042426171154,373.688817989262,363.16075772885887,347.08288509799485,349.6168938418852,3.040644391420237,2026-07-07,2026-05-26,335.94000244140625,355.7335442680927,342.28080500950665,345.061416080265,2.715191275992713,drift,5.288986308582588,7.840149774843305,1.3753979455702343,2026-11-10,2026-09-29,423.6400146484375,415.339581628824,548.4016111336417,423.6400146484375,414.7939992268881,431.58004357430303,413.1412509491451,607.6279452533872,460.72499024313055,477.2555874296495,12.655927421234155
BAX,Baxter International Inc.,Healthcare,Medical Instruments & Supplies,2010-01-04,2026-09-29,4106,23.479999542236328,2026-11-10,High,-23.94457325746976,0.0070309503306189,38.00323909540818,27.879432159424223,-6.714896899185092,Medium Risk,Near-Sector Volatility,11244000000.0,-900000000.0,1261000000.0,-1.87,-8.004268943436498,13.072007764948538,-161.23213118721716,11.214870152970471,27.24011911207364,-58.82958475023808,Below-Sector Profitability,23.120755307372573,-1.5300010301002742,Neutral Forecast,Stable Watchlist,Weighted Ensemble,Negative adaptive forecast plus below-sector profitability,17.53955129003118,-0.230083241469929,17.579999923706055,17.3236665725708,16.034451938810804,12.7898560793611,23.479999542236328,13.9998,20.5813,2026-11-10,23.120755307372573,-1.5300010301002742,22.92126816064553,-2.3796055897945894,,,23.479999542236328,23.048060428969364,24.777333323160807,22.80330125727314,23.45338039759055,2026-09-29,23.479999542236328,23.479999542236328,0.3800323909540818,0.3800323909540818,5956770.0,751,1.797874,0.0,5.830962333333333,31.4764,20.0,6.2728,14.7407,1.1988,26.3113,1.826822,1.799223,8.018262,1.797874,19.689842,1.853751,Stable Watchlist,-1.5300010301002742,23.120755307372573,23.120755307372573,Weighted Ensemble,Adaptive Momentum,Constrained dynamic ensemble excluding XGBoost,2026-07-03,2026-05-22,19.18000030517578,16.30632478803707,25.395771728270063,19.18000030517578,17.891333262125652,18.580772098370367,13.667431495018594,23.243470078491097,20.810533114990687,20.349734692226853,6.098719334928352,2026-07-07,2026-05-26,19.3799991607666,26.186003182119936,21.413253764700872,21.360455609004248,10.219073962845862,naive,0.4174444834391274,0.5624796866817241,1.7978743367296084,2026-11-10,2026-09-29,23.479999542236328,19.56666792239142,27.320406729633014,23.479999542236328,24.777333323160807,23.048060428969364,23.45338039759055,22.80330125727314,22.92126816064553,23.120755307372573,-1.5300010301002742
BDX,"Becton, Dickinson and Company",Healthcare,Medical Instruments & Supplies,2010-01-04,2026-09-29,4106,181.97000122070312,2026-11-10,High,226.80705255219385,0.0378040951278674,26.922221659842023,27.879432159424223,-24.13898794461325,Low Risk,Near-Sector Volatility,21840000000.0,1678000000.0,5416000000.0,5.83,7.683150183150183,13.072007764948538,-41.22440621744513,24.7985347985348,27.24011911207364,-8.963192501080707,Below-Sector Profitability,178.26334296290634,-2.036961165539122,Negative Forecast,Needs Further Review,Weighted Ensemble,Negative adaptive forecast plus below-sector profitability,149.0399932861328,0.0,149.0399932861328,154.8296666463216,147.90557316371374,117.38076730624698,181.97000122070312,130.2304,154.8987,2026-11-10,178.26334296290634,-2.036961165539122,179.20390716081886,-1.520082453881724,,,181.97000122070312,181.1885099163542,184.4240020751953,170.61643872145206,174.37662408746326,2026-09-29,181.97000122070312,181.97000122070312,0.2692222165984202,0.2692222165984202,1794826.6666666667,751,1.32003,0.0,2.9740825,29.2925,20.0,8.0303,15.9693,2.5303,24.1777,1.388535,1.320984,4.492013,1.32003,7.906543,1.41639,Needs Further Review,-2.036961165539122,178.26334296290634,178.26334296290634,Weighted Ensemble,Adaptive Momentum,Constrained dynamic ensemble excluding XGBoost,2026-07-03,2026-05-22,147.6300048828125,129.47469446364818,164.79534236090134,147.6300048828125,149.74166514078777,146.0368316130198,165.4917885694253,142.35909254670796,146.40424048191895,146.07130656364376,-1.0558140402461025,2026-07-07,2026-05-26,147.75,162.45607514398395,151.2372279002365,152.69976931901198,3.350097677842286,naive,2.167111375596789,2.7891165800976907,1.320029919430314,2026-11-10,2026-09-29,181.97000122070312,158.38432001677708,200.6374080524174,181.97000122070312,184.4240020751953,181.1885099163542,174.37662408746326,170.61643872145206,179.20390716081886,178.26334296290634,-2.036961165539122
BIIB,Biogen Inc.,Healthcare,Drug Manufacturers - General,2010-01-04,2026-09-29,4106,227.07000732421875,2026-11-10,High,252.87099353663405,0.0587613154110323,35.32506929811143,27.879432159424223,37.133602054650346,Medium Risk,Above-Sector Volatility,9890600000.0,1292900000.0,3398600000.0,8.83,13.072007764948538,13.072007764948538,0.0,34.361919398216486,27.24011911207364,26.14452696348988,Above-Sector Profitability,236.075013037314,3.965739825884421,Positive Forecast,Needs Further Review,Weighted Ensemble,Positive adaptive forecast with manageable risk and no weak fundamentals flag,190.27127770297275,0.5237103392164132,189.27999877929688,182.50166727701824,197.5073798043387,163.0995445584774,227.07000732421875,175.5116,227.0827,2026-11-10,236.075013037314,3.965739825884421,236.54394755454723,4.172255218542027,,,227.07000732421875,226.09500069451772,219.5826665242513,263.17997372345604,227.71918276637547,2026-09-29,227.07000732421875,227.07000732421875,0.3532506929811143,0.3532506929811143,887603.3333333334,751,1.645657,0.0,2.0740393333333333,25.696,20.0,11.5914,14.5686,7.1326,21.0113,1.739268,1.646482,2.874758,1.645657,2.777173,1.760898,Needs Further Review,3.965739825884421,236.075013037314,236.075013037314,Weighted Ensemble,Adaptive Momentum,Constrained dynamic ensemble excluding XGBoost,2026-07-03,2026-05-22,193.7599945068359,165.22790364234314,227.56979825734544,193.7599945068359,188.23800048828124,190.3307923706664,209.12915295853728,194.6929709363164,195.58305186364828,193.90946521088685,0.0771421904874526,2026-07-07,2026-05-26,193.0800018310547,179.1771724772201,192.67167753020712,189.6270145237614,-1.7883712836892625,naive,3.401888529459633,4.573443476578856,1.645657222996447,2026-11-10,2026-09-29,227.07000732421875,202.14968215183623,275.693788816881,227.07000732421875,219.5826665242513,226.09500069451775,227.71918276637547,263.17997372345604,236.54394755454723,236.075013037314,3.965739825884421
BIO,"Bio-Rad Laboratories, Inc.",Healthcare,Medical Devices,2010-01-04,2026-09-29,4106,379.5499877929688,2026-11-10,High,186.2163965015013,0.0428300066270762,30.46200209277472,27.879432159424223,5.92767082678707,Low Risk,Near-Sector Volatility,2583200000.0,759900000.0,1209900000.0,27.87,29.417002167853823,13.072007764948538,125.03813260219276,46.83725611644472,27.24011911207364,71.94218543517692,Above-Sector Profitability,380.7236263665922,0.3092184458885143,Neutral Forecast,Stable Watchlist,Weighted Ensemble,Classified,281.4519073635013,0.4754791766137848,280.1199951171875,281.7256652832031,284.61999366396947,288.1617692860812,379.5499877929688,238.3937,314.0554,2026-11-10,380.7236263665922,0.3092184458885143,382.2534374858735,0.7122776392708908,,,379.5499877929688,380.715236180664,379.4180002848307,384.2381898451528,335.3720155558262,2026-09-29,379.5499877929688,379.5499877929688,0.3046200209277472,0.3046200209277472,271530.0,751,1.418593,0.0,3.6135215,30.19,20.0,7.3806,16.2241,2.2396,23.9657,1.507665,1.418979,5.874504,1.418593,9.904951,1.556437,Stable Watchlist,0.3092184458885143,380.7236263665922,380.7236263665922,Weighted Ensemble,Adaptive Momentum,Constrained dynamic ensemble excluding XGBoost,2026-07-03,2026-05-22,287.739990234375,271.2066010353623,400.2785364669034,287.739990234375,275.2543314615885,284.4889555014298,303.013748654505,416.7343658516184,330.8429270715846,329.481685898622,14.506741183332505,2026-07-07,2026-05-26,296.8999938964844,465.63187829981314,342.1689211987512,347.84921240835706,17.160397291768344,naive,4.6258897569444475,6.162350717585255,1.4185934288700819,2026-11-10,2026-09-29,379.5499877929688,333.0492018959138,435.2224201366776,379.5499877929688,379.4180002848307,380.715236180664,335.3720155558262,384.2381898451528,382.2534374858735,380.7236263665922,0.3092184458885143
BMY,Bristol-Myers Squibb Company,Healthcare,Drug Manufacturers - General,2010-01-04,2026-09-29,4106,62.86000061035156,2026-11-10,High,316.5836066102625,0.0459733676803565,27.507030262065552,27.879432159424223,-15.021001584408442,Low Risk,Near-Sector Volatility,48195000000.0,7054000000.0,19945000000.0,3.47,14.636373067745618,13.072007764948538,11.96729171927048,41.38396099180413,27.24011911207364,51.92283419003672,Above-Sector Profitability,62.44581506601759,-0.6589015913336921,Neutral Forecast,Stable Watchlist,Weighted Ensemble,Positive adaptive forecast with manageable risk and no weak fundamentals flag,60.59000015258789,0.0,60.59000015258789,58.64362703959147,62.22242582411993,38.01926859759766,62.86000061035156,57.1964,68.4727,2026-11-10,62.44581506601759,-0.6589015913336921,62.27617235030644,-0.928775460350506,,,62.86000061035156,63.069185453447176,64.98933347066243,60.32061732930344,68.00736310840068,2026-09-29,62.86000061035156,62.86000061035156,0.2750703026206555,0.2750703026206555,10298860.0,751,1.402991,0.47191,2.395817,30.0632,20.0,7.8038,14.1075,3.4475,24.5781,1.418072,1.402991,4.031865,1.403287,4.669479,1.449208,Stable Watchlist,-0.6589015913336921,62.44581506601759,62.44581506601759,Weighted Ensemble,Adaptive Momentum,Constrained dynamic ensemble excluding XGBoost,2026-07-03,2026-05-22,59.459999084472656,56.17600462126227,70.14606183561658,59.459999084472656,57.98100001017253,59.19409486903477,61.99730037254304,70.56970450116407,62.59877633986801,62.773605072840496,5.572832222315242,2026-07-07,2026-05-26,58.02999877929688,65.72742596363446,59.5591592575802,60.24024348943525,3.8087967544933137,drift,0.8479466131161845,1.0380319040798816,1.4029905999961358,2026-11-10,2026-09-29,62.86000061035156,55.33985882025557,70.46421697469125,62.86000061035156,64.98933347066243,63.069185453447176,68.00736310840068,60.32061732930344,62.27617235030644,62.44581506601759,-0.6589015913336921
BSX,Boston Scientific Corporation,Healthcare,Medical Devices,2010-01-04,2026-09-29,4106,43.880001068115234,2026-11-10,High,539.4006564581532,0.0615974379469207,39.91492318268312,27.879432159424223,2.825803308514959,Medium Risk,Near-Sector Volatility,20074000000.0,2898000000.0,5334000000.0,1.96,14.436584636843678,13.072007764948538,10.43892335769671,26.57168476636445,27.24011911207364,-2.4538598489935137,Above-Sector Profitability,43.38910772039007,-1.1187177205468892,Neutral Forecast,Stable Watchlist,Weighted Ensemble,Negative adaptive forecast but fundamentals are not clearly weak,57.61000061035156,0.0,57.61000061035156,63.74400049845378,52.23738188970657,102.12529535410592,43.880001068115234,41.5848,60.4475,2026-11-10,43.38910772039007,-1.1187177205468892,42.8593540341828,-2.3259959186146704,,,43.880001068115234,43.55606602859269,46.26199951171875,43.91002116150307,25.560953130991138,2026-09-29,43.880001068115234,43.880001068115234,0.3991492318268312,0.3991492318268312,21150830.0,751,1.73045,0.516854,5.457901,33.3922,20.0,6.2759,15.3889,1.3203,23.6227,1.784495,1.73045,8.213787,1.731231,17.433763,1.85368,Stable Watchlist,-1.1187177205468892,43.38910772039007,43.38910772039007,Weighted Ensemble,Adaptive Momentum,Constrained dynamic ensemble excluding XGBoost,2026-07-03,2026-05-22,57.77999877929688,49.88010389393862,76.78721540704055,57.77999877929688,58.41600023905436,58.04582983195623,58.10246905314298,71.05895969126767,60.553203145192754,61.88824025797976,7.110144626993151,2026-07-07,2026-05-26,57.63999938964844,72.61131263944608,59.62851867315857,61.87280877130965,7.343527804445784,drift,0.8127355643690714,1.2346164766044685,1.7304500538427507,2026-11-10,2026-09-29,43.880001068115234,36.41240312939652,51.70256580103985,43.880001068115234,46.26199951171875,43.55606602859269,25.560953130991138,43.91002116150307,42.8593540341828,43.38910772039007,-1.1187177205468892
CAH,"Cardinal Health, Inc.",Healthcare,Medical Distribution,2010-01-04,2026-09-29,4106,223.91000366210932,2026-11-10,High,794.0633558556987,0.0674323484882214,22.7058427852394,27.879432159424223,-4.96104602416548,Low Risk,Near-Sector Volatility,222578000000.0,1561000000.0,3153000000.0,6.48,0.7013271751925167,13.072007764948538,-94.63489321760451,1.4165820521345325,27.24011911207364,-94.79964809879756,Below-Sector Profitability,220.0276337693425,-1.733897471872479,Neutral Forecast,Stable Watchlist,Weighted Ensemble,Negative adaptive forecast plus below-sector profitability,192.8800048828125,0.0,192.8800048828125,208.72948048909504,199.380003792899,223.7304069936058,223.91000366210932,155.9612,196.4872,2026-11-10,220.0276337693425,-1.733897471872479,218.23362400208492,-2.535116594696809,,,223.9100036621093,232.60546251577688,232.67999979654948,199.6111753158399,244.4167057784675,2026-09-29,223.91000366210932,223.91000366210932,0.227058427852394,0.227058427852394,1704280.0,751,1.127664,0.0,2.1177205000000003,31.8022,20.0,7.5381,14.8937,3.9805,21.7854,1.149661,1.131535,4.081183,1.127664,3.990416,1.225864,Stable Watchlist,-1.733897471872479,220.0276337693425,220.0276337693425,Weighted Ensemble,Adaptive Momentum,Constrained dynamic ensemble excluding XGBoost,2026-07-03,2026-05-22,200.67999267578125,192.50625660774693,253.1815284773218,200.67999267578125,199.4763336181641,207.6972038223228,232.150477154771,261.8445574145408,212.3204499457593,220.76917422819,10.010555254935062,2026-07-07,2026-05-26,200.3699951171875,265.1808412563736,211.11649478782223,221.0943758049285,10.343055942892189,naive,2.568665737575957,3.2383901805393767,1.1276635506689534,2026-11-10,2026-09-29,223.91000366210932,199.1450148060287,243.1000327539724,223.91000366210932,232.67999979654948,232.60546251577688,244.4167057784675,199.6111753158399,218.23362400208495,220.0276337693425,-1.733897471872479
CI,The Cigna Group,Healthcare,Healthcare Plans,2010-01-04,2026-09-29,4106,275.260009765625,2026-11-10,High,783.1804318220343,0.0697917939845289,27.585113757373097,27.879432159424223,3.887721779442755,Low Risk,Near-Sector Volatility,274876000000.0,5957000000.0,,22.18,2.1671590098808187,13.072007764948538,-83.4213760514137,,27.24011911207364,,Below-Sector Profitability,266.20611530831104,-3.289215336809389,Negative Forecast,Needs Further Review,Weighted Ensemble,Positive adaptive forecast with manageable risk and no weak fundamentals flag,292.46314206977127,0.6480678589464076,290.5799865722656,273.5656667073568,285.8606175013951,275.6670687816066,275.260009765625,280.9447,338.8742,2026-11-10,266.20611530831104,-3.289215336809389,267.8549925259184,-2.690189993821374,,,275.260009765625,274.7798705088844,278.10833435058595,238.08382203266328,280.5099587928338,2026-09-29,275.260009765625,275.260009765625,0.275851137573731,0.275851137573731,1502703.3333333333,751,1.401633,0.0,1.8626273333333332,28.2754,20.0,11.9623,14.1548,5.4568,20.1507,1.462544,1.402242,2.246989,1.401633,3.159219,1.503137,Needs Further Review,-3.289215336809389,266.20611530831104,266.20611530831104,Weighted Ensemble,Adaptive Momentum,Constrained dynamic ensemble excluding XGBoost,2026-07-03,2026-05-22,286.239990234375,251.5937669936488,321.10037025381126,286.239990234375,283.2740010579427,287.7021544786853,264.1959723308783,280.8486726242669,286.685484369687,284.2302794130346,-0.7021069347070666,2026-07-07,2026-05-26,280.8299865722656,257.4926378932833,274.6223440226489,273.4678794501356,-2.621553065607372,naive,3.970445081922737,4.915912017130193,1.4016333370133276,2026-11-10,2026-09-29,275.260009765625,235.83258117002367,300.49154139754387,275.260009765625,278.10833435058595,274.7798705088844,280.5099587928338,238.08382203266328,267.8549925259184,266.20611530831104,-3.289215336809389
CNC,Centene Corporation,Healthcare,Healthcare Plans,2010-01-04,2026-09-29,4106,62.209999084472656,2026-11-10,High,889.677359245147,0.0857725272142979,37.955343567631,27.879432159424223,37.127900126072326,Medium Risk,Above-Sector Volatility,194777000000.0,-6674000000.0,963000000.0,-13.53,-3.426482592913948,13.072007764948538,-126.21236656622683,0.4944115578328036,27.24011911207364,-98.1849875332826,Below-Sector Profitability,58.389646859547,-6.14105815969896,Negative Forecast,Weak Fundamentals / Negative Forecast,Weighted Ensemble,Positive adaptive forecast with manageable risk and no weak fundamentals flag,54.04272699530319,0.6569722064003481,53.68999862670898,38.03400001525879,53.026903424944194,9.901270397617054,62.209999084472656,53.732,81.8032,2026-11-10,58.389646859547,-6.14105815969896,58.615362730908544,-5.778229233990325,,,62.209999084472656,61.9420069509642,65.06166648864746,48.35537202732972,72.50312756792059,2026-09-29,62.209999084472656,62.209999084472656,0.37955343567631,0.37955343567631,4473573.333333333,751,1.944681,0.0,3.965483166666667,30.7574,20.0,9.1947,14.9197,2.3112,22.8171,2.025357,1.945181,4.784526,1.944681,11.038204,2.05495,Weak Fundamentals / Negative Forecast,-6.14105815969896,58.389646859547,58.389646859547,Weighted Ensemble,Adaptive Momentum,Constrained dynamic ensemble excluding XGBoost,2026-07-03,2026-05-22,59.13999938964844,49.328092873232805,81.06728714540591,59.13999938964844,49.990000025431314,58.916427522074834,43.58600985700306,69.80590577211792,65.78663342422468,63.23681419307597,6.927316276138853,2026-07-07,2026-05-26,57.209999084472656,59.83768674184553,60.83276950922263,58.4308914476383,2.134054156097702,naive,1.255222405327691,1.5347444874500205,1.944681267507048,2026-11-10,2026-09-29,62.209999084472656,49.42447430084695,68.98102425186914,62.209999084472656,65.06166648864746,61.9420069509642,72.50312756792059,48.35537202732972,58.615362730908544,58.389646859547,-6.14105815969896
COO,"The Cooper Companies, Inc.",Healthcare,Medical Instruments & Supplies,2010-01-04,2026-09-29,4106,56.630001068115234,2026-11-10,High,570.770542550199,0.0611237784903411,41.62895715374853,27.879432159424223,-2.2999269527142565,Medium Risk,Near-Sector Volatility,4092400000.0,374900000.0,1051900000.0,1.913731,9.160883589091975,13.072007764948538,-29.91984281361816,25.70374352458215,27.24011911207364,-5.64012066603085,Below-Sector Profitability,59.84117271606168,5.6704424993459,Positive Forecast,Potential Opportunity,Weighted Ensemble,Negative adaptive forecast plus below-sector profitability,62.900001525878906,0.0,62.900001525878906,68.95599924723307,60.59881083170573,55.46358158073468,56.630001068115234,52.2653,62.2377,2026-11-10,59.84117271606168,5.6704424993459,56.58122765510093,-0.086126456108728,,,56.630001068115234,55.91009338045316,63.92366701761882,68.03590682677921,64.00215278255408,2026-09-29,56.630001068115234,56.630001068115234,0.4162895715374853,0.4162895715374853,4027056.6666666665,751,1.652595,0.011236,3.974801,31.6518,20.0,6.2283,15.6036,2.6801,23.8362,1.731706,1.653897,8.322927,1.652595,8.74418,1.743501,Potential Opportunity,5.6704424993459,59.84117271606168,59.84117271606168,Weighted Ensemble,Adaptive Momentum,Constrained dynamic ensemble excluding XGBoost,2026-07-03,2026-05-22,62.54999923706055,58.849621413152,72.50813910214316,62.54999923706055,63.76833292643229,61.51555419762847,73.02342537243746,70.86886604471589,64.37751460324218,65.32286380382666,4.433036931394891,2026-07-07,2026-05-26,62.02999877929688,72.15938047957523,63.31054285297496,65.12804101797015,4.994425761148451,naive,1.0859995100233286,1.6636983969861499,1.6525954692534677,2026-11-10,2026-09-29,56.630001068115234,49.84246027577765,71.84569004459428,56.630001068115234,63.92366701761882,55.91009338045316,64.00215278255408,68.03590682677921,56.58122765510093,59.84117271606168,5.6704424993459
CVS,CVS Health Corporation,Healthcare,Healthcare Plans,2010-01-04,2026-09-29,4106,87.0999984741211,2026-11-10,High,276.28761340322427,0.0456167413349186,26.89299650721933,27.879432159424223,-7.355022514524566,Low Risk,Near-Sector Volatility,402067000000.0,1768000000.0,15103000000.0,1.4,0.4397277070736966,13.072007764948538,-96.63611195020256,3.756339117609752,27.24011911207364,-86.21026911756479,Below-Sector Profitability,81.44981518133469,-6.487007338427422,Negative Forecast,Weak Fundamentals / Negative Forecast,Weighted Ensemble,Positive adaptive forecast with manageable risk and no weak fundamentals flag,83.7369339463191,0.5365986623592832,83.29000091552734,75.3388158162435,85.73696935744513,93.46574378369894,87.0999984741211,83.3082,102.6184,2026-11-10,81.44981518133469,-6.487007338427422,81.95599989412621,-5.905853811838189,,,87.0999984741211,87.88040588856933,92.57266642252604,68.22052732960375,102.08303560258258,2026-09-29,87.0999984741211,87.0999984741211,0.2689299650721933,0.2689299650721933,7198290.0,751,1.294414,0.011236,3.2969625,31.7333,20.0,6.2196,14.7676,1.878,25.4014,1.319764,1.300765,5.869135,1.294414,8.647937,1.34976,Weak Fundamentals / Negative Forecast,-6.487007338427422,81.44981518133469,81.44981518133469,Weighted Ensemble,Adaptive Momentum,Constrained dynamic ensemble excluding XGBoost,2026-07-03,2026-05-22,93.26000213623048,79.94599809759478,114.55131754393426,93.26000213623048,85.22000071207682,94.35130960271869,87.08747378865175,101.88641384725965,97.05426366195636,95.69701883781096,2.6131424466628026,2026-07-07,2026-05-26,90.7300033569336,86.40290350925258,90.70500957698648,89.38593980333897,-1.4813881889842446,naive,1.2626667446560313,1.6468350230474735,1.2944137031462413,2026-11-10,2026-09-29,87.0999984741211,72.37623432156622,91.66092233534178,87.0999984741211,92.57266642252604,87.88040588856933,102.08303560258258,68.22052732960375,81.95599989412621,81.44981518133469,-6.487007338427422
DGX,Quest Diagnostics Incorporated,Healthcare,Diagnostics & Research,2010-01-04,2026-09-29,4106,231.97000122070312,2026-11-10,High,328.39886857325297,0.0458790556400221,25.39358245029359,27.879432159424223,-17.756250750406135,Low Risk,Near-Sector Volatility,11035000000.0,992000000.0,2165000000.0,8.87,8.989578613502493,13.072007764948538,-31.23031461465871,19.619392840960582,27.24011911207364,-27.97611214458794,Below-Sector Profitability,221.79509831180255,-4.386301183496501,Negative Forecast,Needs Further Review,Weighted Ensemble,Classified,194.1999969482422,0.0,194.1999969482422,195.8639628092448,196.4454639979772,201.5077877880721,231.97000122070312,177.1085,212.1037,2026-11-10,221.79509831180252,-4.386301183496501,221.8029890172621,-4.382899577505213,,,231.97000122070312,238.09518260944333,239.88399963378907,191.96166644742405,237.7615484412657,2026-09-29,231.97000122070312,231.97000122070312,0.2539358245029359,0.2539358245029359,1060883.3333333333,751,1.073757,0.011236,2.392839166666666,29.1131,20.0,8.148,16.3655,3.2024,23.1709,1.179814,1.089583,4.089154,1.073757,5.698476,1.226251,Needs Further Review,-4.386301183496501,221.79509831180252,221.79509831180255,Weighted Ensemble,Adaptive Momentum,Constrained dynamic ensemble excluding XGBoost,2026-07-03,2026-05-22,195.2100067138672,182.95087314916967,226.87782825357425,195.2100067138672,193.06966756184897,198.33573973156751,201.2870463711944,220.68310010718503,202.6325936878183,203.73388715964447,4.36651818688344,2026-07-07,2026-05-26,192.8800048828125,202.39118009522588,195.0455870747051,196.59993958164765,1.928626402252144,naive,2.366443888346354,3.525224658224969,1.0737570160796326,2026-11-10,2026-09-29,231.97000122070312,198.3890593924356,247.96259322865592,231.97000122070312,239.88399963378907,238.09518260944333,237.76154844126572,191.96166644742405,221.8029890172621,221.79509831180255,-4.386301183496501
DHR,Danaher Corporation,Healthcare,Diagnostics & Research,2010-01-04,2026-09-29,4106,226.1100006103516,2026-11-10,High,1082.9953957521589,0.0745863007920225,35.946790930026715,27.879432159424223,0.8066336938439703,Medium Risk,Near-Sector Volatility,24568000000.0,3614000000.0,7173000000.0,5.07,14.710192119830673,13.072007764948538,12.532002614585233,29.196515792901337,27.24011911207364,7.182041579108091,Above-Sector Profitability,242.3667666878237,7.189759866255057,Positive Forecast,Potential Opportunity,Weighted Ensemble,Negative adaptive forecast but fundamentals are not clearly weak,180.1472428097649,0.6690393305058505,178.9499969482422,188.6528742472331,176.73350343250092,202.7743383887272,226.1100006103516,152.9839,185.8628,2026-11-10,242.3667666878237,7.189759866255057,241.503264519414,6.807865139759624,,,226.1100006103516,226.6194229553868,212.978000386556,284.8380159156711,187.5201637236236,2026-09-29,226.1100006103516,226.1100006103516,0.3594679093002672,0.3594679093002672,3883690.0,751,1.547669,0.0,3.102141,31.6108,20.0,8.4106,14.6961,2.5222,22.7604,1.602889,1.549934,4.242586,1.547669,8.031688,1.63808,Potential Opportunity,7.189759866255057,242.3667666878237,242.3667666878237,Weighted Ensemble,Adaptive Momentum,Constrained dynamic ensemble excluding XGBoost,2026-07-03,2026-05-22,172.0,153.93425380150725,197.0349309795677,172.0,178.21766560872396,170.83621571208272,200.62653551972284,174.54480457378335,174.8002568479493,174.15632366690346,1.253676550525268,2026-07-07,2026-05-26,172.80999755859375,193.14177404959423,178.70846179235286,180.169516761828,4.258734626009622,naive,3.035223219129774,4.386554875260229,1.547668821448766,2026-11-10,2026-09-29,226.1100006103516,206.9713699793344,283.8153392934259,226.1100006103516,212.978000386556,226.6194229553868,187.52016372362357,284.8380159156711,241.503264519414,242.3667666878237,7.189759866255057
DVA,DaVita Inc.,Healthcare,Medical Care Facilities,2010-01-04,2026-09-29,4106,175.19000244140625,2026-11-10,High,417.8237788066313,0.0576206109947576,42.04523978303123,27.879432159424223,6.054031315645967,Medium Risk,Near-Sector Volatility,13643069000.0,746803000.0,2656275000.0,10.06,5.473863688587956,13.072007764948538,-58.12530265422845,19.469776191852432,27.24011911207364,-28.525363227127578,Below-Sector Profitability,161.94739737997273,-7.558995876983689,Negative Forecast,Weak Fundamentals / Negative Forecast,Weighted Ensemble,Positive adaptive forecast with manageable risk and no weak fundamentals flag,155.13999938964844,0.0,155.13999938964844,150.97433319091795,156.75904773530505,98.923785746548,175.19000244140625,135.8536,191.2227,2026-11-10,161.94739737997273,-7.558995876983689,161.94328219161451,-7.561344862828124,,,175.19000244140625,179.52398130159807,180.5973342895508,135.4002702556434,227.4173047302936,2026-09-29,175.19000244140625,175.19000244140625,0.4204523978303123,0.4204523978303123,676880.0,751,1.555403,0.550562,5.816028500000001,32.0141,20.0,5.3644,14.6085,1.0733,26.9397,1.585717,1.555403,9.901976,1.566061,18.711998,1.575016,Weak Fundamentals / Negative Forecast,-7.558995876983689,161.94739737997273,161.94739737997273,Weighted Ensemble,Adaptive Momentum,Constrained dynamic ensemble excluding XGBoost,2026-07-03,2026-05-22,198.52000427246097,156.85717544684624,255.7373721520281,198.52000427246097,171.23433380126954,204.2787579939012,152.57871300937887,198.1305455418276,208.12603941496167,200.2854009955945,0.8892790072231694,2026-07-07,2026-05-26,195.57000732421875,185.8267400580097,202.0960464471983,194.27093415278745,-0.6642496920694393,drift,3.0750334751924866,5.380418605983143,1.5554033685272919,2026-11-10,2026-09-29,175.19000244140625,134.64162839635685,194.79086691480072,175.19000244140625,180.5973342895508,179.52398130159807,227.4173047302936,135.4002702556434,161.94328219161451,161.94739737997273,-7.558995876983689
DXCM,"DexCom, Inc.",Healthcare,Medical Devices,2010-01-04,2026-09-29,4106,86.63999938964844,2026-11-10,High,2682.7101083122184,0.1261292760343105,38.72834911446566,27.879432159424223,69.56562473218118,Medium Risk,Above-Sector Volatility,4662000000.0,836300000.0,1358500000.0,2.14,17.93865293865294,13.072007764948538,37.22951562769027,29.139854139854137,27.24011911207364,6.974033483350232,Above-Sector Profitability,86.46100956037931,-0.2065902937789182,Neutral Forecast,Stable Watchlist,Weighted Ensemble,Negative adaptive forecast but fundamentals are not clearly weak,59.54999923706055,0.0,59.54999923706055,63.28699963887532,58.15118925912039,58.77459290300976,86.63999938964844,50.0952,63.6806,2026-11-10,86.46100956037931,-0.2065902937789182,85.55445857805657,-1.252932616850373,,,86.63999938964844,86.33774795851643,88.17899958292644,87.21251594606343,84.22763064347163,2026-09-29,86.63999938964844,86.63999938964844,0.3872834911446566,0.3872834911446566,4092880.0,751,1.749565,0.0,4.646122833333333,30.3411,20.0,7.4934,16.0676,1.8062,24.2917,1.840976,1.752141,6.711837,1.749565,13.942948,1.87927,Stable Watchlist,-0.2065902937789182,86.46100956037931,86.46100956037931,Weighted Ensemble,Adaptive Momentum,Constrained dynamic ensemble excluding XGBoost,2026-07-03,2026-05-22,72.0999984741211,72.02201678728117,100.06392237412788,72.0999984741211,62.475999959309895,70.7526448938511,57.469816345766624,113.07530618078668,86.84486443565883,84.89290604656338,17.743284109824298,2026-07-07,2026-05-26,72.01000213623047,112.93416382742332,85.92455243684039,84.62492820094437,17.51829702886085,naive,1.3786665174696184,1.9034803003355794,1.7495648709565323,2026-11-10,2026-09-29,86.63999938964844,72.9377105327157,102.49164827907391,86.63999938964844,88.17899958292644,86.33774795851643,84.22763064347163,87.21251594606343,85.55445857805657,86.46100956037931,-0.2065902937789182
EW,Edwards Lifesciences Corporation,Healthcare,Medical Devices,2010-01-04,2026-09-29,4106,88.08000183105469,2026-11-10,High,1045.5355712439173,0.0805399742459551,24.16315526333821,27.879432159424223,15.634796545149706,Low Risk,Near-Sector Volatility,6067600000.0,1073500000.0,1964800000.0,1.84,17.692333047663,13.072007764948538,35.34518465559258,32.381831366602945,27.24011911207364,18.875513111285738,Above-Sector Profitability,90.21628991745608,2.4253951430416296,Positive Forecast,Needs Further Review,Weighted Ensemble,Positive adaptive forecast with manageable risk and no weak fundamentals flag,83.5,0.0,83.5,80.9,84.35952395484561,88.64888850960817,88.08000183105469,79.77,98.2347,2026-11-10,90.21628991745608,2.4253951430416296,88.76401580429342,0.7765826056074956,,,88.08000183105469,88.93509743606802,88.63799997965495,95.49021142329671,90.2121195898954,2026-09-29,88.08000183105469,88.08000183105469,0.2416315526333821,0.2416315526333821,3173406.6666666665,751,1.193337,0.52809,1.9367011666666667,30.6363,20.0,8.2709,14.5705,4.8464,21.6759,1.231832,1.193337,3.480164,1.19364,3.234765,1.286469,Needs Further Review,2.4253951430416296,90.21628991745608,90.21628991745608,Weighted Ensemble,Adaptive Momentum,Constrained dynamic ensemble excluding XGBoost,2026-07-03,2026-05-22,85.77999877929688,80.6689621781322,103.8889990116516,85.77999877929688,81.50733337402343,85.82175189711346,84.70876849107776,105.90727688023476,92.51625894955676,91.54571389199462,6.721514566038104,2026-07-07,2026-05-26,87.54000091552734,127.78524719977726,97.27406905793818,98.33207917039996,12.328167856985234,drift,1.0532611333257085,1.335978378909623,1.1933367873216003,2026-11-10,2026-09-29,88.08000183105469,81.13300877858043,100.3164937304682,88.08000183105469,88.63799997965495,88.93509743606802,90.2121195898954,95.49021142329671,88.76401580429342,90.21628991745608,2.4253951430416296
GILD,"Gilead Sciences, Inc.",Healthcare,Drug Manufacturers - General,2010-01-04,2026-09-29,4106,151.27999877929688,2026-11-10,High,774.8075299069895,0.0678224287973148,27.79878883187845,27.879432159424223,-1.4619951579077384,Low Risk,Near-Sector Volatility,29442000000.0,8510000000.0,14809000000.0,6.84,28.90428639358739,13.072007764948538,121.1158906368748,50.29889273826507,27.24011911207364,84.65004698151665,Above-Sector Profitability,156.58249016298566,3.5050842322021825,Positive Forecast,Needs Further Review,Weighted Ensemble,Negative adaptive forecast but fundamentals are not clearly weak,131.6868920552745,0.6472758644816856,130.83999633789062,136.62199910481772,134.33155604771204,136.65205945775995,151.27999877929688,113.4929,135.8977,2026-11-10,156.58249016298566,3.5050842322021825,155.48989068068164,2.7828476568978537,,,151.27999877929688,155.66108198593548,148.25833282470705,167.2603663857347,146.2678294052214,2026-09-29,151.27999877929688,151.27999877929688,0.2779878883187845,0.2779878883187845,5817510.0,751,1.344136,0.0,2.6759350000000004,31.1959,20.0,8.9377,15.1945,2.6659,22.006,1.40491,1.350604,3.618878,1.344136,6.908968,1.428114,Needs Further Review,3.5050842322021825,156.58249016298566,156.58249016298566,Weighted Ensemble,Adaptive Momentum,Constrained dynamic ensemble excluding XGBoost,2026-07-03,2026-05-22,134.36000061035156,123.26635918750836,156.0956238730984,134.36000061035156,133.22033233642577,137.26617528267658,147.5660186902084,143.87592792287188,138.04808643891,138.71315453099447,3.2399180566150787,2026-07-07,2026-05-26,133.72999572753906,134.3619537354902,135.9504361141083,135.46278620923417,1.295738081997314,naive,1.8263339572482642,2.355576809044635,1.3441358020711673,2026-11-10,2026-09-29,151.27999877929688,138.58665758252826,176.9151277137989,151.27999877929688,148.25833282470705,155.66108198593548,146.2678294052214,167.2603663857347,155.48989068068164,156.58249016298566,3.5050842322021825
HCA,"HCA Healthcare, Inc.",Healthcare,Medical Care Facilities,2011-03-10,2026-09-29,3808,431.6300048828125,2026-11-10,High,1782.7970551658382,0.0989738108901531,34.11316860007527,27.879432159424223,18.61744775778658,Low Risk,Near-Sector Volatility,75600000000.0,6784000000.0,15603000000.0,28.7,8.973544973544973,13.072007764948538,-31.35297090622329,20.63888888888889,27.24011911207364,-24.23348516218082,Below-Sector Profitability,439.39844250623696,1.799790917115132,Neutral Forecast,Stable Watchlist,Weighted Ensemble,Negative adaptive forecast plus below-sector profitability,437.69174033511433,0.7461682672339812,434.4500122070313,476.9549987792969,445.8958297002884,556.5166089919794,431.6300048828125,346.9737,434.5433,2026-11-10,439.39844250623696,1.799790917115132,436.960836345034,1.2350465449381425,,,431.6300048828125,441.3604872460858,421.7743326822917,455.9341732197231,395.5585351608336,2026-09-29,431.6300048828125,431.6300048828125,0.3411316860007527,0.3411316860007527,1444960.0,751,1.536334,0.0,4.374434166666666,29.9821,20.0,8.792,16.304,1.6008,23.3211,1.623919,1.549624,4.876759,1.536334,14.966794,1.693175,Stable Watchlist,1.799790917115132,439.39844250623696,439.39844250623696,Weighted Ensemble,Adaptive Momentum,Constrained dynamic ensemble excluding XGBoost,2026-07-03,2026-05-22,394.0700073242187,314.5495729907315,418.2051384906539,394.0700073242187,442.0830017089844,400.1922137469202,527.4493998730644,292.5881940876314,347.8555022746131,362.69304891983376,-7.962280260159392,2026-07-07,2026-05-26,392.4200134277344,305.9459366363061,354.3398800297685,366.8966981171656,-6.50408094317773,naive,6.120886569552953,8.488174845163826,1.5363336672723327,2026-11-10,2026-09-29,431.6300048828125,378.26230247142007,510.4156296185356,431.6300048828125,421.7743326822917,441.3604872460858,395.5585351608336,455.9341732197231,436.960836345034,439.39844250623696,1.799790917115132
HSIC,"Henry Schein, Inc.",Healthcare,Medical Distribution,2010-01-04,2026-09-29,4106,84.97000122070312,2026-11-10,High,255.98817919386647,0.0429382982244047,20.40054899500001,27.879432159424223,-11.863589882932736,Low Risk,Near-Sector Volatility,13184000000.0,398000000.0,1069000000.0,0.0,3.0188106796116507,13.072007764948538,-76.90629676868514,8.108313106796118,27.24011911207364,-70.23392932521256,Below-Sector Profitability,82.7359008260152,-2.6292813494082723,Negative Forecast,Needs Further Review,Weighted Ensemble,Negative adaptive forecast plus below-sector profitability,74.58999633789062,0.0,74.58999633789062,75.41033274332682,75.59356689453125,66.79328883363188,84.97000122070312,65.5776,78.8161,2026-11-10,82.7359008260152,-2.6292813494082723,81.98018801215784,-3.518669136863342,,,84.97000122070312,85.47361843861691,88.01099980672201,77.7572013452827,90.50530155193276,2026-09-29,84.97000122070312,84.97000122070312,0.2040054899500001,0.2040054899500001,1037320.0,751,1.013636,0.539326,1.9891541666666663,30.2154,20.0,6.9883,14.3323,3.2091,25.2549,1.047486,1.013636,3.78923,1.013669,4.006832,1.064072,Needs Further Review,-2.6292813494082723,82.7359008260152,82.7359008260152,Weighted Ensemble,Adaptive Momentum,Constrained dynamic ensemble excluding XGBoost,2026-07-03,2026-05-22,74.20999908447266,68.51685950458035,87.28190896843971,74.20999908447266,74.46566645304362,74.10658215854902,77.67143360394837,85.38507087959465,76.01066904512233,77.33228494026383,4.207365441733941,2026-07-07,2026-05-26,73.9000015258789,90.82792547675938,76.49576740971932,78.57358238879155,6.3241958950109245,drift,0.8581579618880677,1.0885891610102572,1.0136360387607892,2026-11-10,2026-09-29,84.97000122070312,75.6455165019587,90.49087906373111,84.97000122070312,88.01099980672201,85.47361843861691,90.50530155193276,77.7572013452827,81.98018801215784,82.7359008260152,-2.6292813494082723
HUM,Humana Inc.,Healthcare,Healthcare Plans,2010-01-04,2026-09-29,4106,386.8699951171875,2026-11-10,High,492.837683314961,0.0639269493263351,35.81341966170767,27.879432159424223,15.008697922585142,Medium Risk,Near-Sector Volatility,129664000000.0,1188000000.0,,9.87,0.9162142152023692,13.072007764948538,-92.99102148899333,,27.24011911207364,,Below-Sector Profitability,380.3523813060826,-1.684703878141457,Neutral Forecast,Stable Watchlist,Weighted Ensemble,Positive adaptive forecast with manageable risk and no weak fundamentals flag,237.8764744060484,0.6075418498602431,236.44000244140625,195.35716145833337,234.1913619268508,257.9273907228522,386.8699951171875,247.4596,329.5961,2026-11-10,380.3523813060826,-1.684703878141457,388.5238116993689,0.4274863915668665,,,386.8699951171875,383.1759376218705,390.1723317464193,359.0346612289214,393.5091135009373,2026-09-29,386.8699951171875,386.8699951171875,0.3581341966170767,0.3581341966170767,1044626.6666666666,751,1.682917,0.0,6.205644333333333,33.1533,20.0,6.5557,15.5398,1.0037,23.7476,1.742945,1.690163,7.685792,1.682917,22.61302,1.819029,Stable Watchlist,-1.684703878141457,380.3523813060826,380.3523813060826,Weighted Ensemble,Adaptive Momentum,Constrained dynamic ensemble excluding XGBoost,2026-07-03,2026-05-22,307.95001220703125,269.4868445115376,457.7020836572729,307.95001220703125,249.9876663208008,301.8870917793843,214.9795225098203,432.6257703939633,355.3051810437904,351.20462732024794,14.045985841408932,2026-07-07,2026-05-26,301.69000244140625,401.5653325262795,340.181001936204,335.96708430551337,11.361689677059934,naive,6.320778062608507,8.374143810345599,1.68291743832122,2026-11-10,2026-09-29,386.8699951171875,324.9957856411252,445.1378767260582,386.8699951171875,390.1723317464193,383.1759376218705,393.5091135009373,359.0346612289214,388.5238116993689,380.3523813060826,-1.684703878141457
IDXX,"IDEXX Laboratories, Inc.",Healthcare,Diagnostics & Research,2010-01-04,2026-09-29,4106,533.4400024414062,2026-11-10,High,1973.964381676249,0.0917841934703045,29.18608427879663,27.879432159424223,8.206743552083362,Low Risk,Near-Sector Volatility,4303702000.0,1059464000.0,1508224000.0,13.17,24.6175037212149,13.072007764948538,88.32228502208065,35.044805611540944,27.24011911207364,28.65144042636744,Above-Sector Profitability,552.9657872758811,3.660352569194431,Positive Forecast,Needs Further Review,Weighted Ensemble,Classified,564.7007915947528,0.6955784391393569,560.7999877929688,572.3726643880208,575.5416528610956,883.9112062274826,533.4400024414062,496.0935,617.1265,2026-11-10,552.9657872758811,3.660352569194431,548.0320268336329,2.735457469526666,,,533.4400024414062,538.011956669697,531.3150024414062,607.8104828475218,492.973948070941,2026-09-29,533.4400024414062,533.4400024414062,0.2918608427879663,0.2918608427879663,493366.6666666667,751,1.493397,0.550562,2.3937293333333334,29.4277,20.0,10.8949,14.5155,3.6262,21.5357,1.554566,1.493397,2.802223,1.494622,5.419258,1.59831,Needs Further Review,3.660352569194431,552.9657872758811,552.9657872758811,Weighted Ensemble,Adaptive Momentum,Constrained dynamic ensemble excluding XGBoost,2026-07-03,2026-05-22,559.3699951171875,493.4951369843303,645.0796212034704,559.3699951171875,561.0879943847656,563.6988576654187,643.234131067164,557.1558850852686,570.7325172530501,564.2195105024343,0.866960228038485,2026-07-07,2026-05-26,557.2100219726562,640.2370152958355,573.3339399842904,583.8792225682521,4.786202606546902,drift,8.239543655285656,10.164286081607099,1.4933974774520993,2026-11-10,2026-09-29,533.4400024414062,486.44130083829725,628.5879948324523,533.4400024414062,531.3150024414062,538.011956669697,492.973948070941,607.8104828475218,548.0320268336329,552.9657872758811,3.660352569194431
ILMN,"Illumina, Inc.",Healthcare,Diagnostics & Research,2010-01-04,2026-09-29,4106,272.0,2026-11-10,Moderate,326.4769743256063,0.0714990050889833,45.24016093886382,27.879432159424223,53.443227938481385,Medium Risk,Above-Sector Volatility,4343000000.0,850000000.0,1467000000.0,5.47,19.57172461432189,13.072007764948538,49.72240658242104,33.77849412848262,27.24011911207364,24.0027401844619,Above-Sector Profitability,328.3633538289825,20.72182126065535,Positive Forecast,Potential Opportunity,Weighted Ensemble,Classified,126.73999786376952,0.0,126.73999786376952,126.72633310953776,132.64952160063245,105.2679190285663,272.0,106.3901,145.3056,2026-11-10,328.3633538289825,20.72182126065535,335.1788955088628,23.227535113552506,,,272.0,279.9198622786264,227.12066650390625,426.5809144533259,224.2332258043876,2026-09-29,272.0,272.0,0.4524016093886382,0.4524016093886382,3359110.0,751,2.352422,0.561798,5.075314333333334,30.9934,20.0,6.8083,14.491,2.2617,25.4455,2.41216,2.352422,8.675941,2.353701,12.231743,2.425919,Potential Opportunity,20.72182126065535,328.3633538289825,328.3633538289825,Weighted Ensemble,Adaptive Momentum,Constrained dynamic ensemble excluding XGBoost,2026-07-03,2026-05-22,144.41000366210938,122.27762052952048,177.8641638164464,144.41000366210938,135.9566665649414,142.5801207430972,149.67953608924424,152.27392133435808,151.28791915779368,147.47476641428491,2.12226485316521,2026-07-07,2026-05-26,145.22999572753906,153.70547179311964,152.67371344019892,148.6461757749218,2.352255145549763,drift,4.646035971727159,5.8794934373721786,2.352422129970229,2026-11-10,2026-09-29,272.0,269.1945484727468,400.5374282263131,272.0,227.12066650390625,279.9198622786264,224.2332258043876,426.5809144533259,335.1788955088628,328.3633538289825,20.72182126065535
INCY,Incyte Corporation,Healthcare,Biotechnology,2010-01-04,2026-09-29,4106,123.1999969482422,2026-11-10,High,902.8420699270148,0.0891682029694437,34.8910633873457,27.879432159424223,46.5977647894445,Low Risk,Above-Sector Volatility,5141242000.0,1286650000.0,1760165000.0,6.59,25.02605401574172,13.072007764948538,91.44766791561224,34.23618261890804,27.24011911207364,25.682940217884504,Above-Sector Profitability,125.01494762383923,1.4731742861645758,Neutral Forecast,Stable Watchlist,Weighted Ensemble,Classified,95.8968175685943,0.6579415845644555,95.2699966430664,94.76833368937174,99.41761525472003,111.74381727809094,123.1999969482422,85.5438,106.3783,2026-11-10,125.01494762383923,1.4731742861645758,122.77561292283056,-0.3444675616265879,,,123.1999969482422,126.96383829670064,125.5350003560384,127.6858932138364,123.08634912833864,2026-09-29,123.1999969482422,123.1999969482422,0.348910633873457,0.348910633873457,1406440.0,751,1.584242,0.0,3.045422333333333,31.6986,20.0,8.3254,14.7029,2.8572,22.4159,1.634896,1.589764,4.47407,1.584242,7.314212,1.67535,Stable Watchlist,1.4731742861645758,125.01494762383923,125.01494762383923,Weighted Ensemble,Adaptive Momentum,Constrained dynamic ensemble excluding XGBoost,2026-07-03,2026-05-22,97.16000366210938,84.9788382251035,110.33376500037606,97.16000366210938,97.08866653442382,98.72578741366372,111.19836778060308,93.07821323714168,97.53105988813428,96.82992908565794,-0.3397226883598405,2026-07-07,2026-05-26,97.0999984741211,88.0469519256295,96.62209579451658,95.3480528848354,-1.804269430295225,naive,1.8304443359375,2.5112479580292995,1.5842423391274347,2026-11-10,2026-09-29,123.1999969482422,107.2538229452939,145.71729659802332,123.1999969482422,125.5350003560384,126.96383829670064,123.08634912833864,127.6858932138364,122.77561292283056,125.01494762383923,1.4731742861645758
IQV,IQVIA Holdings Inc.,Healthcare,Diagnostics & Research,2013-05-09,2026-09-29,3264,268.989990234375,2026-11-10,High,276.0864232290148,0.0578963841593721,41.3252663888163,27.879432159424223,5.91450082829612,Medium Risk,Near-Sector Volatility,16310000000.0,1360000000.0,3575000000.0,7.91,8.338442673206622,13.072007764948538,-36.21146174985118,21.91906805640712,27.24011911207364,-19.533875875410818,Below-Sector Profitability,269.14823401565303,0.0588288735726378,Neutral Forecast,Stable Watchlist,Weighted Ensemble,Negative adaptive forecast plus below-sector profitability,158.3699951171875,0.0,158.3699951171875,168.64299926757812,158.95570918491907,215.49868765640056,268.989990234375,122.7405,175.7803,2026-11-10,269.14823401565303,0.0588288735726378,272.2623323744318,1.216529335238676,,,268.989990234375,272.53622938942624,263.3903330485026,266.96019219964643,220.4159246622251,2026-09-29,268.989990234375,268.989990234375,0.413252663888163,0.413252663888163,1511723.3333333333,751,1.748569,0.0,5.0481195,32.7242,20.0,6.6423,15.5002,1.5893,23.5439,1.82459,1.74892,7.730066,1.748569,15.361644,1.874928,Stable Watchlist,0.0588288735726378,269.14823401565303,269.14823401565303,Weighted Ensemble,Adaptive Momentum,Constrained dynamic ensemble excluding XGBoost,2026-07-03,2026-05-22,167.89999389648438,128.97529035447718,196.73250811296697,167.89999389648438,170.17999979654948,166.67331575385387,197.4323362596136,139.23746506847522,163.1027743821499,159.29103036905263,-5.127435283136125,2026-07-07,2026-05-26,162.0,131.76078731892466,151.6476199501018,151.6215896656185,-6.406426132334259,naive,3.8018886990017404,5.57726661238248,1.7485687415514264,2026-11-10,2026-09-29,268.989990234375,224.47612254602296,322.7103669295279,268.989990234375,263.3903330485026,272.53622938942624,220.4159246622251,266.96019219964643,272.2623323744318,269.14823401565303,0.0588288735726378
ISRG,"Intuitive Surgical, Inc.",Healthcare,Medical Instruments & Supplies,2010-01-04,2026-09-29,4106,412.1799926757813,2026-11-10,High,1233.8374560158372,0.0833472225486982,43.78158993768608,27.879432159424223,14.681659155974822,Medium Risk,Near-Sector Volatility,10064700000.0,2856000000.0,3622600000.0,0.0,28.376404661837903,13.072007764948538,117.07763009387732,35.99312448458474,27.24011911207364,32.13277202092523,Above-Sector Profitability,448.6799625673803,8.85534730947256,Positive Forecast,Potential Opportunity,Weighted Ensemble,Classified,457.6099853515625,0.0,457.6099853515625,464.5049987792969,450.7909342447917,473.5911732670692,412.1799926757813,404.1641,493.6195,2026-11-10,448.6799625673803,8.85534730947256,445.5980837935217,8.107645133573211,,,412.1799926757813,417.7328990378919,381.10633239746096,537.9857035997597,344.3756677438832,2026-09-29,412.1799926757813,412.1799926757813,0.4378158993768608,0.4378158993768608,2330830.0,751,1.828532,0.011236,4.064050166666667,29.3913,20.0,8.9673,15.767,2.1681,23.7063,1.922662,1.829318,5.071347,1.828532,11.756452,1.97599,Potential Opportunity,8.85534730947256,448.6799625673803,448.6799625673803,Weighted Ensemble,Adaptive Momentum,Constrained dynamic ensemble excluding XGBoost,2026-07-03,2026-05-22,438.1000061035156,378.5813480509457,491.3465498223328,438.1000061035156,453.0349975585938,444.6833621012237,477.0656490468179,404.0934364862095,430.5181355118786,431.29414462976416,-1.5534949506810445,2026-07-07,2026-05-26,436.6400146484375,490.4109459458373,435.6447064429273,452.27124181657473,3.579888842923106,naive,7.031000773111977,10.514874115668722,1.8285323158948488,2026-11-10,2026-09-29,412.1799926757813,370.1947414129354,543.804885075095,412.1799926757813,381.10633239746096,417.7328990378919,344.3756677438832,537.9857035997597,445.5980837935217,448.6799625673803,8.85534730947256
JNJ,Johnson & Johnson,Healthcare,Drug Manufacturers - General,2010-01-04,2026-09-29,4106,267.57000732421875,2026-11-10,High,471.6992286959162,0.0481503608491323,23.13699576222512,27.879432159424223,-39.394329508211214,Low Risk,Below-Sector Volatility,94193000000.0,26804000000.0,41055000000.0,11.13,28.45646704107524,13.072007764948538,117.69010203144772,43.586041425583645,27.24011911207364,60.006794560105305,Above-Sector Profitability,269.9516961721007,0.890118018719496,Neutral Forecast,Stable Watchlist,Weighted Ensemble,Classified,229.8500061035156,0.0,229.8500061035156,235.8233337402344,239.1555059523809,223.04427548425804,267.57000732421875,212.7627,238.1761,2026-11-10,269.9516961721007,0.890118018719496,267.86777661156793,0.1112864966918252,,,267.57000732421875,273.4669564856392,269.8806671142578,268.68306953503946,281.6344443861516,2026-09-29,267.57000732421875,267.57000732421875,0.2313699576222512,0.2313699576222512,6416766.666666667,751,1.127921,0.561798,1.8031865,30.3788,20.0,8.6625,14.5058,4.7658,21.6871,1.175586,1.127921,2.986293,1.132393,3.186515,1.210411,Stable Watchlist,0.890118018719496,269.9516961721007,269.9516961721007,Weighted Ensemble,Adaptive Momentum,Constrained dynamic ensemble excluding XGBoost,2026-07-03,2026-05-22,234.33999633789065,232.89633020689087,269.0783445974557,234.33999633789065,229.0066665649414,238.12597142339217,261.77546497822624,278.17855538773927,246.2047758015516,250.3344942170228,6.825338452284495,2026-07-07,2026-05-26,230.17999267578125,258.55976870035295,236.2666925972633,240.6040349670638,4.5286482852422685,drift,2.8653986521816237,3.685833775715342,1.1279214469304129,2026-11-10,2026-09-29,267.57000732421875,243.86861718184323,298.8245027520493,267.57000732421875,269.8806671142578,273.4669564856392,281.6344443861516,268.68306953503946,267.86777661156793,269.9516961721007,0.890118018719496
LH,Labcorp Holdings Inc.,Healthcare,Diagnostics & Research,2010-01-04,2026-09-29,4106,308.8099975585937,2026-11-10,High,310.7534000294953,0.0462122382315392,24.22663695996868,27.879432159424223,-12.962779147489044,Low Risk,Near-Sector Volatility,13974700000.0,876500000.0,2129000000.0,10.54,6.272048773855611,13.072007764948538,-52.01923922755333,15.234674089604786,27.24011911207364,-44.072659789316695,Below-Sector Profitability,297.2611478736098,-3.73979138508708,Negative Forecast,Needs Further Review,Weighted Ensemble,Negative adaptive forecast plus below-sector profitability,258.2198225850745,0.5528951945474657,256.79998779296875,266.77866617838544,259.0539906819661,297.1711244402503,308.8099975585937,226.3076,268.4545,2026-11-10,297.2611478736098,-3.73979138508708,296.315135020109,-4.046132779789272,,,308.8099975585937,314.25056444536403,323.3883341471354,267.45518096883745,307.075568213188,2026-09-29,308.8099975585937,308.8099975585937,0.2422663695996868,0.2422663695996868,768220.0,751,1.167264,0.0,2.830439,32.1151,20.0,7.1875,15.192,2.2102,23.2953,1.194381,1.168285,4.691529,1.167264,7.52969,1.231485,Needs Further Review,-3.73979138508708,297.2611478736098,297.2611478736098,Weighted Ensemble,Adaptive Momentum,Constrained dynamic ensemble excluding XGBoost,2026-07-03,2026-05-22,259.92999267578125,240.76825141044907,295.86895363604555,259.92999267578125,260.21466674804685,263.3084377600791,269.2821572306065,278.16921393203154,266.0114719517128,266.9004507556889,2.681667478289861,2026-07-07,2026-05-26,258.45001220703125,268.82954300402605,260.0462332070241,262.4978534950281,1.5661989153841962,naive,3.4512237548828133,4.534631754278277,1.1672637131427501,2026-11-10,2026-09-29,308.8099975585937,267.2573685920274,330.6333161201832,308.8099975585937,323.3883341471354,314.25056444536403,307.075568213188,267.45518096883745,296.315135020109,297.2611478736098,-3.73979138508708
LLY,Eli Lilly and Company,Healthcare,Drug Manufacturers - General,2010-01-04,2026-09-29,4106,1184.6300048828125,2026-11-10,High,3885.688534424383,0.1037046757908378,31.31676771055928,27.879432159424223,-4.770488516953924,Low Risk,Near-Sector Volatility,65179000000.0,20640000000.0,35087000000.0,23.07602,31.666641096058544,13.072007764948538,142.2477225034238,53.83175562681232,27.24011911207364,97.6193841346034,Above-Sector Profitability,1239.688509209323,4.647738458385331,Positive Forecast,Needs Further Review,Weighted Ensemble,Classified,934.5999755859376,0.0,934.5999755859376,913.1373392740884,941.2554452078684,932.299981363092,1184.6300048828125,822.423,1121.0061,2026-11-10,1239.688509209323,4.647738458385331,1223.151365330583,3.251763022124468,,,1184.6300048828125,1222.602799337349,1174.5843302408855,1342.980736163021,1222.2185877122497,2026-09-29,1184.6300048828125,1184.6300048828125,0.3131676771055928,0.3131676771055928,2406970.0,751,1.465,0.0,2.3784243333333333,28.3963,20.0,8.1189,15.4268,5.8704,22.1876,1.550936,1.471408,4.754346,1.465,3.424666,1.60419,Needs Further Review,4.647738458385331,1239.688509209323,1239.688509209323,Weighted Ensemble,Adaptive Momentum,Constrained dynamic ensemble excluding XGBoost,2026-07-03,2026-05-22,1065.0,1012.6375169363064,1454.5685919024145,1065.0,953.7343383789064,1104.9400564479365,1096.6956967608076,1507.8394154125522,1196.5885644852228,1213.6518146147191,13.957916865231844,2026-07-07,2026-05-26,1064.739990234375,1421.3738725415344,1199.516001647,1193.097767644619,12.05531665829413,naive,17.127777777777776,23.014425518679467,1.4650004431955292,2026-11-10,2026-09-29,1184.6300048828125,1080.3906446456992,1422.4739981616715,1184.6300048828125,1174.5843302408855,1222.602799337349,1222.2185877122497,1342.980736163021,1223.151365330583,1239.688509209323,4.647738458385331
MCK,McKesson Corporation,Healthcare,Medical Distribution,2010-01-04,2026-09-29,4106,864.8200073242188,2026-11-10,High,1358.2450668858835,0.0791910012149626,29.04521844474683,27.879432159424223,-5.323076377285959,Low Risk,Near-Sector Volatility,359051000000.0,3295000000.0,5587000000.0,25.86,0.917696928848548,13.072007764948538,-92.9796788270791,1.5560463555316657,27.24011911207364,-94.28766684488548,Below-Sector Profitability,840.6355333171244,-2.796474850520845,Negative Forecast,Needs Further Review,Weighted Ensemble,Negative adaptive forecast plus below-sector profitability,820.7490782185971,0.6806999421580717,815.2000122070312,859.1113321940104,828.3790646507626,937.8635405542732,864.8200073242188,673.6385,883.5587,2026-11-10,840.6355333171244,-2.796474850520845,834.1608183652606,-3.5451525981479826,,,864.8200073242188,888.7238015371266,884.5596700032552,768.4445051890533,856.0923944710539,2026-09-29,864.8200073242188,864.8200073242188,0.2904521844474683,0.2904521844474683,890460.0,751,1.420362,0.0,2.829856166666667,28.3045,20.0,10.0018,15.9197,2.9415,22.8325,1.518846,1.430075,3.580745,1.420362,7.478322,1.550787,Needs Further Review,-2.796474850520845,840.6355333171244,840.6355333171244,Weighted Ensemble,Adaptive Momentum,Constrained dynamic ensemble excluding XGBoost,2026-07-03,2026-05-22,766.0800170898438,680.9463824989539,939.943079829382,766.0800170898438,800.257997639974,786.7420941562943,921.2384328378796,863.5823061169858,770.2346542159132,800.0317743469587,4.431881330894083,2026-07-07,2026-05-26,754.4000244140625,849.3512264461953,745.8587190107685,784.2400979019781,3.9554709069756657,naive,11.885777452256944,15.279833375601434,1.4203622906993563,2026-11-10,2026-09-29,864.8200073242188,739.9606106896753,955.007725636532,864.8200073242188,884.5596700032552,888.7238015371266,856.0923944710539,768.4445051890533,834.1608183652606,840.6355333171244,-2.796474850520845
MDT,Medtronic plc,Healthcare,Medical Devices,2010-01-04,2026-09-29,4106,87.08999633789062,2026-11-10,High,175.17471801650393,0.0345531085781349,28.26828336558312,27.879432159424223,-20.05792864604264,Low Risk,Near-Sector Volatility,33537000000.0,4662000000.0,9802000000.0,3.63,13.901064495929868,13.072007764948538,6.342229486769235,29.22742046098339,27.24011911207364,7.295494343227456,Above-Sector Profitability,81.78024454102479,-6.096856148971615,Negative Forecast,Weak Fundamentals / Negative Forecast,Weighted Ensemble,Negative adaptive forecast but fundamentals are not clearly weak,80.97000122070312,0.0,80.97000122070312,85.47832717895508,80.84809348696754,103.67355640931754,87.08999633789062,70.6621,81.7716,2026-11-10,81.78024454102479,-6.096856148971615,81.6775875481895,-6.2147307581712665,,,87.08999633789062,87.48518609504175,91.62466634114584,69.8166907773853,80.63202724605019,2026-09-29,87.08999633789062,87.08999633789062,0.2826828336558312,0.2826828336558312,9800943.333333334,751,1.282162,0.0,2.926057166666667,31.0176,20.0,8.5671,15.3099,2.2011,22.9043,1.337231,1.283633,3.760901,1.282162,8.522125,1.370291,Weak Fundamentals / Negative Forecast,-6.096856148971615,81.78024454102479,81.78024454102479,Weighted Ensemble,Adaptive Momentum,Constrained dynamic ensemble excluding XGBoost,2026-07-03,2026-05-22,78.5999984741211,73.81786200675303,89.30738404430599,78.5999984741211,80.56133397420247,78.27759811649972,90.76990204193176,86.43316202906135,79.71401418309952,81.19408938812404,3.30037018366743,2026-07-07,2026-05-26,77.5999984741211,87.55453979276668,78.07904421909888,80.6055989673023,3.8731965879916177,naive,1.0862224155002176,1.475457591498893,1.2821622130106332,2026-11-10,2026-09-29,87.08999633789062,72.23225010507802,92.59033724493705,87.08999633789062,91.62466634114584,87.48518609504175,80.63202724605019,69.8166907773853,81.6775875481895,81.78024454102479,-6.096856148971615
MRK,"Merck & Co., Inc.",Healthcare,Drug Manufacturers - General,2010-01-04,2026-09-29,4106,149.27999877929688,2026-11-10,High,433.6069149745397,0.050010211506217,34.12883453264311,27.879432159424223,-22.73599556905628,Low Risk,Near-Sector Volatility,65011000000.0,18254000000.0,29106000000.0,7.376466,28.07832520650351,13.072007764948538,114.79734185740864,44.77088492716617,27.24011911207364,64.35642128790244,Above-Sector Profitability,154.76380122977656,3.673501135666017,Positive Forecast,Needs Further Review,Weighted Ensemble,Negative adaptive forecast but fundamentals are not clearly weak,109.18000030517578,0.0,109.18000030517578,116.9289998372396,112.44659006027948,84.70368236985531,149.27999877929688,93.3449,111.7985,2026-11-10,154.76380122977656,3.673501135666017,152.97063622508117,2.4722919855061867,,,149.27999877929688,151.53894543746404,148.47866668701172,167.04000760872884,150.33910373143777,2026-09-29,149.27999877929688,149.27999877929688,0.3412883453264311,0.3412883453264311,11160780.0,751,1.459616,0.539326,2.4756035,28.4021,20.0,8.3707,15.6572,5.063,22.507,1.559258,1.459616,4.545795,1.45977,4.235495,1.593687,Needs Further Review,3.673501135666017,154.76380122977656,154.76380122977656,Weighted Ensemble,Adaptive Momentum,Constrained dynamic ensemble excluding XGBoost,2026-07-03,2026-05-22,122.41000366210938,120.69829031074474,151.9184270812811,122.41000366210938,113.92133331298828,122.78954965385732,128.9140138247563,162.4972573060603,136.06055957701756,135.41157415600844,10.621330042426552,2026-07-07,2026-05-26,119.72000122070312,149.07867143113927,129.61893149880456,129.34651775035613,8.040859030653179,drift,1.9395227120121117,2.891764820579407,1.4596159042700108,2026-11-10,2026-09-29,149.27999877929688,133.22141936725222,179.78966359051944,149.27999877929688,148.47866668701172,151.53894543746404,150.33910373143777,167.04000760872884,152.97063622508117,154.76380122977656,3.673501135666017
MTD,Mettler-Toledo International Inc.,Healthcare,Diagnostics & Research,2010-01-04,2026-09-29,4106,1537.3299560546875,2026-11-10,High,1108.4532305257248,0.0761065044069971,27.964228096374633,27.879432159424223,-0.0756554370910898,Low Risk,Near-Sector Volatility,4026399000.0,869193000.0,1260902000.0,42.17,21.58735386135353,13.072007764948538,65.14183780733485,31.31587306672786,27.24011911207364,14.962320604713248,Above-Sector Profitability,1783.5251803690005,16.01446867958871,Positive Forecast,Potential Opportunity,Weighted Ensemble,Classified,1276.6099853515625,0.0,1276.6099853515625,1280.774991861979,1301.7742716471355,1434.0675200408002,1537.3299560546875,1154.4321,1407.0404,2026-11-10,1783.5251803690005,16.01446867958871,1726.7250952937502,12.319745575316515,,,1537.3299560546875,1558.77459598707,1399.4559895833331,2372.037916008193,1281.6446398915953,2026-09-29,1537.3299560546875,1537.3299560546875,0.2796422809637463,0.2796422809637463,210056.66666666663,751,1.3467,0.0,3.367541000000001,32.1696,20.0,6.984,15.2909,2.0823,23.4731,1.389345,1.347116,5.462475,1.3467,9.206087,1.453523,Potential Opportunity,16.01446867958871,1783.5251803690005,1783.5251803690005,Weighted Ensemble,Adaptive Momentum,Constrained dynamic ensemble excluding XGBoost,2026-07-03,2026-05-22,1103.0899658203125,916.1631985795092,1307.2498699165126,1103.0899658203125,1214.9046630859375,1094.0558807443867,1346.441276068978,1041.386032455004,1090.1930088256863,1094.3738950492923,-0.7901504900861382,2026-07-07,2026-05-26,1101.3299560546875,1172.6626257163998,1090.7815263328548,1126.5385719775918,2.2889249297467167,naive,17.549332682291666,23.132836052462004,1.3467002545553788,2026-11-10,2026-09-29,1537.3299560546875,1577.4003079370852,2016.5851705521209,1537.3299560546875,1399.4559895833331,1558.77459598707,1281.6446398915953,2372.037916008193,1726.7250952937502,1783.5251803690005,16.01446867958871
PFE,Pfizer Inc.,Healthcare,Drug Manufacturers - General,2010-01-04,2026-09-29,4106,28.71999931335449,2026-11-10,High,190.1911145712073,0.0355984910594054,20.336778362837073,27.879432159424223,-20.8365883564655,Low Risk,Near-Sector Volatility,62579000000.0,7771000000.0,25745000000.0,1.37,12.41790376963518,13.072007764948538,-5.003852560945379,41.13999904121191,27.24011911207364,51.027236231788095,Below-Sector Profitability,29.947286951420494,4.273285750029019,Positive Forecast,Needs Further Review,Weighted Ensemble,Classified,26.827887492115984,0.4789765000832591,26.700000762939453,27.24033330281576,27.238092649550666,24.52529220750465,28.71999931335449,24.2129,28.437,2026-11-10,29.94728695142049,4.273285750029019,30.04846762826151,4.625586165279945,,,28.71999931335449,28.528788501654507,28.093333117167155,32.53665686825703,27.16470966300604,2026-09-29,28.71999931335449,28.71999931335449,0.2033677836283707,0.2033677836283707,33773423.333333336,751,1.011086,0.022472,2.211218,30.8898,20.0,7.5456,14.6524,2.3211,24.591,1.033794,1.012814,3.488677,1.011086,5.66873,1.052207,Needs Further Review,4.273285750029019,29.94728695142049,29.947286951420494,Weighted Ensemble,Adaptive Momentum,Constrained dynamic ensemble excluding XGBoost,2026-07-03,2026-05-22,25.89999961853028,23.708308331098323,28.8439018955892,25.89999961853028,26.43566672007243,25.463967165115022,27.502413328069625,26.57137062274481,26.12450431415624,26.1503368929079,0.966553197161143,2026-07-07,2026-05-26,25.850000381469727,25.97037547841278,25.88535245901413,25.940968069407475,0.3519059442759533,naive,0.2634444554646809,0.3327511277812461,1.0110859842035502,2026-11-10,2026-09-29,28.71999931335449,27.388503869501257,32.74512547395499,28.71999931335449,28.093333117167155,28.528788501654507,27.16470966300604,32.53665686825703,30.04846762826151,29.947286951420494,4.273285750029019
PRGO,Perrigo Company plc,Healthcare,Drug Manufacturers - Specialty & Generic,2010-01-04,2026-09-29,4106,15.0,2026-11-10,Moderate,-62.011512263793975,0.0004721553235508,58.91810650528966,27.879432159424223,23.583716874024592,High Risk,Near-Sector Volatility,4253100000.0,-1402300000.0,637100000.0,-10.29,-32.97124450400884,13.072007764948538,-352.2278528048185,14.979661893677552,27.24011911207364,-45.008823815905714,Below-Sector Profitability,16.461100607496228,9.740670716641516,Positive Forecast,Potential Opportunity,Weighted Ensemble,Positive adaptive forecast with manageable risk and no weak fundamentals flag,11.84000015258789,0.0,11.84000015258789,10.83666664759318,10.334337779453822,13.604178828072662,15.0,10.3034,14.6035,2026-11-10,16.461100607496228,9.740670716641516,16.42546462949416,9.503097529961076,,,15.0,14.563973060052025,14.214333407084148,20.30420208802748,9.341810175565302,2026-09-29,15.0,15.0,0.5891810650528966,0.5891810650528966,2795140.0,751,2.461916,0.022472,8.456423,31.9661,20.0,8.4632,15.6481,1.0013,22.9212,2.542295,2.462765,7.228097,2.461916,33.429874,2.613591,Potential Opportunity,9.740670716641516,16.461100607496228,16.461100607496228,Weighted Ensemble,Adaptive Momentum,Constrained dynamic ensemble excluding XGBoost,2026-07-03,2026-05-22,11.220000267028809,8.5830018872427,13.11223490440422,11.220000267028809,11.42833334604899,10.746064561675125,5.570473562744528,9.869627903359913,11.01767123035902,10.60859731210828,-5.44922406746462,2026-07-07,2026-05-26,10.800000190734863,10.02887517582112,10.414285171715136,10.31906288415987,-4.453123130382735,naive,0.2973333782619901,0.4434937433957101,2.4619158574468054,2026-11-10,2026-09-29,15.0,12.708138465920456,21.32238596052206,15.0,14.214333407084148,14.563973060052025,9.341810175565302,20.304202088027477,16.42546462949416,16.461100607496228,9.740670716641516
REGN,"Regeneron Pharmaceuticals, Inc.",Healthcare,Biotechnology,2010-01-04,2026-09-29,4106,750.510009765625,2026-11-10,High,2790.120749444902,0.1103552958728895,29.196578604130018,27.879432159424223,36.32780737338214,Low Risk,Above-Sector Volatility,14342900000.0,4504900000.0,5818200000.0,43.07,31.408571488332203,13.072007764948538,140.2735069707622,40.56501823201724,27.24011911207364,48.9164495394501,Above-Sector Profitability,724.5882685783336,-3.4538834725717367,Negative Forecast,Needs Further Review,Weighted Ensemble,Negative adaptive forecast but fundamentals are not clearly weak,707.0599975585938,0.0,707.0599975585938,748.4026672363282,723.8744564964658,580.3893340105125,750.510009765625,589.1268,724.1067,2026-11-10,724.5882685783336,-3.4538834725717367,714.1664268819328,-4.842518075813785,,,750.510009765625,747.9283212093691,804.5603332519531,683.9399104147622,766.2387280275194,2026-09-29,750.510009765625,750.510009765625,0.2919657860413002,0.2919657860413002,710883.3333333334,751,1.363122,0.0,4.4109315,31.2788,20.0,5.9745,15.0773,1.4006,26.2688,1.399485,1.365644,7.267494,1.363122,13.658359,1.411485,Needs Further Review,-3.4538834725717367,724.5882685783336,724.5882685783336,Weighted Ensemble,Adaptive Momentum,Constrained dynamic ensemble excluding XGBoost,2026-07-03,2026-05-22,638.8800048828125,507.77429065052655,676.1100470233783,638.8800048828125,713.3123352050782,634.8546769114533,836.5462690469947,455.9943815359585,557.3947223077955,585.9277255165437,-8.288298109436324,2026-07-07,2026-05-26,634.6199951171875,447.9264756544807,576.919235560958,587.7193705512766,-7.390347755628207,naive,9.832335069444444,13.266356568729288,1.3631215714146845,2026-11-10,2026-09-29,750.510009765625,637.3873816439834,823.7190978069988,750.510009765625,804.5603332519531,747.9283212093691,766.2387280275194,683.9399104147622,714.1664268819328,724.5882685783336,-3.4538834725717367
RMD,ResMed Inc.,Healthcare,Medical Instruments & Supplies,2010-01-04,2026-09-29,4106,222.8300018310547,2026-11-10,High,877.0157210799971,0.0734193118093716,35.05197191743491,27.879432159424223,7.266565255309433,Medium Risk,Near-Sector Volatility,5146327000.0,1400723000.0,1925236000.0,0.0,27.217916778315875,13.072007764948538,108.215273948187,37.409904189920304,27.24011911207364,37.333849518077606,Above-Sector Profitability,217.0557413059176,-2.5913299276077844,Negative Forecast,Needs Further Review,Weighted Ensemble,Negative adaptive forecast but fundamentals are not clearly weak,215.21262369841227,0.6560152265256627,213.8099975585937,224.168999226888,211.2131133306594,292.05524049465345,222.8300018310547,184.5112,223.0166,2026-11-10,217.0557413059176,-2.5913299276077844,217.38475565412023,-2.443677302064082,,,222.8300018310547,226.6461091339154,227.36400095621744,204.1207895607332,193.63718918120563,2026-09-29,222.8300018310547,222.8300018310547,0.3505197191743491,0.3505197191743491,1320753.3333333333,751,1.64745,0.0,3.562643,30.7581,20.0,8.0762,14.3804,2.0746,24.7107,1.687271,1.652992,4.706341,1.64745,9.962529,1.719275,Needs Further Review,-2.5913299276077844,217.0557413059176,217.0557413059176,Weighted Ensemble,Adaptive Momentum,Constrained dynamic ensemble excluding XGBoost,2026-07-03,2026-05-22,208.0500030517578,185.9485609813928,236.2014967777397,208.0500030517578,213.66499888102217,207.49156393573185,222.023771310934,211.9685212779914,208.1388196484725,209.57415973223365,0.7325915203647785,2026-07-07,2026-05-26,207.97999572753903,238.28644144034573,211.80239790696783,216.84948058582813,4.264585556539981,naive,3.4283328586154553,4.582123948460311,1.6474501412608318,2026-11-10,2026-09-29,222.8300018310547,186.08664593071637,253.17880602460087,222.8300018310547,227.36400095621744,226.6461091339154,193.63718918120563,204.1207895607332,217.38475565412023,217.0557413059176,-2.5913299276077844
STE,STERIS plc,Healthcare,Medical Devices,2010-01-04,2026-09-29,4106,210.6499938964844,2026-11-10,High,852.5695882325543,0.0671028616082176,25.173321697178242,27.879432159424223,-11.094111753888996,Low Risk,Near-Sector Volatility,5459515000.0,614641000.0,1445457000.0,6.24,11.25816121029066,13.072007764948538,-13.875806894190744,26.475923227612707,27.24011911207364,-2.805405810880665,Below-Sector Profitability,210.64035260903083,-0.0045769227310368,Neutral Forecast,Stable Watchlist,Weighted Ensemble,Classified,216.8800048828125,0.0,216.8800048828125,221.32466735839844,216.22672889346168,279.2055938829299,210.6499938964844,190.5829,232.8991,2026-11-10,210.64035260903083,-0.0045769227310368,207.83600504958147,-1.3358599233028003,,,210.6499938964844,210.45828057701368,221.12033182779948,211.7638899492324,204.36755984047767,2026-09-29,210.6499938964844,210.6499938964844,0.2517332169717824,0.2517332169717824,634040.0,751,1.23008,0.011236,2.5232821666666667,31.0708,20.0,8.0215,15.3217,2.9995,22.5866,1.277655,1.231892,4.066651,1.23008,6.037303,1.296112,Stable Watchlist,-0.0045769227310368,210.64035260903083,210.64035260903083,Weighted Ensemble,Adaptive Momentum,Constrained dynamic ensemble excluding XGBoost,2026-07-03,2026-05-22,216.57000732421875,198.8584896891908,255.6612325216198,216.57000732421875,216.99200083414715,217.177718368662,231.64194505117044,246.4069462838899,221.73805887614307,225.4781731594576,4.113296178589843,2026-07-07,2026-05-26,216.27000427246097,266.0105460362953,224.46822600766663,230.6721083865388,6.659316516188627,naive,2.6784454345703015,3.430547983031544,1.2300803354997631,2026-11-10,2026-09-29,210.6499938964844,188.5938211111144,235.2641135634852,210.6499938964844,221.12033182779948,210.45828057701368,204.36755984047767,211.7638899492324,207.83600504958147,210.64035260903083,-0.0045769227310368
SYK,Stryker Corporation,Healthcare,Medical Devices,2010-01-04,2026-09-29,4106,278.7699890136719,2026-11-10,High,640.2195333440202,0.0602656728689361,37.982237120870025,27.879432159424223,-13.755169531842052,Medium Risk,Near-Sector Volatility,25116000000.0,3246000000.0,6484000000.0,8.49,12.924032489249882,13.072007764948538,-1.1320011306559854,25.81621277273451,27.24011911207364,-5.227239768962715,Below-Sector Profitability,276.2071184959117,-0.919349506318091,Neutral Forecast,Stable Watchlist,Weighted Ensemble,Negative adaptive forecast plus below-sector profitability,315.1300048828125,0.0,315.1300048828125,332.1452596028646,308.91024634951634,369.5444776105516,278.7699890136719,270.4071,319.401,2026-11-10,276.2071184959117,-0.919349506318091,269.72624492520373,-3.24415986113362,,,278.7699890136719,278.9690242940956,298.4509999593099,270.73778675849223,289.5905217505087,2026-09-29,278.7699890136719,278.7699890136719,0.3798223712087002,0.3798223712087002,2865626.6666666665,751,1.805464,0.0,3.1362221666666668,30.8896,20.0,8.1722,14.7074,3.6569,22.5738,1.88065,1.807952,5.203147,1.805464,6.201324,1.918796,Stable Watchlist,-0.919349506318091,276.2071184959117,276.2071184959117,Weighted Ensemble,Adaptive Momentum,Constrained dynamic ensemble excluding XGBoost,2026-07-03,2026-05-22,316.4800109863281,312.2902536987051,394.98862738149217,316.4800109863281,315.8543345133464,318.2975826687313,320.6526549076498,431.22477999660185,335.4780823397511,351.21375066057635,10.9750184746261,2026-07-07,2026-05-26,313.0,425.3565743798362,326.9137003796095,345.6628612455825,10.435418928301123,naive,5.668666246202259,7.532283835876326,1.8054637107022453,2026-11-10,2026-09-29,278.7699890136719,233.77054105563437,326.3472461641712,278.7699890136719,298.4509999593099,278.9690242940956,289.5905217505087,270.73778675849223,269.72624492520373,276.2071184959117,-0.919349506318091
TFX,Teleflex Incorporated,Healthcare,Medical Instruments & Supplies,2010-01-04,2026-09-29,4106,126.31999969482422,2026-11-10,High,165.53953209930913,0.0395850941149635,29.28520045556416,27.879432159424223,0.6524629882561621,Low Risk,Near-Sector Volatility,1992713000.0,58530000.0,439945000.0,-20.3,2.93720169437345,13.072007764948538,-77.5306001404826,22.077690063747266,27.24011911207364,-18.95156561939639,Below-Sector Profitability,124.08033037345444,-1.7730124499529605,Neutral Forecast,Stable Watchlist,Weighted Ensemble,Negative adaptive forecast plus below-sector profitability,123.91000366210938,0.0,123.91000366210938,121.7273333231608,122.39404296875,78.41751795217976,126.31999969482422,100.3427,135.8838,2026-11-10,124.08033037345444,-1.7730124499529605,123.3479261470339,-2.3528131372470966,,,126.31999969482422,124.12224546291894,132.6150006612142,118.5542992887408,135.62668699179477,2026-09-29,126.31999969482422,126.31999969482422,0.2928520045556416,0.2928520045556416,735176.6666666666,751,1.515174,0.550562,2.600165666666667,29.3763,20.0,9.9968,14.1745,2.9163,23.5361,1.557958,1.515174,3.032648,1.521061,6.38234,1.591813,Stable Watchlist,-1.7730124499529605,124.08033037345444,124.08033037345444,Weighted Ensemble,Adaptive Momentum,Constrained dynamic ensemble excluding XGBoost,2026-07-03,2026-05-22,132.75,110.06590843106214,157.01181654230282,132.75,129.8376663208008,129.70987120184844,118.45849407702654,131.8243339130163,133.8560218441688,131.4596828770701,-0.9719902997588962,2026-07-07,2026-05-26,131.88999938964844,138.62023562677828,133.6163326850688,132.72238795945617,0.6311233404047346,drift,1.995691468762853,2.4124172170485365,1.5151744210956413,2026-11-10,2026-09-29,126.31999969482422,109.10535638027928,141.11065575849585,126.31999969482422,132.6150006612142,124.12224546291894,135.62668699179477,118.5542992887408,123.3479261470339,124.08033037345444,-1.7730124499529605
TMO,Thermo Fisher Scientific Inc.,Healthcare,Diagnostics & Research,2010-01-04,2026-09-29,4106,679.6099853515625,2026-11-10,High,965.8009409122648,0.0703072769180225,30.4663798292797,27.879432159424223,-9.434929816029936,Low Risk,Near-Sector Volatility,44557000000.0,6704000000.0,11856000000.0,17.77,15.045896267702044,13.072007764948538,15.100117275376157,26.60861368584061,27.24011911207364,-2.3182917212470056,Above-Sector Profitability,722.3517312923086,6.289158026222317,Positive Forecast,Potential Opportunity,Weighted Ensemble,Negative adaptive forecast but fundamentals are not clearly weak,478.9599914550781,0.0,478.9599914550781,493.382329305013,485.2692064557757,523.4526569820252,679.6099853515625,409.4737,516.7196,2026-11-10,722.3517312923086,6.289158026222317,729.242453370914,7.303081044884377,,,679.6099853515625,688.2373385664479,633.0110005696614,808.4858468725603,552.268613359599,2026-09-29,679.6099853515625,679.6099853515625,0.304663798292797,0.304663798292797,2074563.3333333333,751,1.367057,0.550562,3.874825166666667,30.7608,20.0,7.107,16.1095,1.747,24.2756,1.440013,1.367057,5.813912,1.368526,11.754443,1.505,Potential Opportunity,6.289158026222317,722.3517312923086,722.3517312923086,Weighted Ensemble,Adaptive Momentum,Constrained dynamic ensemble excluding XGBoost,2026-07-03,2026-05-22,448.2799987792969,380.5953961145652,501.7717567677942,448.2799987792969,476.4963307698568,445.46025810567744,559.3072995213244,401.6415085906584,438.9014208395073,437.0034559658996,-2.5155132604854726,2026-07-07,2026-05-26,448.1799926757813,435.1772608609906,443.37955420305497,446.1837901061006,-0.4454019818606153,drift,7.526272889924647,10.553239797344498,1.3670567457460607,2026-11-10,2026-09-29,679.6099853515625,631.88629641741,825.768855345316,679.6099853515625,633.0110005696614,688.2373385664479,552.268613359599,808.4858468725603,729.242453370914,722.3517312923086,6.289158026222317
UHS,"Universal Health Services, Inc.",Healthcare,Medical Care Facilities,2010-01-04,2026-09-29,4106,175.72999572753906,2026-11-10,High,482.9536531001324,0.0643390427701265,30.6685795019355,27.879432159424223,17.506588368407275,Low Risk,Near-Sector Volatility,17364829000.0,1488796000.0,2743141000.0,23.42,8.573628913938629,13.072007764948538,-34.41230247025957,15.797109202745387,27.24011911207364,-42.00792904850539,Below-Sector Profitability,174.6448876455092,-0.6174859775859122,Neutral Forecast,Stable Watchlist,Weighted Ensemble,Negative adaptive forecast plus below-sector profitability,168.27000427246094,0.0,168.27000427246094,180.5073328653972,167.92081415085565,230.9169804777001,175.72999572753906,133.3772,180.8578,2026-11-10,174.6448876455092,-0.6174859775859122,174.98773742188823,-0.422385661922892,,,175.72999572753906,178.06988529276214,174.88400014241537,172.41234408454605,141.92525303119598,2026-09-29,175.72999572753906,175.72999572753906,0.306685795019355,0.306685795019355,743130.0,751,1.549599,0.0,4.799349500000001,31.6057,20.0,7.0849,14.8744,1.2515,25.1836,1.565234,1.552885,5.981823,1.549599,16.538939,1.607617,Stable Watchlist,-0.6174859775859122,174.6448876455092,174.6448876455092,Weighted Ensemble,Adaptive Momentum,Constrained dynamic ensemble excluding XGBoost,2026-07-03,2026-05-22,157.8000030517578,123.97004802538989,173.85617169195683,157.8000030517578,171.83999989827473,159.17639277637173,202.7537722400575,126.2954807385439,142.19346707573706,146.8092570451956,-6.964984660334436,2026-07-07,2026-05-26,156.6300048828125,126.412361430127,141.44960099183692,146.01729581600728,-6.775655197575614,naive,2.488999260796441,3.0678262674135257,1.5495991189683442,2026-11-10,2026-09-29,175.72999572753906,152.6372146507978,199.82569028458815,175.72999572753906,174.88400014241537,178.06988529276214,141.92525303119598,172.41234408454605,174.98773742188823,174.6448876455092,-0.6174859775859122
UNH,UnitedHealth Group Incorporated,Healthcare,Healthcare Plans,2010-01-04,2026-09-29,4106,374.9400024414063,2026-11-10,High,1417.8823160013876,0.0819404512133136,23.57582558060868,27.879432159424223,0.0,Low Risk,Near-Sector Volatility,447567000000.0,12056000000.0,23325000000.0,13.309214,2.6936749134766416,13.072007764948538,-79.39356400399717,5.211510231987613,27.24011911207364,-80.86825461171455,Below-Sector Profitability,373.756946787833,-0.3155319906838165,Neutral Forecast,Stable Watchlist,Weighted Ensemble,Positive adaptive forecast with manageable risk and no weak fundamentals flag,373.0091631490914,0.6826689936738934,370.4800109863281,308.76133321126304,367.2030007498605,148.99641742976337,374.9400024414063,387.7884,493.4324,2026-11-10,373.756946787833,-0.3155319906838165,371.4065556898112,-0.9424032454758592,,,374.9400024414063,370.2222110897183,386.65333251953126,371.98564679148177,411.0585743030247,2026-09-29,374.9400024414063,374.9400024414063,0.2357582558060868,0.2357582558060868,4771126.666666667,751,1.207331,0.539326,2.918836333333333,30.5153,20.0,7.756,14.4719,1.8824,25.3744,1.250861,1.207331,3.914317,1.209629,8.668844,1.262036,Stable Watchlist,-0.3155319906838165,373.756946787833,373.756946787833,Weighted Ensemble,Adaptive Momentum,Constrained dynamic ensemble excluding XGBoost,2026-07-03,2026-05-22,388.4700012207031,318.22664034206883,490.445548255828,388.4700012207031,363.5796671549479,385.22293579549,336.491135685932,415.0951842444,400.9316508206741,395.06055117181234,1.696540255463611,2026-07-07,2026-05-26,376.8599853515625,355.0049376960493,374.145568967954,368.1426720563258,-2.3131437759582107,drift,4.894374435417771,5.989936593481563,1.207330968510817,2026-11-10,2026-09-29,374.9400024414063,336.99397029243727,414.5304295828761,374.9400024414063,386.65333251953126,370.2222110897183,411.0585743030247,371.98564679148177,371.4065556898112,373.756946787833,-0.3155319906838165
VRTX,Vertex Pharmaceuticals Incorporated,Healthcare,Biotechnology,2010-01-04,2026-09-29,4106,526.72998046875,2026-11-10,High,866.0487989783096,0.0886650146530296,27.65481456156508,27.879432159424223,52.92482237492448,Low Risk,Above-Sector Volatility,12001300000.0,3953200000.0,5247400000.0,15.46,32.93976485880697,13.072007764948538,151.98703558861175,43.72359661036721,27.24011911207364,60.51176733286604,Above-Sector Profitability,541.2895718611558,2.7641470833782478,Positive Forecast,Needs Further Review,Weighted Ensemble,Classified,427.3800048828125,0.0,427.3800048828125,440.3656667073567,418.31810070219495,392.03537207837087,526.72998046875,370.4827,464.9785,2026-11-10,541.2895718611558,2.764147083378248,537.8300590034978,2.107356510231215,,,526.72998046875,535.546122204929,531.8550028483073,564.7637876650585,520.4679554956368,2026-09-29,526.72998046875,526.72998046875,0.2765481456156508,0.2765481456156508,1018966.6666666666,751,1.294432,0.58427,2.2717691666666666,29.4323,20.0,7.8347,14.263,3.8387,24.6313,1.354823,1.294432,4.061857,1.300428,4.263266,1.355809,Needs Further Review,2.7641470833782478,541.2895718611558,541.2895718611558,Weighted Ensemble,Adaptive Momentum,Constrained dynamic ensemble excluding XGBoost,2026-07-03,2026-05-22,434.5199890136719,384.2281113166218,502.3116370746724,434.5199890136719,434.7450022379557,439.1304692540613,454.6738659984432,448.93054734983946,434.8723043850416,439.32021533906425,1.1047193332321787,2026-07-07,2026-05-26,435.9299926757813,438.2179030445345,435.7388624097456,437.84127021138914,0.438436805844954,drift,6.419051216375974,8.701069450781308,1.2944315579089674,2026-11-10,2026-09-29,526.72998046875,479.3828505951021,611.1908263758546,526.72998046875,531.8550028483073,535.546122204929,520.4679554956368,564.7637876650585,537.8300590034978,541.2895718611558,2.7641470833782478
WAT,Waters Corporation,Healthcare,Diagnostics & Research,2010-01-04,2026-09-29,4106,443.260009765625,2026-11-10,High,401.7524024452933,0.0551783099141357,28.8132008692656,27.879432159424223,1.4675523912136663,Low Risk,Near-Sector Volatility,3165286000.0,642629000.0,1030663000.0,10.8,20.30239921447857,13.072007764948538,55.31201923638464,32.561449423527606,27.24011911207364,19.534901039017104,Above-Sector Profitability,470.6286693887181,6.174403063692651,Positive Forecast,Potential Opportunity,Weighted Ensemble,Classified,309.2300109863281,0.0,309.2300109863281,310.4706685384115,305.46929713657926,307.1526849932533,443.260009765625,259.2314,354.7248,2026-11-10,470.6286693887181,6.174403063692651,474.8021280717592,7.115940443806832,,,443.260009765625,452.10251118424446,416.615337117513,532.0407362152407,389.48446697617294,2026-09-29,443.260009765625,443.260009765625,0.288132008692656,0.288132008692656,700810.0,751,1.377078,0.52809,2.7304251666666666,31.5257,20.0,8.4088,15.2323,2.9113,21.9218,1.445575,1.377078,4.073621,1.377769,6.605836,1.502672,Potential Opportunity,6.174403063692651,470.6286693887181,470.6286693887181,Weighted Ensemble,Adaptive Momentum,Constrained dynamic ensemble excluding XGBoost,2026-07-03,2026-05-22,342.3699951171875,273.8049017677564,410.4619721161054,342.3699951171875,328.3836680094401,345.8388740408374,343.5381872241684,306.77550844756803,346.8576004000422,335.2409580505488,-2.0822610533375063,2026-07-07,2026-05-26,338.6400146484375,311.8554152793257,341.4943237321841,333.48274891041325,-1.5229345366578482,drift,5.335740785710943,6.957754146100058,1.3770775271897302,2026-11-10,2026-09-29,443.260009765625,414.6882929361148,534.1152577092823,443.260009765625,416.615337117513,452.10251118424446,389.48446697617294,532.0407362152407,474.8021280717592,470.6286693887181,6.174403063692651
WST,"West Pharmaceutical Services, Inc.",Healthcare,Medical Instruments & Supplies,2010-01-04,2026-09-29,4106,376.6300048828125,2026-11-10,High,1599.1697504982412,0.0881308576732271,25.204634185351658,27.879432159424223,9.76103030583284,Low Risk,Near-Sector Volatility,3074100000.0,493700000.0,822700000.0,6.83,16.05998503627078,13.072007764948538,22.85782968500254,26.76230441430012,27.24011911207364,-1.754084465664968,Above-Sector Profitability,388.5347473351629,3.160858746783747,Positive Forecast,Needs Further Review,Weighted Ensemble,Positive adaptive forecast with manageable risk and no weak fundamentals flag,299.6368378651999,0.6878058914941559,297.5899963378906,265.52344716389973,307.7139176868257,236.51303777651128,376.6300048828125,279.896,368.3616,2026-11-10,388.5347473351629,3.160858746783747,394.0390067995138,4.622308815283601,,,376.6300048828125,376.87404941341526,354.26500142415364,413.7910282792196,365.71539932822895,2026-09-29,376.6300048828125,376.6300048828125,0.2520463418535166,0.2520463418535166,562250.0,751,1.159402,0.0,2.8275841666666666,29.7519,20.0,8.5149,15.9712,2.0647,23.6973,1.220339,1.161832,3.84649,1.159402,8.305218,1.272224,Needs Further Review,3.160858746783747,388.5347473351629,388.5347473351629,Weighted Ensemble,Adaptive Momentum,Constrained dynamic ensemble excluding XGBoost,2026-07-03,2026-05-22,316.4200134277344,259.02886062519946,368.323886050572,316.4200134277344,297.5250010172526,315.41044000703886,290.07605478972044,289.54941369764805,320.93892474302737,308.87945309574326,-2.3830857758664714,2026-07-07,2026-05-26,316.1700134277344,298.4707957896658,322.30675479971745,311.6576290851755,-1.4272018695379152,naive,3.9818895128038183,5.444255672855334,1.1594022443257506,2026-11-10,2026-09-29,376.6300048828125,347.8211829056681,434.0139626508609,376.6300048828125,354.26500142415364,376.87404941341526,365.71539932822895,413.7910282792196,394.0390067995138,388.5347473351629,3.160858746783747
XRAY,DENTSPLY SIRONA Inc.,Healthcare,Medical Instruments & Supplies,2010-01-04,2026-09-29,4106,8.979999542236328,2026-11-10,Moderate,-60.17508424125464,-0.004145338653744,47.91389360874727,27.879432159424223,8.18542646473124,Medium Risk,Near-Sector Volatility,3680000000.0,-598000000.0,596000000.0,-3.0,-16.25,13.072007764948538,-224.31143166524868,16.195652173913043,27.24011911207364,-40.5448555225493,Below-Sector Profitability,8.136460425373272,-9.393531847029312,Negative Forecast,Weak Fundamentals / Negative Forecast,Weighted Ensemble,Classified,11.75,0.0,11.75,11.793000062306724,11.549110094706217,8.009727202267698,8.979999542236328,9.4885,13.9518,2026-11-10,8.136460425373272,-9.393531847029312,7.839133928725024,-12.704517501870486,,,8.979999542236328,8.516496689326397,10.437333297729491,6.846123270538921,10.920722699085603,2026-09-29,8.979999542236328,8.979999542236328,0.4791389360874727,0.4791389360874727,4260166.666666667,751,2.465119,0.505618,5.029837666666666,30.7591,20.0,6.0769,14.2668,3.1451,25.752,2.489682,2.465119,10.925933,2.466385,9.34109,2.490817,Weak Fundamentals / Negative Forecast,-9.393531847029312,8.136460425373272,8.136460425373272,Weighted Ensemble,Adaptive Momentum,Constrained dynamic ensemble excluding XGBoost,2026-07-03,2026-05-22,10.210000038146973,7.6074316291103665,11.937855288680554,10.210000038146973,11.292999998728437,9.687982977162148,10.014419277615998,8.164412131641031,9.527130888667877,9.529764840060372,-6.662440700735356,2026-07-07,2026-05-26,9.989999771118164,7.669864288539246,9.21138892819875,9.242688284399694,-7.48059563403598,drift,0.2812936941730911,0.3500081903146778,2.465118857552459,2026-11-10,2026-09-29,8.979999542236328,6.592458033447728,10.042079588187086,8.979999542236328,10.437333297729491,8.516496689326397,10.920722699085603,6.846123270538921,7.839133928725024,8.136460425373272,-9.393531847029312
ZBH,"Zimmer Biomet Holdings, Inc.",Healthcare,Medical Devices,2010-01-04,2026-09-29,4106,91.33999633789062,2026-11-10,High,59.79308752117439,0.025003711442972,30.409158137433977,27.879432159424223,-6.2970097736388135,Low Risk,Near-Sector Volatility,8231500000.0,705100000.0,2475500000.0,3.56,8.565874992407215,13.072007764948538,-34.47161946020357,30.07349814736075,27.24011911207364,10.401492826186926,Below-Sector Profitability,85.72285785794611,-6.149702983526784,Negative Forecast,Weak Fundamentals / Negative Forecast,Weighted Ensemble,Negative adaptive forecast plus below-sector profitability,82.65541716005276,0.2734645809079642,82.43000030517578,90.54061813354492,80.13280959356399,87.33394635076888,91.33999633789062,63.4839,80.1869,2026-11-10,85.72285785794611,-6.149702983526784,85.2179261035672,-6.702507641533383,,,91.33999633789062,90.61683796133168,96.59100062052408,73.03418975281512,90.94628021090868,2026-09-29,91.33999633789062,91.33999633789062,0.3040915813743398,0.3040915813743398,1816516.6666666667,751,1.563193,0.011236,2.7906451666666663,30.8635,20.0,8.8377,14.9263,3.3361,22.0365,1.630126,1.56484,4.037577,1.563193,6.281624,1.666511,Weak Fundamentals / Negative Forecast,-6.149702983526784,85.72285785794611,85.72285785794611,Weighted Ensemble,Adaptive Momentum,Constrained dynamic ensemble excluding XGBoost,2026-07-03,2026-05-22,85.5,76.99131044001106,100.86247734780362,85.5,87.1653335571289,84.07440226882522,88.10927210785782,95.76131114233652,86.59700023388825,88.12226906539193,3.0669813630315006,2026-07-07,2026-05-26,84.41000366210938,100.73116157909992,85.39277924791097,88.46989452281527,4.809727146746147,naive,1.444667137993706,1.7572237772839965,1.5631927549210909,2026-11-10,2026-09-29,91.33999633789062,75.00599930840255,97.9709413525596,91.33999633789062,96.59100062052408,90.61683796133168,90.94628021090868,73.03418975281512,85.2179261035672,85.72285785794611,-6.149702983526784
ZTS,Zoetis Inc.,Healthcare,Drug Manufacturers - Specialty & Generic,2013-02-01,2026-09-29,3331,70.30000305175781,2026-11-10,High,313.60305151803965,0.0558106463320124,30.18851773404335,27.879432159424223,-7.76310410939608,Low Risk,Near-Sector Volatility,9467000000.0,2673000000.0,4173000000.0,6.03,28.23492130558783,13.072007764948538,115.99529172020029,44.07943382275272,27.24011911207364,61.818065631054445,Above-Sector Profitability,66.56962279993198,-5.3063728163416615,Negative Forecast,Weak Fundamentals / Negative Forecast,Weighted Ensemble,Classified,114.97000122070312,0.0,114.97000122070312,117.30866826375326,110.43638610839844,111.47022636275732,70.30000305175781,101.6992,122.9622,2026-11-10,66.56962279993198,-5.3063728163416615,66.24955168587236,-5.761665988696101,,,70.30000305175781,67.81704263366511,74.21399943033855,61.68801354170241,56.18212300038782,2026-09-29,70.30000305175781,70.30000305175781,0.3018851773404335,0.3018851773404335,4522526.666666667,751,1.474504,0.550562,3.856928833333333,30.3512,20.0,7.7588,16.3989,2.0491,23.4419,1.565138,1.474504,5.616609,1.482649,11.377383,1.62529,Weak Fundamentals / Negative Forecast,-5.3063728163416615,66.56962279993198,66.56962279993198,Weighted Ensemble,Adaptive Momentum,Constrained dynamic ensemble excluding XGBoost,2026-07-03,2026-05-22,81.31999969482422,64.34719180663521,100.23430340367554,81.31999969482422,101.80566711425782,78.9135129390482,94.49071466969356,76.95316037027388,77.65598278513033,80.31062163077047,-1.2412420903120007,2026-07-07,2026-05-26,80.2300033569336,91.93288365826378,77.09796185356454,83.48036520653811,4.051304641162794,drift,1.1175941345216986,1.4352015718734377,1.4745035658683254,2026-11-10,2026-09-29,70.30000305175781,58.303723713849976,76.0074039434384,70.30000305175781,74.21399943033855,67.81704263366511,56.18212300038782,61.68801354170241,66.24955168587236,66.56962279993198,-5.3063728163416615
AAL,American Airlines Group Inc.,Industrials,Airlines,2010-01-04,2026-09-29,4106,13.609999656677246,2026-11-10,Moderate,160.4030143472887,0.075460544919102,47.44312526353665,27.609818322741063,87.16332728249803,Medium Risk,Above-Sector Volatility,54633000000.0,111000000.0,4242000000.0,0.17,0.2031739058810609,10.711451996826236,-98.10320854781163,7.764537916643787,20.3635712366795,-61.87045078488955,Below-Sector Profitability,14.425706481875649,5.993437514880509,Positive Forecast,Potential Opportunity,Weighted Ensemble,High volatility risk without a strong enough positive signal,11.710000038146973,0.0,11.710000038146973,11.317000071207682,11.925476278577532,10.501907922519784,13.609999656677246,9.6056,13.7873,2026-11-10,14.425706481875649,5.993437514880509,14.006264680464536,2.911572621479657,,,13.609999656677246,13.645580990142346,13.35600004196167,16.476301044030812,14.545895940721236,2026-09-29,13.609999656677246,13.609999656677246,0.4744312526353665,0.4744312526353665,69384490.0,751,2.275658,0.011236,4.646498,31.835,20.0,6.7264,15.0194,2.9904,23.4287,2.372068,2.277115,8.938189,2.275658,9.592891,2.423067,Potential Opportunity,5.993437514880509,14.425706481875649,14.425706481875649,Weighted Ensemble,Adaptive Momentum,Constrained dynamic ensemble excluding XGBoost,2026-07-03,2026-05-22,13.850000381469728,11.612110348349134,18.26342686696276,13.850000381469728,12.327000077565511,13.841295525714315,13.33472886036384,15.4651916791272,15.310960588218585,14.56286126137909,5.147009821480707,2026-07-07,2026-05-26,14.850000381469728,23.24310957916715,18.14056251315852,17.61758801623634,18.6369532907224,naive,0.33666655222574887,0.4404794642090794,2.275657671236985,2026-11-10,2026-09-29,13.609999656677246,11.712426125481343,17.767540667640862,13.609999656677246,13.35600004196167,13.645580990142346,14.545895940721236,16.476301044030812,14.006264680464536,14.425706481875649,5.993437514880509
ALK,"Alaska Air Group, Inc.",Industrials,Airlines,2010-01-04,2026-09-29,4106,39.93000030517578,2026-11-10,Moderate,398.895915421114,0.0703751421917041,50.21053728231146,27.609818322741063,43.46336789687148,Medium Risk,Above-Sector Volatility,14239000000.0,100000000.0,1426000000.0,0.85,0.7022965095863474,10.711451996826236,-93.44349851173833,10.014748226701313,20.3635712366795,-50.82027552877152,Below-Sector Profitability,39.67995942048765,-0.6261980535365088,Neutral Forecast,Stable Watchlist,Weighted Ensemble,Negative adaptive forecast plus below-sector profitability,39.11000061035156,0.0,39.11000061035156,39.47866694132487,38.56357202075777,34.30573697449523,39.93000030517578,30.0534,46.1762,2026-11-10,39.67995942048765,-0.6261980535365088,38.43627144260212,-3.740868648027639,,,39.93000030517578,40.05928711548877,41.03400026957194,39.99006183661847,42.65637885209188,2026-09-29,39.93000030517578,39.93000030517578,0.5021053728231146,0.5021053728231146,2595660.0,751,2.457146,0.0,4.511319666666666,31.3659,20.0,7.8934,14.9375,3.3748,22.4284,2.526304,2.459411,7.677825,2.457146,9.36651,2.580722,Stable Watchlist,-0.6261980535365088,39.67995942048765,39.67995942048765,Weighted Ensemble,Adaptive Momentum,Constrained dynamic ensemble excluding XGBoost,2026-07-03,2026-05-22,41.34000015258789,32.46718961166522,54.89037491676418,41.34000015258789,40.037000020345054,41.20655305034382,40.17577899869026,42.877029544496985,43.40710828362233,42.21535514807349,2.11745281145289,2026-07-07,2026-05-26,43.790000915527344,61.702541731387385,50.09198750171952,49.828088647946295,13.78873625526216,naive,1.1177779303656683,1.430648815275311,2.45714575902182,2026-11-10,2026-09-29,39.93000030517578,31.827504899572016,49.46976473901097,39.93000030517578,41.03400026957194,40.05928711548877,42.65637885209188,39.99006183661847,38.43627144260212,39.67995942048765,-0.6261980535365088
ALLE,Allegion plc,Industrials,Security & Protection Services,2013-11-18,2026-09-29,3130,155.42999267578125,2026-11-10,High,222.6944566963596,0.0508020075843973,28.66665365431836,27.609818322741063,-6.133702782428763,Low Risk,Near-Sector Volatility,4067300000.0,643800000.0,1006000000.0,7.48,15.8286824183119,10.711451996826236,47.77345240404272,24.73385292454454,20.3635712366795,21.461273354612526,Above-Sector Profitability,156.63212404126784,0.7734230342493652,Neutral Forecast,Stable Watchlist,Weighted Ensemble,Negative adaptive forecast but fundamentals are not clearly weak,137.47999572753906,0.0,137.47999572753906,143.72933247884114,137.51660228910902,202.6776284032453,155.42999267578125,115.4687,145.2707,2026-11-10,156.63212404126784,0.7734230342493652,156.52678321749988,0.7056492269201093,,,155.42999267578125,158.00135788510752,156.00633341471354,157.94678343530015,137.5655147643801,2026-09-29,155.42999267578125,155.42999267578125,0.2866665365431836,0.2866665365431836,1282916.6666666667,751,1.229377,0.516854,3.4354599999999995,31.9639,20.0,7.1697,15.332,1.701,23.8333,1.288299,1.229377,4.967418,1.229626,10.591904,1.306136,Stable Watchlist,0.7734230342493652,156.63212404126784,156.63212404126784,Weighted Ensemble,Adaptive Momentum,Constrained dynamic ensemble excluding XGBoost,2026-07-03,2026-05-22,130.42999267578125,111.18663203183026,145.6993530888472,130.42999267578125,137.09100011189778,131.42239384092292,150.55026173878557,119.28970797498116,126.94077200339784,127.27851491577582,-2.4162216798089364,2026-07-07,2026-05-26,131.61000061035156,129.4147171753168,129.5442566717874,131.13371441970537,-0.3618920966775914,drift,1.8151301332874985,2.6372324507609908,1.2293770629334564,2026-11-10,2026-09-29,155.42999267578125,138.10320203313734,177.647019913357,155.42999267578125,156.00633341471354,158.00135788510752,137.5655147643801,157.94678343530015,156.52678321749988,156.63212404126784,0.7734230342493652
AME,"AMETEK, Inc.",Industrials,Specialty Industrial Machinery,2010-01-04,2026-09-29,4106,250.77999877929688,2026-11-10,High,1424.9428176505066,0.078143794426309,23.17193460012728,27.609818322741063,-11.97560382157027,Low Risk,Near-Sector Volatility,7401116000.0,1480142000.0,2302397000.0,6.42,19.998902868162045,10.711451996826236,86.7058067765943,31.10878143242181,20.3635712366795,52.76682597003271,Above-Sector Profitability,269.2730245354879,7.374202825667169,Positive Forecast,Potential Opportunity,Weighted Ensemble,Positive adaptive forecast with manageable risk and no weak fundamentals flag,237.1082104602772,0.6828919151920075,235.5,224.6966669718425,243.6889688400995,200.03854829571355,250.77999877929688,222.1799,266.0966,2026-11-10,269.2730245354879,7.374202825667169,266.09698957990867,6.107740200641665,,,250.77999877929688,256.16651247651174,240.30233408610027,306.91696111198297,258.33725881543506,2026-09-29,250.77999877929688,250.77999877929688,0.2317193460012728,0.2317193460012728,1428373.3333333333,751,1.137238,0.573034,1.7745605,28.7408,20.0,8.8432,13.7206,4.4641,24.2313,1.172338,1.137238,2.74878,1.14339,3.273111,1.172506,Potential Opportunity,7.374202825667169,269.2730245354879,269.2730245354879,Weighted Ensemble,Adaptive Momentum,Constrained dynamic ensemble excluding XGBoost,2026-07-03,2026-05-22,224.52000427246097,195.4836350361386,244.10254896996457,224.52000427246097,231.25366617838543,228.4098382811922,242.37781403249687,202.447226006738,217.20697221619605,218.44462363316632,-2.70594179747208,2026-07-07,2026-05-26,229.44000244140625,221.4697159308627,229.0060571097233,228.80067098727343,-0.2786486433620299,drift,2.7049774692928246,3.461188664959643,1.137238327039834,2026-11-10,2026-09-29,250.77999877929688,243.2181962073808,298.11898481750643,250.77999877929688,240.30233408610027,256.16651247651174,258.33725881543506,306.91696111198297,266.09698957990867,269.2730245354879,7.374202825667169
AOS,A. O. Smith Corporation,Industrials,Specialty Industrial Machinery,2010-01-04,2026-09-29,4106,58.02000045776367,2026-11-10,High,968.250449971512,0.0723502389838795,28.399403436613717,27.609818322741063,-1.508883369910523,Low Risk,Near-Sector Volatility,3830200000.0,546200000.0,813700000.0,3.87,14.260351939846483,10.711451996826236,33.131828850764336,21.244321445355336,20.3635712366795,4.325126464504418,Above-Sector Profitability,58.55057298688665,0.9144648826902614,Neutral Forecast,Stable Watchlist,Weighted Ensemble,Negative adaptive forecast but fundamentals are not clearly weak,61.84000015258789,0.0,61.84000015258789,64.950665918986,61.383212407430015,70.28904937009668,58.02000045776367,53.5924,64.5734,2026-11-10,58.55057298688665,0.9144648826902614,57.84854588744437,-0.2955094260023622,,,58.02000045776367,57.71994695844864,59.315667088826494,60.48773513631124,56.67103531734099,2026-09-29,58.02000045776367,58.02000045776367,0.2839940343661372,0.2839940343661372,1380996.6666666667,751,1.371124,0.0,2.3800933333333334,27.9389,20.0,9.6837,15.3595,4.0274,22.9905,1.444324,1.372441,3.468822,1.371124,5.147298,1.476551,Stable Watchlist,0.9144648826902614,58.55057298688665,58.55057298688665,Weighted Ensemble,Adaptive Momentum,Constrained dynamic ensemble excluding XGBoost,2026-07-03,2026-05-22,57.27999877929688,49.42749909050124,63.54199902178013,57.27999877929688,61.12966613769531,56.93211648961488,66.4989377062412,53.49573835068843,55.403600536863536,56.04214573745074,-2.161056334193818,2026-07-07,2026-05-26,58.33000183105469,57.76369919130284,57.48777821752298,58.15561479509452,-0.2989662789061028,naive,0.8248888227674697,1.072724305294564,1.3711240916565675,2026-11-10,2026-09-29,58.02000045776367,51.68491396913566,66.32824423660487,58.02000045776367,59.315667088826494,57.71994695844864,56.67103531734099,60.48773513631124,57.84854588744437,58.55057298688665,0.9144648826902614
BA,The Boeing Company,Industrials,Aerospace & Defense,2010-01-04,2026-09-29,4106,187.67999267578125,2026-11-10,High,423.167788135608,0.0658233573170571,35.35510565193254,27.609818322741063,29.797411849593537,Medium Risk,Above-Sector Volatility,89463000000.0,2235000000.0,7359000000.0,2.49,2.4982394956574225,10.711451996826236,-76.67692954794884,8.225746956842492,20.3635712366795,-59.60557771897093,Below-Sector Profitability,173.97106702047154,-7.304415063033382,Negative Forecast,Weak Fundamentals / Negative Forecast,Weighted Ensemble,Positive adaptive forecast with manageable risk and no weak fundamentals flag,230.3838535174092,0.5911255055356215,229.02999877929688,214.2196675618489,234.6288081577846,248.58300760059,187.67999267578125,212.028,268.065,2026-11-10,173.97106702047154,-7.304415063033382,168.5363058613491,-10.200174531924151,,,187.67999267578125,187.67399480212632,206.274333190918,134.56705160929312,219.58962358777148,2026-09-29,187.67999267578125,187.67999267578125,0.3535510565193254,0.3535510565193254,6809433.333333333,751,1.662875,0.0,2.6378485,28.1479,20.0,9.557,15.4807,4.876,21.9385,1.75167,1.66838,4.188113,1.662875,4.742942,1.813111,Weak Fundamentals / Negative Forecast,-7.304415063033382,173.97106702047154,173.97106702047154,Weighted Ensemble,Adaptive Momentum,Constrained dynamic ensemble excluding XGBoost,2026-07-03,2026-05-22,219.02000427246097,177.2528431507574,237.20641711763312,219.02000427246097,226.7536677042644,219.7019723642952,224.1479638117716,172.07292022339453,206.2106506760526,205.05002279371968,-6.37840434947788,2026-07-07,2026-05-26,218.8999938964844,169.86464420139754,205.6844925837028,203.4797227701228,-7.044436526413846,naive,3.596887715657552,4.798639959783133,1.6628747303631106,2026-11-10,2026-09-29,187.67999267578125,148.95077871109558,203.1941855030184,187.67999267578125,206.274333190918,187.67399480212632,219.58962358777148,134.56705160929312,168.5363058613491,173.97106702047154,-7.304415063033382
CARR,Carrier Global Corporation,Industrials,Building Products & Equipment,2020-03-19,2026-09-29,1537,55.380001068115234,2026-11-10,High,505.286898083794,0.1447789883633148,34.40785638403541,27.609818322741063,35.91185192030339,Low Risk,Above-Sector Volatility,21747000000.0,1484000000.0,3530000000.0,1.74,6.823929737435049,10.711451996826236,-36.29313990804464,16.23212397112245,20.3635712366795,-20.288421994052584,Below-Sector Profitability,55.28525216343411,-0.171088665319071,Neutral Forecast,Stable Watchlist,Weighted Ensemble,Positive adaptive forecast with manageable risk and no weak fundamentals flag,68.26516968384385,1.630447438965197,67.16999816894531,59.57966690063476,68.02866154625302,53.363255344010426,55.380001068115234,66.0482,89.7177,2026-11-10,55.28525216343411,-0.171088665319071,54.36440981582195,-1.8338592139861936,,,55.380001068115234,55.41305617204904,57.45999997456868,54.90276178736988,66.06875950836418,2026-09-29,55.380001068115234,55.380001068115234,0.3440785638403541,0.3440785638403541,6533106.666666667,751,1.604337,0.0,4.106204,32.1293,20.0,7.3374,15.2253,1.7294,23.5786,1.683586,1.605876,5.7633,1.604337,12.27494,1.705185,Stable Watchlist,-0.171088665319071,55.28525216343411,55.28525216343411,Weighted Ensemble,Adaptive Momentum,Constrained dynamic ensemble excluding XGBoost,2026-07-03,2026-05-22,63.13999938964844,49.95631216253228,72.3558191922412,63.13999938964844,63.69366696675618,64.20535769271561,54.42001874925694,53.24807038799565,60.75654961546677,60.12179214181282,-4.78018257366414,2026-07-07,2026-05-26,64.88999938964844,62.00837682829108,65.1833034339294,64.19258692150935,-1.0747610952364202,naive,1.0401109483506945,1.427746855829079,1.6043372020152529,2026-11-10,2026-09-29,55.380001068115234,47.531527718029935,64.3038263972126,55.380001068115234,57.45999997456868,55.41305617204904,66.06875950836418,54.90276178736988,54.36440981582195,55.28525216343411,-0.171088665319071
CAT,Caterpillar Inc.,Industrials,Farm & Heavy Construction Machinery,2010-01-04,2026-09-29,4106,826.6400146484375,2026-11-10,High,2175.0776528703896,0.0934463237100348,41.76129785828129,27.609818322741063,6.944617988874343,Medium Risk,Near-Sector Volatility,67589000000.0,8884000000.0,14305000000.0,18.9,13.14415067540576,10.711451996826236,22.71119433014613,21.16468656142272,20.3635712366795,3.9340610516303776,Above-Sector Profitability,883.7197630531257,6.905030895336428,Positive Forecast,Potential Opportunity,Weighted Ensemble,Positive adaptive forecast with manageable risk and no weak fundamentals flag,896.3291249896664,0.6986933907552523,890.1099853515625,761.2862284342448,959.8720390683128,658.0440101472868,826.6400146484375,902.5839,1205.6759,2026-11-10,883.7197630531257,6.905030895336428,861.1897102857737,4.179533415404511,,,826.6400146484375,864.2596088344019,809.1390014648438,970.6937113747158,1003.6559116763068,2026-09-29,826.6400146484375,826.6400146484375,0.4176129785828129,0.4176129785828129,2427836.6666666665,751,1.999072,0.561798,4.240786833333334,29.4435,20.0,8.3755,14.269,1.9437,25.9683,2.063929,1.999945,5.198872,2.000656,12.182247,1.999072,Potential Opportunity,6.905030895336428,883.7197630531257,883.7197630531257,Weighted Ensemble,Adaptive Momentum,Constrained dynamic ensemble excluding XGBoost,2026-07-03,2026-05-22,879.8900146484375,738.0989707113945,1044.7238598402555,879.8900146484375,854.1799987792969,931.168782598247,908.1659996878196,829.2447932245909,881.5153324264511,878.1284676092262,-0.200200821680556,2026-07-07,2026-05-26,908.5499877929688,855.9557644016817,939.8276938060663,914.004491369807,0.6003526113173228,recent_momentum_10d,17.816029103788814,24.665808955744,1.999071854576622,2026-11-10,2026-09-29,826.6400146484375,735.6335436277512,1061.6163800244783,826.6400146484375,809.1390014648438,864.2596088344019,1003.6559116763068,970.6937113747158,861.1897102857737,883.7197630531257,6.905030895336428
CHRW,"C.H. Robinson Worldwide, Inc.",Industrials,Integrated Freight & Logistics,2010-01-04,2026-09-29,4106,149.7100067138672,2026-11-10,High,343.6502784287056,0.0504107252274767,44.976763354329854,27.609818322741063,-3.454340905681256,Medium Risk,Near-Sector Volatility,16232763000.0,587081000.0,897779000.0,4.88,3.616642465611061,10.711451996826236,-66.23574033956686,5.5306604303900695,20.3635712366795,-72.84041995331314,Below-Sector Profitability,143.97391019686577,-3.8314716850988537,Negative Forecast,Needs Further Review,Weighted Ensemble,Classified,182.83920234187656,0.5660881123718817,181.8099975585937,173.6980005900065,193.13423701695032,171.67569532461414,149.7100067138672,155.481,218.2072,2026-11-10,143.97391019686577,-3.8314716850988537,144.5734050043327,-3.4310343191365984,,,149.7100067138672,153.09174312825064,149.19300130208333,128.25864643638567,177.77408034977557,2026-09-29,149.7100067138672,149.7100067138672,0.4497676335432986,0.4497676335432986,1342090.0,751,1.78544,0.0,5.2431833333333335,30.4519,20.0,6.8584,16.3036,1.7113,24.6747,1.884102,1.790677,8.122449,1.78544,15.968532,1.9079,Needs Further Review,-3.8314716850988537,143.97391019686577,143.97391019686577,Weighted Ensemble,Adaptive Momentum,Constrained dynamic ensemble excluding XGBoost,2026-07-03,2026-05-22,174.22999572753906,145.39372182282366,221.60106176982788,174.22999572753906,174.77566680908205,178.02842890894485,207.5621857255835,183.03547566040191,179.37175867320784,179.49764101682428,3.0233859946382355,2026-07-07,2026-05-26,177.91000366210938,203.9896028893587,185.83749086253528,187.69832193283173,5.501836922735693,naive,3.0243336995442727,4.819088332172191,1.7854404060476365,2026-11-10,2026-09-29,149.7100067138672,118.16742360300778,175.41625420398483,149.7100067138672,149.19300130208333,153.09174312825064,177.77408034977557,128.25864643638567,144.5734050043327,143.97391019686577,-3.8314716850988537
CMI,Cummins Inc.,Industrials,Specialty Industrial Machinery,2010-01-04,2026-09-29,4106,521.3699951171875,2026-11-10,High,1994.646982443672,0.0914996484117583,36.93653934340702,27.609818322741063,7.322368638830794,Medium Risk,Near-Sector Volatility,33670000000.0,2843000000.0,5641000000.0,20.62,8.443718443718444,10.711451996826236,-21.17111250444584,16.753786753786752,20.3635712366795,-17.726676921927588,Below-Sector Profitability,511.897121943525,-1.8169195125111277,Neutral Forecast,Stable Watchlist,Weighted Ensemble,Positive adaptive forecast with manageable risk and no weak fundamentals flag,675.6797454127731,0.6959263765348502,671.010009765625,592.749336751302,716.6292404901413,522.6165732560798,521.3699951171875,644.0569,867.9238,2026-11-10,511.897121943525,-1.816919512511128,499.7597493247918,-4.144896329820128,,,521.3699951171875,539.140754076837,553.3556701660157,474.4482267063679,693.8785365078754,2026-09-29,521.3699951171875,521.3699951171875,0.3693653934340702,0.3693653934340702,1077370.0,751,1.775712,0.0,4.22446,30.6337,20.0,7.8281,14.421,1.7377,25.3796,1.824739,1.800434,5.299833,1.775712,12.823136,1.822906,Stable Watchlist,-1.8169195125111277,511.897121943525,511.897121943525,Weighted Ensemble,Adaptive Momentum,Constrained dynamic ensemble excluding XGBoost,2026-07-03,2026-05-22,639.5499877929688,506.7064933738563,730.8372661329628,639.5499877929688,659.986669921875,667.8559172879378,705.8569942158304,533.1307749874508,596.7351514412625,608.5392249881427,-4.848841122152392,2026-07-07,2026-05-26,668.75,576.52684704517,651.9957115321906,647.5410771873468,-3.1714277103032846,naive,11.342442491319444,15.214199233196208,1.7757116907172956,2026-11-10,2026-09-29,521.3699951171875,435.2433106687303,602.0509839690687,521.3699951171875,553.3556701660157,539.140754076837,693.8785365078754,474.4482267063679,499.7597493247918,511.897121943525,-1.8169195125111277
CPRT,"Copart, Inc.",Industrials,Specialty Business Services,2010-01-04,2026-09-29,4106,27.13999938964844,2026-11-10,High,1354.9849271786757,0.078052043252802,40.20599173214783,27.609818322741063,-8.057037903055662,Medium Risk,Near-Sector Volatility,4646958000.0,1552449000.0,1914498000.0,1.61,33.40785520333947,10.711451996826236,211.889137095868,41.19895208865671,20.3635712366795,102.31692962798132,Above-Sector Profitability,24.134587239599387,-11.073736984663892,Negative Forecast,Weak Fundamentals / Negative Forecast,Weighted Ensemble,Classified,33.335343184918344,0.6805876484832494,33.11000061035156,33.16566696166992,29.848096120925177,30.129271601006337,27.13999938964844,29.3773,35.7959,2026-11-10,24.134587239599387,-11.073736984663892,23.67688590255512,-12.76018262702761,,,27.13999938964844,26.629732314378327,31.26166674296061,18.14154030655375,25.430220207230235,2026-09-29,27.13999938964844,27.13999938964844,0.4020599173214783,0.4020599173214783,10282476.666666666,751,1.848241,0.561798,3.497403333333333,31.7306,20.0,7.1134,14.9385,3.5875,22.6299,1.919412,1.848241,6.514424,1.853584,6.87601,1.972749,Weak Fundamentals / Negative Forecast,-11.073736984663892,24.134587239599387,24.134587239599387,Weighted Ensemble,Adaptive Momentum,Constrained dynamic ensemble excluding XGBoost,2026-07-03,2026-05-22,33.790000915527344,29.69155745400873,37.87195103715241,33.790000915527344,33.36766688028971,33.45843965674571,29.69979018609071,33.343973562256366,34.205740440614875,33.53322546542483,-0.7599154872603796,2026-07-07,2026-05-26,33.2400016784668,33.15016753821494,33.02594643955043,32.93969470324725,-0.9034505416830062,drift,0.5641143539681928,0.7713095492151288,1.8482410041328345,2026-11-10,2026-09-29,27.13999938964844,20.2280180182767,28.79561906161764,27.13999938964844,31.26166674296061,26.629732314378327,25.430220207230235,18.14154030655375,23.67688590255512,24.134587239599387,-11.073736984663892
CSX,CSX Corporation,Industrials,Railroads,2010-01-04,2026-09-29,4106,46.93000030517578,2026-11-10,High,1010.9786222568836,0.0735206616817835,21.57041067499824,27.609818322741063,-0.7076850415322469,Low Risk,Near-Sector Volatility,14092000000.0,2889000000.0,6457000000.0,1.553442,20.500993471473176,10.711451996826236,91.39322547071626,45.82032358785126,20.3635712366795,125.01123724957569,Above-Sector Profitability,45.895893068472496,-2.203509972253796,Negative Forecast,Needs Further Review,Weighted Ensemble,Positive adaptive forecast with manageable risk and no weak fundamentals flag,45.73212561102064,0.6650347871788149,45.43000030517578,42.071999613444014,47.549131847563245,38.40747750490545,46.93000030517578,43.8605,52.1967,2026-11-10,45.895893068472496,-2.203509972253796,45.49578126978438,-3.0560814533666742,,,46.93000030517578,47.743452092495886,49.00966669718424,42.10037056117364,53.77436934224676,2026-09-29,46.93000030517578,46.93000030517578,0.2157041067499824,0.2157041067499824,10130460.0,751,0.970219,0.011236,2.0227311666666665,31.9575,20.0,8.0678,15.0072,2.5664,22.4011,1.000489,0.973386,3.100816,0.970219,5.058243,1.033234,Needs Further Review,-2.203509972253796,45.895893068472496,45.895893068472496,Weighted Ensemble,Adaptive Momentum,Constrained dynamic ensemble excluding XGBoost,2026-07-03,2026-05-22,45.52000045776367,41.52322284058963,51.492875209515255,45.52000045776367,44.67566655476888,46.18708134826036,44.68999352500985,47.65437315371888,45.92465311763678,46.24013551047808,1.582018992690018,2026-07-07,2026-05-26,46.61000061035156,52.70216378187474,48.29393190060668,48.669220060776446,4.417977737523466,naive,0.4727776845296225,0.6624120594466698,0.9702187513306127,2026-11-10,2026-09-29,46.93000030517578,41.74761717791644,50.45636476869196,46.93000030517578,49.00966669718424,47.743452092495886,53.77436934224676,42.10037056117364,45.49578126978438,45.895893068472496,-2.203509972253796
CTAS,Cintas Corporation,Industrials,Specialty Business Services,2010-01-04,2026-09-29,4106,197.7400054931641,2026-11-10,High,3213.0625254090405,0.0972474403047991,27.83374674895046,27.609818322741063,-11.226352118055884,Low Risk,Near-Sector Volatility,10340181000.0,1812281000.0,2859493000.0,4.48,17.526588751202713,10.711451996826236,63.62477053900607,27.654187097885423,20.3635712366795,35.802245963978244,Above-Sector Profitability,197.270193420756,-0.2375908057837965,Neutral Forecast,Stable Watchlist,Weighted Ensemble,Classified,174.7100067138672,0.0,174.7100067138672,174.89199981689453,170.80906095958892,196.86788344788727,197.7400054931641,159.7429,186.0178,2026-11-10,197.270193420756,-0.2375908057837965,196.32915840942684,-0.7134859130900678,,,197.7400054931641,201.6488320054588,200.56566619873047,194.15400656274323,190.42863019096964,2026-09-29,197.7400054931641,197.7400054931641,0.2783374674895046,0.2783374674895046,1980986.6666666667,751,1.275468,0.0,2.765154666666667,30.1216,20.0,8.1822,14.3738,2.0945,25.2279,1.298092,1.277359,3.624261,1.275468,7.822203,1.293545,Stable Watchlist,-0.2375908057837965,197.270193420756,197.270193420756,Weighted Ensemble,Adaptive Momentum,Constrained dynamic ensemble excluding XGBoost,2026-07-03,2026-05-22,172.92999267578125,162.51500818235093,196.76872462982075,172.92999267578125,172.27999877929688,175.75858327021788,164.3846605106483,192.1170641454,176.75993149279833,178.8235747692291,3.4080739854638606,2026-07-07,2026-05-26,171.08999633789062,191.89118554136937,171.6690644157174,176.52721978295207,3.177990274968104,naive,2.4251108805338526,3.3332558111151718,1.2754680580963804,2026-11-10,2026-09-29,197.7400054931641,174.57136948319837,222.9204555561896,197.7400054931641,200.56566619873047,201.6488320054588,190.42863019096964,194.15400656274323,196.32915840942684,197.270193420756,-0.2375908057837965
DAL,"Delta Air Lines, Inc.",Industrials,Airlines,2010-01-04,2026-09-29,4106,84.87000274658203,2026-11-10,High,603.162682984083,0.0810126210237938,33.97231600863238,27.609818322741063,48.7308504775095,Low Risk,Above-Sector Volatility,63364000000.0,5005000000.0,9307000000.0,7.72,7.898806893504198,10.711451996826236,-26.2582991003966,14.688151000568144,20.3635712366795,-27.87045636616338,Below-Sector Profitability,92.0315027466832,8.4381993264276,Positive Forecast,Potential Opportunity,Weighted Ensemble,Classified,67.98999786376953,0.0,67.98999786376953,67.62533340454101,71.13534564063663,61.24745609454548,84.87000274658203,57.3527,78.8072,2026-11-10,92.0315027466832,8.4381993264276,89.64319777991878,5.624124989826253,,,84.87000274658203,87.78826848960732,81.01766713460286,105.66982953451198,90.87133633752396,2026-09-29,84.87000274658203,84.87000274658203,0.3397231600863238,0.3397231600863238,6452603.333333333,751,1.724098,0.0,3.5141566666666666,30.7299,20.0,7.1164,14.3613,2.6732,25.1193,1.763905,1.725528,6.138596,1.724098,7.923848,1.808965,Potential Opportunity,8.4381993264276,92.0315027466832,92.0315027466832,Weighted Ensemble,Adaptive Momentum,Constrained dynamic ensemble excluding XGBoost,2026-07-03,2026-05-22,76.13999938964844,65.57317574622739,97.18205216951549,76.13999938964844,70.51533355712891,78.45742394490813,75.50790489622989,85.23272791428347,82.37979601363138,79.82816411699994,4.843925343993275,2026-07-07,2026-05-26,79.38999938964844,110.05841887794294,91.64904551358548,89.1567735960221,12.302272681018746,naive,1.4483334011501738,1.7780227514647957,1.7240979434486428,2026-11-10,2026-09-29,84.87000274658203,79.27563255724057,106.8398601764191,84.87000274658203,81.01766713460286,87.78826848960732,90.87133633752396,105.66982953451198,89.64319777991878,92.0315027466832,8.4381993264276
DE,Deere & Company,Industrials,Farm & Heavy Construction Machinery,2010-01-04,2026-09-29,4106,680.5,2026-11-10,High,1333.2621139990713,0.0807583255793764,33.7376194691763,27.609818322741063,2.490788959456102,Low Risk,Near-Sector Volatility,44665000000.0,5027000000.0,11656000000.0,18.55,11.25489757080488,10.711451996826236,5.073500531390752,26.0964961379156,20.3635712366795,28.15284624982561,Above-Sector Profitability,680.8770070987428,0.0554014840180384,Neutral Forecast,Stable Watchlist,Weighted Ensemble,Classified,589.8699951171875,0.0,589.8699951171875,579.6236653645833,605.9639231363932,499.3459060436453,680.5,524.984,684.0224,2026-11-10,680.8770070987428,0.0554014840180384,680.2951073036394,-0.0301091398031765,,,680.5,697.0016788455749,666.3639953613281,669.9896057087877,691.2558952913711,2026-09-29,680.5,680.5,0.337376194691763,0.337376194691763,1395670.0,751,1.563384,0.52809,2.3367525,28.1898,20.0,8.8117,14.9865,6.2269,21.7852,1.656338,1.563384,4.243982,1.563616,3.282069,1.711126,Stable Watchlist,0.0554014840180384,680.8770070987428,680.8770070987428,Weighted Ensemble,Adaptive Momentum,Constrained dynamic ensemble excluding XGBoost,2026-07-03,2026-05-22,529.1500244140625,421.5357887437987,577.6306490685231,529.1500244140625,575.5080037434896,537.315033736293,583.730473404468,412.73783236677497,480.7628700824313,493.44907666110015,-6.746847983706447,2026-07-07,2026-05-26,529.1199951171875,384.10157261856295,477.424603295693,485.4059931850367,-8.261642412978407,drift,9.65409386979591,12.96169513460145,1.5633840883596557,2026-11-10,2026-09-29,680.5,587.1100538200899,789.6194176531712,680.5,666.3639953613281,697.0016788455749,691.2558952913711,669.9896057087877,680.2951073036394,680.8770070987428,0.0554014840180384
DOV,Dover Corporation,Industrials,Specialty Industrial Machinery,2010-01-04,2026-09-29,4106,189.6999969482422,2026-11-10,High,975.743127826278,0.0720290685659246,26.494850783447298,27.609818322741063,-3.4126880129932995,Low Risk,Near-Sector Volatility,8092571000.0,1097429000.0,1863601000.0,7.99,13.56094373469198,10.711451996826236,26.60229200214908,23.028540620774287,20.3635712366795,13.086945080117182,Above-Sector Profitability,191.4471463448367,0.921006549658098,Neutral Forecast,Stable Watchlist,Weighted Ensemble,Positive adaptive forecast with manageable risk and no weak fundamentals flag,227.91083063364897,0.6628801498450722,226.4100036621093,215.58400014241536,233.31750306629,170.5146053788425,189.6999969482422,214.9973,261.5287,2026-11-10,191.4471463448367,0.921006549658098,189.2395462309725,-0.2427257378371542,,,189.6999969482422,192.1476969670698,193.44733276367188,191.9069476956128,220.15818100624176,2026-09-29,189.6999969482422,189.6999969482422,0.264948507834473,0.264948507834473,1270580.0,751,1.244297,0.0,2.9800461666666664,31.71,20.0,8.6375,15.1494,1.9085,22.5946,1.292429,1.248216,3.501646,1.244297,9.272984,1.320705,Stable Watchlist,0.921006549658098,191.4471463448367,191.4471463448367,Weighted Ensemble,Adaptive Momentum,Constrained dynamic ensemble excluding XGBoost,2026-07-03,2026-05-22,209.8999938964844,180.08012807710975,228.31919044247263,209.8999938964844,218.60733286539715,213.36021847623977,226.9196066135403,182.72114719678905,200.96022543860647,202.77018779234407,-3.396763368967276,2026-07-07,2026-05-26,215.3999938964844,202.25179046781977,213.0421920337192,213.08693938119853,-1.0738414952776012,naive,2.582222832573786,3.4796051994920596,1.2442971303716472,2026-11-10,2026-09-29,189.6999969482422,170.4174949769116,215.0718730406581,189.6999969482422,193.44733276367188,192.1476969670698,220.15818100624176,191.90694769561276,189.2395462309725,191.4471463448367,0.921006549658098
EFX,Equifax Inc.,Industrials,Consulting Services,2010-01-04,2026-09-29,4106,140.8300018310547,2026-11-10,Moderate,561.4452657145794,0.0614657128420238,41.951136055252405,27.609818322741063,0.7641588139098623,Medium Risk,Near-Sector Volatility,6074500000.0,660300000.0,1834100000.0,5.36,10.870030455181496,10.711451996826236,1.480457163064784,30.193431558152938,20.3635712366795,48.27178989001488,Above-Sector Profitability,122.57353191397527,-12.963480565015251,Negative Forecast,Weak Fundamentals / Negative Forecast,Weighted Ensemble,Negative adaptive forecast but fundamentals are not clearly weak,175.01900152747726,0.6203283148937987,173.94000244140625,180.24400075276696,164.12933494931175,209.53063706539592,140.8300018310547,138.4422,191.9288,2026-11-10,122.57353191397527,-12.963480565015251,114.24992058551456,-18.873876943796866,,,140.8300018310547,139.4876207557311,173.4979995727539,89.79717376042636,148.5049257180981,2026-09-29,140.8300018310547,140.8300018310547,0.4195113605525241,0.4195113605525241,1495473.3333333333,751,2.013265,0.460674,3.7897021666666655,29.9041,20.0,7.793,14.3423,2.8682,25.0924,2.062029,2.013265,5.986382,2.013472,8.58495,2.078115,Weak Fundamentals / Negative Forecast,-12.963480565015251,122.57353191397527,122.57353191397527,Weighted Ensemble,Adaptive Momentum,Constrained dynamic ensemble excluding XGBoost,2026-07-03,2026-05-22,164.0399932861328,128.10734960396962,188.0945893812244,164.0399932861328,174.0163340250651,162.42969288418504,157.54948599012218,133.20484744473185,157.49675534800676,155.22982741881674,-5.370742640758717,2026-07-07,2026-05-26,162.80999755859375,148.65963837594353,156.8572035730588,158.07397531939992,-2.9089259321985925,drift,3.437988589662572,4.5200380901192405,2.013265492595401,2026-11-10,2026-09-29,140.8300018310547,101.94867148650954,147.37093192876398,140.8300018310547,173.4979995727539,139.4876207557311,148.5049257180981,89.79717376042636,114.24992058551456,122.57353191397527,-12.963480565015251
EMR,Emerson Electric Co.,Industrials,Specialty Industrial Machinery,2010-01-04,2026-09-29,4106,157.24000549316406,2026-11-10,High,403.4327930524354,0.053992519751957,29.534004698439997,27.609818322741063,-1.8890060161775617,Low Risk,Near-Sector Volatility,18016000000.0,2293000000.0,5281000000.0,4.074271,12.727575488454706,10.711451996826236,18.822130671227765,29.31283303730018,20.3635712366795,43.94740832345256,Above-Sector Profitability,168.1564652841842,6.94254605040365,Positive Forecast,Potential Opportunity,Weighted Ensemble,Classified,141.26248863582634,0.5856495158943392,140.44000244140625,136.95266698201496,144.85310490926108,146.43259734475802,157.24000549316406,123.4543,161.5352,2026-11-10,168.1564652841842,6.94254605040365,165.59346069240965,5.312550818760147,,,157.24000549316406,160.39369037466798,153.2050003051758,192.4421485635628,153.94632159066475,2026-09-29,157.24000549316406,157.24000549316406,0.2953400469844,0.2953400469844,2185493.333333333,751,1.516365,0.595506,2.2621041666666666,29.1405,20.0,8.2974,13.6661,5.1583,23.7377,1.553305,1.516365,3.911959,1.525924,3.516329,1.548743,Potential Opportunity,6.94254605040365,168.1564652841842,168.1564652841842,Weighted Ensemble,Adaptive Momentum,Constrained dynamic ensemble excluding XGBoost,2026-07-03,2026-05-22,136.4199981689453,113.26289934661374,157.80391798392617,136.4199981689453,139.5106669108073,139.27916776947063,143.72492026660032,122.74208344369296,134.05391224134215,133.6911712833526,-2.000312946942932,2026-07-07,2026-05-26,140.97000122070312,145.69283705934433,145.5191410860142,144.0700375567606,2.1990751998391898,drift,2.2374348327941216,2.740220871231566,1.516364911647433,2026-11-10,2026-09-29,157.24000549316406,147.70056146194176,191.44542537272025,157.24000549316406,153.2050003051758,160.39369037466798,153.94632159066475,192.4421485635628,165.59346069240965,168.1564652841842,6.94254605040365
ETN,Eaton Corporation plc,Industrials,Specialty Industrial Machinery,2010-01-04,2026-09-29,4106,433.2699890136719,2026-11-10,Moderate,1924.9805995289653,0.0899161664986215,47.03780682796493,27.609818322741063,4.850752783112992,Medium Risk,Near-Sector Volatility,27448000000.0,4087000000.0,6179000000.0,10.48,14.889973768580589,10.711451996826236,39.009853874082,22.511658408627223,20.3635712366795,10.54867609900625,Above-Sector Profitability,473.633389986167,9.315992798019863,Positive Forecast,Potential Opportunity,Weighted Ensemble,Positive adaptive forecast with manageable risk and no weak fundamentals flag,436.0182430996819,0.6947260493320178,433.010009765625,388.0796671549479,450.3743591308594,401.0887898322807,433.2699890136719,423.1012,544.0667,2026-11-10,473.633389986167,9.315992798019863,460.1854760316924,6.21217432559614,,,433.2699890136719,445.98508824639146,416.2943339029948,583.240208642233,436.4818914642309,2026-09-29,433.2699890136719,433.2699890136719,0.4703780682796493,0.4703780682796493,1988503.3333333333,751,2.213116,0.561798,2.897709333333333,25.8261,20.0,11.8467,14.561,5.9696,21.7966,2.378685,2.213116,3.702819,2.221232,4.493058,2.377346,Potential Opportunity,9.315992798019863,473.633389986167,473.633389986167,Weighted Ensemble,Adaptive Momentum,Constrained dynamic ensemble excluding XGBoost,2026-07-03,2026-05-22,391.3500061035156,326.7061615610001,452.704084073538,391.3500061035156,405.8216674804688,404.4579959520274,385.34922726531175,362.3866991571033,378.3773697669555,384.57926833184064,-1.730097781034419,2026-07-07,2026-05-26,403.1300048828125,359.0363550745444,401.4019711875591,394.620738604682,-2.110799537385997,drift,9.044573259148478,12.007877279705136,2.213115804135054,2026-11-10,2026-09-29,433.2699890136719,385.2344924361458,582.316984886736,433.2699890136719,416.2943339029948,445.98508824639146,436.4818914642309,583.240208642233,460.1854760316924,473.633389986167,9.315992798019863
EXPD,"Expeditors International of Washington, Inc.",Industrials,Integrated Freight & Logistics,2010-01-04,2026-09-29,4106,188.16000366210932,2026-11-10,High,417.2291092829865,0.0523010999518627,23.013671750599528,27.609818322741063,-10.058770794098477,Low Risk,Near-Sector Volatility,11069009000.0,810332000.0,1109315000.0,5.97,7.32072762792044,10.711451996826236,-31.65513293538967,10.02180954049274,20.3635712366795,-50.78559932335865,Below-Sector Profitability,184.4203453577284,-1.9874884309082297,Neutral Forecast,Stable Watchlist,Weighted Ensemble,Classified,148.76184290654766,0.5895216177546643,147.88999938964844,145.59399973551433,152.75121979486374,145.3542946301062,188.16000366210932,129.2673,170.0535,2026-11-10,184.4203453577284,-1.9874884309082297,185.8902194093856,-1.206305382944053,,,188.1600036621093,191.92048175159903,188.7700002034505,171.93958143541917,191.65296179017088,2026-09-29,188.16000366210932,188.16000366210932,0.2301367175059953,0.2301367175059953,899900.0,751,1.065314,0.629213,1.903875166666667,30.2345,20.0,7.0486,14.0861,4.0356,24.5952,1.109588,1.065314,3.729215,1.075581,3.32649,1.117063,Stable Watchlist,-1.9874884309082297,184.4203453577284,184.4203453577284,Weighted Ensemble,Adaptive Momentum,Constrained dynamic ensemble excluding XGBoost,2026-07-03,2026-05-22,158.47999572753906,135.6366221235119,190.94673315325565,158.47999572753906,150.94733378092448,160.54568106632124,166.18293085111998,163.9736036691415,162.8253198683665,160.9328117272149,1.5477133176434137,2026-07-07,2026-05-26,160.6999969482422,177.23000365793692,168.69401969049667,166.53170198535747,3.62893910881252,drift,1.8684824653471717,2.5480043588138597,1.065314089808129,2026-11-10,2026-09-29,188.16000366210932,166.69167362428803,204.034568988263,188.16000366210932,188.7700002034505,191.92048175159903,191.65296179017088,171.93958143541917,185.89021940938557,184.4203453577284,-1.9874884309082297
FAST,Fastenal Company,Industrials,Industrial Distribution,2010-01-04,2026-09-29,4106,49.959999084472656,2026-11-10,High,1196.7641190165405,0.0764594387300669,22.19048037506484,27.609818322741063,-3.568665013452385,Low Risk,Near-Sector Volatility,8200500000.0,1258400000.0,1840400000.0,1.1,15.345405767940978,10.711451996826236,43.26167705823417,22.44253399182977,20.3635712366795,10.209224752314428,Above-Sector Profitability,50.68990808235129,1.4609868119582967,Neutral Forecast,Stable Watchlist,Weighted Ensemble,Classified,45.233034815190045,0.6744591763987935,44.93000030517578,45.30095698038737,45.59827259608677,50.26839181429311,49.959999084472656,40.2957,50.1201,2026-11-10,50.68990808235129,1.4609868119582967,50.3103511356877,0.7012651273725263,,,49.959999084472656,51.1726945884528,49.93366661071777,51.64700350136773,50.24276360794638,2026-09-29,49.959999084472656,49.959999084472656,0.2219048037506484,0.2219048037506484,6354680.0,751,1.130276,0.561798,2.065639833333333,31.1735,20.0,8.8263,14.7803,3.2034,22.0165,1.17037,1.130276,3.061399,1.136224,4.686384,1.209186,Stable Watchlist,1.4609868119582967,50.68990808235129,50.68990808235129,Weighted Ensemble,Adaptive Momentum,Constrained dynamic ensemble excluding XGBoost,2026-07-03,2026-05-22,43.93999862670898,38.71670676713183,50.08086603106097,43.93999862670898,44.46133321126302,44.79143985740204,44.60913293390873,43.25716093178035,43.83717456426913,44.03369397141922,0.2132347465602358,2026-07-07,2026-05-26,44.45000076293945,48.0865284620547,45.253953215501525,45.6083416923109,2.60594130368885,drift,0.5396132429958372,0.6633488258666012,1.1302755299049467,2026-11-10,2026-09-29,49.959999084472656,45.98293485120039,55.87870347362456,49.959999084472656,49.93366661071777,51.1726945884528,50.24276360794638,51.64700350136773,50.3103511356877,50.68990808235129,1.4609868119582967
FDX,FedEx Corporation,Industrials,Integrated Freight & Logistics,2010-01-04,2026-09-29,4106,287.4700012207031,2026-11-10,High,486.2427062961375,0.061048220270162,28.48800920106891,27.609818322741063,8.519559482524595,Low Risk,Near-Sector Volatility,87926000000.0,4092000000.0,11271000000.0,16.839506,4.653913518185747,10.711451996826236,-56.55198268577701,12.818733935354732,20.3635712366795,-37.05065881437717,Below-Sector Profitability,272.7632309079727,-5.115932184325354,Negative Forecast,Weak Fundamentals / Negative Forecast,Weighted Ensemble,Positive adaptive forecast with manageable risk and no weak fundamentals flag,405.7546815488864,0.6061550680844466,403.30999755859375,371.5383341471354,426.8841109502884,239.03881476617715,287.4700012207031,393.1389,479.3341,2026-11-10,272.7632309079727,-5.115932184325354,266.55161236055466,-7.276720621741855,,,287.4700012207031,290.9042448245796,313.15,233.1409489202893,365.45024440623536,2026-09-29,287.4700012207031,287.4700012207031,0.2848800920106891,0.2848800920106891,1564690.0,751,1.349914,0.011236,3.019658833333333,31.5043,20.0,8.2844,15.0929,2.0526,23.0659,1.41318,1.356295,4.028242,1.349914,8.526767,1.443555,Weak Fundamentals / Negative Forecast,-5.115932184325354,272.7632309079727,272.7632309079727,Weighted Ensemble,Adaptive Momentum,Constrained dynamic ensemble excluding XGBoost,2026-07-03,2026-05-22,394.2000122070313,358.38036019747767,477.3369317096333,394.2000122070313,381.55067036946616,403.0011300720273,411.8972219104923,445.0343969129793,413.1551117901684,413.6038944710956,4.922344409739262,2026-07-07,2026-05-26,400.0,470.6154389406347,430.0377623131092,427.3615494183165,6.8403873545791205,naive,4.293845282660589,5.706151767954859,1.3499143595781564,2026-11-10,2026-09-29,287.4700012207031,240.6852482120117,309.1164942099805,287.4700012207031,313.15,290.9042448245796,365.45024440623536,233.1409489202893,266.55161236055466,272.7632309079727,-5.115932184325354
FLS,Flowserve Corporation,Industrials,Specialty Industrial Machinery,2010-01-04,2026-09-29,4106,73.80999755859375,2026-11-10,High,198.519009353324,0.0508983752133759,39.738419577349234,27.609818322741063,26.810837933554566,Medium Risk,Above-Sector Volatility,4729260000.0,346247000.0,838684000.0,0.0,7.321377974566845,10.711451996826236,-31.64906142756237,17.733937233309227,20.3635712366795,-12.91342256624268,Below-Sector Profitability,76.64044086774454,3.834769547179377,Positive Forecast,Needs Further Review,Weighted Ensemble,Negative adaptive forecast plus below-sector profitability,73.63999938964844,0.0,73.63999938964844,78.80460993448894,77.13782519385929,64.33138718348314,73.80999755859375,56.9587,81.9225,2026-11-10,76.64044086774454,3.834769547179377,73.5454106937123,-0.3584702257596068,,,73.80999755859375,75.72466303184218,76.5009994506836,82.82002213206371,81.8767710292603,2026-09-29,73.80999755859375,73.80999755859375,0.3973841957734923,0.3973841957734923,1606056.6666666667,751,1.835962,0.550562,3.9374401666666663,29.4242,20.0,8.8483,16.0674,2.6215,23.0386,1.964583,1.835962,5.44345,1.84262,10.515783,2.022243,Needs Further Review,3.834769547179377,76.64044086774454,76.64044086774454,Weighted Ensemble,Adaptive Momentum,Constrained dynamic ensemble excluding XGBoost,2026-07-03,2026-05-22,69.61000061035156,56.12245927540357,85.94226836754089,69.61000061035156,75.19200032552084,71.59514934838181,88.34528331381571,65.24213649144093,68.51915067791823,69.44992049306549,-0.2299671252441651,2026-07-07,2026-05-26,73.3499984741211,81.66818644101546,76.35352992059283,77.16747098646444,5.204461611120825,drift,1.3698957303731292,1.8585284324894227,1.8359620868804714,2026-11-10,2026-09-29,73.80999755859375,64.3670002845105,91.2541698454096,73.80999755859375,76.5009994506836,75.72466303184218,81.8767710292603,82.82002213206371,73.5454106937123,76.64044086774454,3.834769547179377
GD,General Dynamics Corporation,Industrials,Aerospace & Defense,2010-01-04,2026-09-29,4106,332.3399963378906,2026-11-10,High,628.2528992366254,0.0580616010054174,21.44538490483835,27.609818322741063,-20.047885961041533,Low Risk,Near-Sector Volatility,52550000000.0,4210000000.0,6429000000.0,15.65,8.011417697431018,10.711451996826236,-25.20698687904524,12.23406279733587,20.3635712366795,-39.92182090683832,Below-Sector Profitability,313.5345893276067,-5.658484448908899,Negative Forecast,Weak Fundamentals / Negative Forecast,Weighted Ensemble,Positive adaptive forecast with manageable risk and no weak fundamentals flag,344.29998779296875,0.0,344.29998779296875,338.0740498860677,353.4821966262091,399.87679622871815,332.3399963378906,330.0084,397.1805,2026-11-10,313.5345893276067,-5.658484448908899,306.66774817084354,-7.724694123468086,,,332.3399963378906,337.6907581396828,362.3986673990885,264.54500457363315,370.36770854893246,2026-09-29,332.3399963378906,332.3399963378906,0.2144538490483835,0.2144538490483835,1160186.6666666667,751,1.015773,0.0,2.122195,32.1054,20.0,7.2423,15.1959,3.2581,22.1983,1.049798,1.01817,3.992406,1.015773,4.560172,1.096851,Weak Fundamentals / Negative Forecast,-5.658484448908899,313.5345893276067,313.5345893276067,Weighted Ensemble,Adaptive Momentum,Constrained dynamic ensemble excluding XGBoost,2026-07-03,2026-05-22,342.8900146484375,308.3746086451027,383.43559791893335,342.8900146484375,336.9166656494141,349.8670845496766,371.0234778546555,332.1978684302762,348.84689325166784,343.86305769717694,0.2837770151274586,2026-07-07,2026-05-26,344.6400146484375,346.47655981895355,351.3750505758599,348.4549043455293,1.106920129684689,naive,3.6850006103515627,4.847529697229623,1.0157725397517166,2026-11-10,2026-09-29,332.3399963378906,285.35257345258213,344.4999199250832,332.3399963378906,362.3986673990885,337.6907581396828,370.36770854893246,264.54500457363315,306.66774817084354,313.5345893276067,-5.658484448908899
GE,GE Aerospace,Industrials,Aerospace & Defense,2010-01-04,2026-09-29,4106,317.8900146484375,2026-11-10,High,441.67420997330026,0.0608970099728844,30.26129103087535,27.609818322741063,14.224877386058548,Low Risk,Near-Sector Volatility,45855000000.0,8704000000.0,12148000000.0,8.2,18.98157234761749,10.711451996826236,77.20820999096725,26.49220368553048,20.3635712366795,30.09605917164416,Above-Sector Profitability,331.39705511512994,4.248966574691004,Positive Forecast,Needs Further Review,Weighted Ensemble,Classified,291.657679893503,0.5958980655215399,289.92999267578125,292.9943339029948,300.7020946684338,389.8617793369285,317.8900146484375,253.1198,331.8896,2026-11-10,331.39705511512994,4.248966574691004,318.28173002467537,0.1232235547477251,,,317.8900146484375,334.8285217800214,331.2243336995443,352.7607782595343,350.65715577506,2026-09-29,317.8900146484375,317.8900146484375,0.3026129103087535,0.3026129103087535,4184260.0,751,1.454324,0.606742,3.014769166666667,32.246,20.0,6.5779,14.848,3.0852,23.2429,1.512816,1.454324,6.070903,1.479198,6.011236,1.560138,Needs Further Review,4.248966574691004,331.39705511512994,331.39705511512994,Weighted Ensemble,Adaptive Momentum,Constrained dynamic ensemble excluding XGBoost,2026-07-03,2026-05-22,302.8399963378906,263.5648049937089,376.01127597553705,302.8399963378906,294.281000773112,319.17298931428047,327.57223074436195,320.5721220212244,318.7890682489488,314.8068274798501,3.951535889139158,2026-07-07,2026-05-26,314.489990234375,359.5206235118506,340.9376616831897,334.5564635475918,6.380639745723606,drift,4.991297093406569,6.543108817865284,1.4543235938833807,2026-11-10,2026-09-29,317.8900146484375,290.1549862031102,378.5011919874541,317.8900146484375,331.2243336995443,334.8285217800214,350.65715577506,352.7607782595343,318.28173002467537,331.39705511512994,4.248966574691004
GPN,Global Payments Inc.,Industrials,Specialty Business Services,2010-01-04,2026-09-29,4106,83.33000183105469,2026-11-10,High,190.92746046066887,0.0456327000284244,40.085222397426925,27.609818322741063,13.7636639566766,Medium Risk,Near-Sector Volatility,7705878000.0,1400107000.0,3325139000.0,5.79,18.1693377445114,10.711451996826236,69.62534817777185,43.15068315382102,20.3635712366795,111.90135390445002,Above-Sector Profitability,78.18208530967725,-6.177746799783412,Negative Forecast,Weak Fundamentals / Negative Forecast,Weighted Ensemble,Positive adaptive forecast with manageable risk and no weak fundamentals flag,71.95999908447266,0.0,71.95999908447266,68.4473336537679,71.51665860130673,59.075338125258895,83.33000183105469,63.0339,89.8633,2026-11-10,78.18208530967725,-6.177746799783412,78.73134896970407,-5.518604056524609,,,83.33000183105469,82.2372558857809,89.16833292643229,68.44288570561793,79.51702266236127,2026-09-29,83.33000183105469,83.33000183105469,0.4008522239742693,0.4008522239742693,2484710.0,751,1.962573,0.0,4.586983166666667,31.5769,20.0,6.8275,14.1882,1.8448,25.5625,1.985002,1.965781,6.904885,1.962573,12.69163,2.012028,Weak Fundamentals / Negative Forecast,-6.177746799783412,78.18208530967725,78.18208530967725,Weighted Ensemble,Adaptive Momentum,Constrained dynamic ensemble excluding XGBoost,2026-07-03,2026-05-22,73.26000213623047,63.18090112995342,94.72711281827333,73.26000213623047,69.86833343505859,72.30476060180831,68.68948068070983,86.96363212019193,79.09874683799752,77.36242207491483,5.599808652824931,2026-07-07,2026-05-26,73.27999877929688,88.66348635359525,78.93343499575951,77.71736637042102,6.055359804915543,naive,1.5581107245551207,1.9838695915025841,1.9625726478982923,2026-11-10,2026-09-29,83.33000183105469,65.56182804163599,93.23166613792186,83.33000183105469,89.16833292643229,82.2372558857809,79.51702266236127,68.44288570561793,78.73134896970407,78.18208530967725,-6.177746799783412
GWW,"W.W. Grainger, Inc.",Industrials,Industrial Distribution,2010-01-04,2026-09-29,4106,1248.6700439453125,2026-11-10,High,1453.2606895529914,0.0806054331883882,21.56185971155742,27.609818322741063,-4.417064005131612,Low Risk,Near-Sector Volatility,17942000000.0,1706000000.0,2765000000.0,35.47,9.508416007134098,10.711451996826236,-11.231306363027096,15.410768030319918,20.3635712366795,-24.321879246005924,Below-Sector Profitability,1237.9755634024957,-0.8564696970727842,Neutral Forecast,Stable Watchlist,Weighted Ensemble,Classified,1169.2908875887051,0.6837656322127537,1161.3499755859375,1122.5073282877604,1180.104015531994,913.7851057860972,1248.6700439453125,1081.166,1312.5802,2026-11-10,1237.9755634024957,-0.8564696970727842,1218.2296327922763,-2.4378266540980102,,,1248.6700439453125,1278.308596303914,1288.628995768229,1188.1241885560048,1439.422481002443,2026-09-29,1248.6700439453125,1248.6700439453125,0.2156185971155742,0.2156185971155742,248843.3333333333,751,1.006705,0.0,2.4483891666666664,31.572,20.0,7.8743,15.3103,2.0397,23.2037,1.048391,1.009878,3.43181,1.006705,7.108311,1.08524,Stable Watchlist,-0.8564696970727842,1237.9755634024957,1237.9755634024957,Weighted Ensemble,Adaptive Momentum,Constrained dynamic ensemble excluding XGBoost,2026-07-03,2026-05-22,1247.7900390625,1119.0308966406326,1425.6189105660203,1247.7900390625,1192.0043375651042,1279.9277196881465,1150.9417466060386,1291.0017884145054,1264.4175278356338,1263.0564546996843,1.223476318872877,2026-07-07,2026-05-26,1249.219970703125,1321.2611315210625,1278.000053099143,1275.4376834004254,2.0987266704152763,naive,13.315780978732638,17.958338691845416,1.006705031942292,2026-11-10,2026-09-29,1248.6700439453125,1126.1240903335226,1360.9366043557625,1248.6700439453125,1288.628995768229,1278.308596303914,1439.422481002443,1188.1241885560048,1218.2296327922763,1237.9755634024957,-0.8564696970727842
HII,"Huntington Ingalls Industries, Inc.",Industrials,Aerospace & Defense,2011-03-22,2026-09-29,3800,259.6400146484375,2026-11-10,High,1119.5670286255186,0.0824811397231768,36.63420656341485,27.609818322741063,3.973284524420828,Medium Risk,Near-Sector Volatility,12484000000.0,605000000.0,1211000000.0,15.39,4.846203140019225,10.711451996826236,-54.75680475947484,9.700416533162448,20.3635712366795,-52.36387360341905,Below-Sector Profitability,241.8601447119199,-6.847892825993028,Negative Forecast,Weak Fundamentals / Negative Forecast,Weighted Ensemble,Negative adaptive forecast plus below-sector profitability,366.9308580125938,0.7249305239581519,364.2900085449219,388.22633565266926,380.7353046962193,390.2509904442413,259.6400146484375,295.3932,396.0479,2026-11-10,241.8601447119199,-6.847892825993028,239.05042511455488,-7.930052523591831,,,259.6400146484375,262.25970942296203,284.4216684977213,208.2224611874894,305.5051470324948,2026-09-29,259.6400146484375,259.6400146484375,0.3663420656341485,0.3663420656341485,446813.3333333333,751,1.514991,0.0,6.542729666666666,32.6353,20.0,5.9428,14.6543,0.7259,26.0417,1.520116,1.5305,7.495047,1.514991,25.626672,1.569052,Weak Fundamentals / Negative Forecast,-6.847892825993028,241.8601447119199,241.8601447119199,Weighted Ensemble,Adaptive Momentum,Constrained dynamic ensemble excluding XGBoost,2026-07-03,2026-05-22,320.6300048828125,271.1672612589403,392.9467641624866,320.6300048828125,351.9316701253255,326.57070347298736,441.59352748851165,334.0422968609634,311.05292526679165,326.42655813904634,1.8078636334588911,2026-07-07,2026-05-26,320.95001220703125,330.7447113377525,311.0053141834306,326.12786488256336,1.613289446517327,naive,4.466669040256076,6.825006807568595,1.5149908549728155,2026-11-10,2026-09-29,259.6400146484375,205.91613471929608,284.0784170692246,259.6400146484375,284.4216684977213,262.25970942296203,305.5051470324948,208.2224611874894,239.05042511455488,241.8601447119199,-6.847892825993028
HON,Honeywell International Inc.,Industrials,Conglomerates,2010-01-04,2026-09-29,4106,210.1300048828125,2026-11-10,High,742.1147577643177,0.0624113565267283,32.818236288924005,27.609818322741063,-16.712725287079557,Low Risk,Near-Sector Volatility,37442000000.0,4729000000.0,8255000000.0,7.443727,12.630201378131511,10.711451996826236,17.913065211642586,22.047433363602373,20.3635712366795,8.26899224773426,Above-Sector Profitability,216.93460034649036,3.23827883003795,Positive Forecast,Needs Further Review,Weighted Ensemble,Negative adaptive forecast but fundamentals are not clearly weak,214.3300018310547,0.0,214.3300018310547,224.7673329671224,216.6136921473912,196.24184238584283,210.1300048828125,189.1186,220.6214,2026-11-10,216.9346003464904,3.23827883003795,211.6984549479516,0.7464188972030972,,,210.1300048828125,211.41123067087932,211.3150009155273,231.549168250858,236.53062546790807,2026-09-29,210.1300048828125,210.1300048828125,0.3281823628892401,0.3281823628892401,2977540.0,751,1.516408,0.0,2.9835061666666665,30.8526,20.0,7.5453,14.3308,2.6852,24.586,1.536522,1.518012,4.738029,1.516408,7.007444,1.584622,Needs Further Review,3.23827883003795,216.9346003464904,216.93460034649036,Weighted Ensemble,Adaptive Momentum,Constrained dynamic ensemble excluding XGBoost,2026-07-03,2026-05-22,227.9199981689453,220.33485366069448,272.94870271727785,227.9199981689453,219.2770004272461,229.88661399056724,224.9686058610688,278.77712718663474,245.6217975176666,245.23481088558333,7.596881737338135,2026-07-07,2026-05-26,231.72000122070312,274.0737791656639,248.9613305886204,246.5887982640599,6.416708512440798,naive,3.4670742458767334,4.752161666090482,1.5164076327396048,2026-11-10,2026-09-29,210.1300048828125,187.81628777148023,250.5673037513714,210.1300048828125,211.31500091552732,211.41123067087935,236.53062546790812,231.549168250858,211.6984549479516,216.93460034649036,3.23827883003795
HWM,Howmet Aerospace Inc.,Industrials,Aerospace & Defense,2016-11-01,2026-09-29,2386,230.94000244140625,2026-11-10,High,1654.8918542994234,0.1514447191123766,36.56045736630854,27.609818322741063,43.93264790142526,Medium Risk,Above-Sector Volatility,8252000000.0,1508000000.0,2392000000.0,3.73,18.27435773145904,10.711451996826236,70.60579403122627,28.986912263693647,20.3635712366795,42.34689940574625,Above-Sector Profitability,241.77564295034983,4.691972111541302,Positive Forecast,Needs Further Review,Weighted Ensemble,Classified,245.9228952635759,1.1861841907019068,243.0399932861328,242.0076665242513,255.64436885288785,260.2853639837567,230.94000244140625,214.0311,275.8042,2026-11-10,241.77564295034983,4.691972111541302,230.84550826880889,-0.0409171956345414,,,230.94000244140625,246.4615913023732,246.08133341471355,250.81957000637857,289.5334379247238,2026-09-29,230.94000244140625,230.94000244140625,0.3656045736630854,0.3656045736630854,3423360.0,751,1.605143,0.0,3.187443,30.5696,20.0,7.1035,14.2039,2.8256,25.2974,1.623952,1.618355,5.552741,1.605143,7.088011,1.636456,Needs Further Review,4.691972111541302,241.77564295034983,241.77564295034983,Weighted Ensemble,Adaptive Momentum,Constrained dynamic ensemble excluding XGBoost,2026-07-03,2026-05-22,256.54998779296875,212.9567631058225,293.92281708602366,256.54998779296875,254.14533284505208,275.30247424172177,266.66203121167734,218.72440022480328,249.66344949561395,250.18563453880472,-2.480745880720894,2026-07-07,2026-05-26,261.8900146484375,229.7326848196722,261.50693044136347,258.3196054935757,-1.3633238974974826,naive,4.18522033691406,5.936213168244094,1.6051429271068829,2026-11-10,2026-09-29,230.94000244140625,205.91087343641917,283.88720104237154,230.94000244140625,246.08133341471355,246.46159130237317,289.5334379247238,250.81957000637857,230.84550826880889,241.77564295034983,4.691972111541302
IEX,IDEX Corporation,Industrials,Specialty Industrial Machinery,2010-01-04,2026-09-29,4106,230.42999267578125,2026-11-10,High,768.8146327259183,0.0641315439965059,19.15447619798096,27.609818322741063,-13.128332547993256,Low Risk,Near-Sector Volatility,3457500000.0,483200000.0,924200000.0,6.41,13.975415762834418,10.711451996826236,30.471720985868977,26.730296456977587,20.3635712366795,31.2652684850786,Above-Sector Profitability,238.9833845824841,3.711926475967749,Positive Forecast,Needs Further Review,Weighted Ensemble,Positive adaptive forecast with manageable risk and no weak fundamentals flag,217.8500061035156,0.0,217.8500061035156,198.26366729736327,223.59974852062405,138.8792675890826,230.42999267578125,217.7162,263.6619,2026-11-10,238.9833845824841,3.711926475967749,237.38015135777928,3.016169293455223,,,230.42999267578125,231.430303628876,227.6460006713868,254.7866074831174,247.16999325918067,2026-09-29,230.42999267578125,230.42999267578125,0.1915447619798096,0.1915447619798096,584406.6666666666,751,0.967524,0.0,1.6178978333333334,29.5015,20.0,8.628,13.8777,3.6102,24.3826,0.986951,0.967721,2.537734,0.967524,3.265995,0.981462,Needs Further Review,3.711926475967749,238.9833845824841,238.9833845824841,Weighted Ensemble,Adaptive Momentum,Constrained dynamic ensemble excluding XGBoost,2026-07-03,2026-05-22,208.77999877929688,180.4349783662732,226.67530570289208,208.77999877929688,209.35999959309896,208.94932874827083,208.575684219596,186.1473193884527,205.3278951253448,202.23786460667964,-3.133506183958256,2026-07-07,2026-05-26,211.1300048828125,202.72049752262976,211.8862639977143,209.19712403555977,-0.9154932044479442,naive,2.173333062065971,2.708500482477401,0.9675244827219196,2026-11-10,2026-09-29,230.42999267578125,219.70178537632424,259.9571870054279,230.42999267578125,227.64600067138676,231.430303628876,247.16999325918067,254.7866074831174,237.38015135777928,238.9833845824841,3.711926475967749
IR,Ingersoll Rand Inc.,Industrials,Specialty Industrial Machinery,2017-05-12,2026-09-29,2254,76.4800033569336,2026-11-10,High,309.00766287866503,0.0860328085227538,30.86811391662096,27.609818322741063,24.50227658958265,Low Risk,Near-Sector Volatility,7650900000.0,581400000.0,2060400000.0,1.46,7.599105987530878,10.711451996826236,-29.056247558384563,26.9301650786182,20.3635712366795,32.24676931966995,Below-Sector Profitability,81.5470893652885,6.625373674091935,Positive Forecast,Potential Opportunity,Weighted Ensemble,Negative adaptive forecast plus below-sector profitability,79.86000061035156,0.0,79.86000061035156,82.6150001525879,80.46382359095982,72.01444185944133,76.4800033569336,65.9721,86.534,2026-11-10,81.5470893652885,6.625373674091935,79.8160023677696,4.361923201371783,,,76.4800033569336,77.04625434545986,75.90166702270508,92.0075911755119,78.27388390504221,2026-09-29,76.4800033569336,76.4800033569336,0.3086811391662096,0.3086811391662096,4262230.0,751,1.48643,0.0,3.071216333333333,30.6008,20.0,6.6661,14.3796,3.1388,25.2147,1.535053,1.48903,6.071998,1.48643,6.300146,1.544641,Potential Opportunity,6.625373674091935,81.5470893652885,81.5470893652885,Weighted Ensemble,Adaptive Momentum,Constrained dynamic ensemble excluding XGBoost,2026-07-03,2026-05-22,70.91000366210938,57.00618566574494,79.68766681152363,70.91000366210938,78.24933319091797,71.48030828779224,82.93828265373257,58.16773052720252,65.97237640743525,67.39948018737041,-4.950674507741989,2026-07-07,2026-05-26,72.43000030517578,66.02557558492373,69.94679986776589,71.00174358125409,-1.971913182250297,naive,1.1674446953667534,1.5261027985019848,1.486429548256153,2026-11-10,2026-09-29,76.4800033569336,71.20859871396804,93.38658398070572,76.4800033569336,75.90166702270508,77.04625434545986,78.27388390504221,92.0075911755119,79.8160023677696,81.5470893652885,6.625373674091935
ITW,Illinois Tool Works Inc.,Industrials,Specialty Industrial Machinery,2010-01-04,2026-09-29,4106,267.07000732421875,2026-11-10,High,682.8143238042152,0.0606637774313433,20.34856778063489,27.609818322741063,-16.57151783112729,Low Risk,Near-Sector Volatility,16044000000.0,3066000000.0,4690000000.0,10.52,19.10994764397906,10.711451996826236,78.40669639971561,29.23211169284468,20.3635712366795,43.55100759630453,Above-Sector Profitability,265.80067961118755,-0.4752790198153022,Neutral Forecast,Stable Watchlist,Weighted Ensemble,Negative adaptive forecast but fundamentals are not clearly weak,259.6547166403841,0.6374585529659081,258.010009765625,264.9977015177409,260.65595100039525,251.372947688874,267.07000732421875,227.0393,269.714,2026-11-10,265.80067961118755,-0.4752790198153022,262.63077156911345,-1.6621992860906087,,,267.07000732421875,268.66739732274004,273.65000203450523,262.5321037502562,281.634882900587,2026-09-29,267.07000732421875,267.07000732421875,0.2034856778063489,0.2034856778063489,1181083.3333333333,751,0.997334,0.573034,1.9621316666666668,30.6153,20.0,6.7909,13.9622,3.2598,25.3718,0.999214,0.99994,3.8078,0.997774,3.970728,0.997334,Stable Watchlist,-0.4752790198153022,265.80067961118755,265.80067961118755,Weighted Ensemble,Adaptive Momentum,Constrained dynamic ensemble excluding XGBoost,2026-07-03,2026-05-22,252.1999969482422,225.9960009611835,277.7141851871783,252.1999969482422,259.94700012207034,253.43835418655416,269.86952366772067,244.67332021060903,248.37091513670288,250.5240412864519,-0.6645343703688591,2026-07-07,2026-05-26,250.4100036621093,245.436903106266,245.8020005677329,249.15453565069964,-0.501364958687421,recent_momentum_10d,2.7198971383700576,3.6263025423594106,0.9973344116586361,2026-11-10,2026-09-29,267.07000732421875,243.0773122622004,290.64827409956325,267.07000732421875,273.65000203450523,268.66739732274004,281.634882900587,262.5321037502562,262.63077156911345,265.80067961118755,-0.4752790198153022
J,Jacobs Solutions Inc.,Industrials,Engineering & Construction,2010-01-04,2026-09-29,4106,136.47999572753906,2026-11-10,High,340.6985848277772,0.0516925758278059,26.49581914504715,27.609818322741063,1.3185162086758206,Low Risk,Near-Sector Volatility,12029783000.0,313302000.0,947351000.0,2.39,2.60438613065589,10.711451996826236,-75.68596553083971,7.875046457612743,20.3635712366795,-61.327773178469,Below-Sector Profitability,128.6400019078639,-5.744427069976231,Negative Forecast,Weak Fundamentals / Negative Forecast,Weighted Ensemble,Classified,129.41000366210938,0.0,129.41000366210938,127.51299997965496,130.35180972871325,162.1902034959965,136.47999572753906,116.1295,150.5925,2026-11-10,128.6400019078639,-5.744427069976231,127.2556277445308,-6.758769249541355,,,136.47999572753906,137.606066761294,144.86866607666016,114.01996376023509,127.28989433670614,2026-09-29,136.47999572753906,136.47999572753906,0.2649581914504715,0.2649581914504715,805373.3333333334,751,1.336104,0.573034,3.2264201666666668,30.9926,20.0,7.433,14.5435,1.8182,25.2127,1.366771,1.336104,4.471036,1.337654,9.443163,1.403793,Weak Fundamentals / Negative Forecast,-5.744427069976231,128.6400019078639,128.6400019078639,Weighted Ensemble,Adaptive Momentum,Constrained dynamic ensemble excluding XGBoost,2026-07-03,2026-05-22,114.69000244140624,94.8560039549735,134.1168718808144,114.69000244140624,122.51200002034506,115.50921766611454,129.49027429537074,104.16385797689136,111.9283809151717,112.79091510203828,-1.6558438389938892,2026-07-07,2026-05-26,115.8499984741211,112.40972508318237,113.9338289066946,115.61521273352432,-0.2026635681391264,drift,1.7810406981929818,2.2138671898845237,1.3361036190422555,2026-11-10,2026-09-29,136.47999572753906,114.5089601189688,144.51489275304277,136.47999572753906,144.86866607666016,137.606066761294,127.28989433670614,114.01996376023509,127.2556277445308,128.6400019078639,-5.744427069976231
JBHT,"J.B. Hunt Transport Services, Inc.",Industrials,Integrated Freight & Logistics,2010-01-04,2026-09-29,4106,229.27999877929688,2026-11-10,High,794.0536157622911,0.0682239022601948,38.97382664555813,27.609818322741063,-0.7341376017443848,Medium Risk,Near-Sector Volatility,11999096000.0,598282000.0,1584103000.0,6.324687,4.9860589497742165,10.711451996826236,-53.4511385454412,13.201852872916426,20.3635712366795,-35.1692651574944,Below-Sector Profitability,205.6446996951625,-10.308487094369504,Negative Forecast,Weak Fundamentals / Negative Forecast,Weighted Ensemble,Positive adaptive forecast with manageable risk and no weak fundamentals flag,253.1626151453127,0.649074215377544,251.52999877929688,226.7336664835612,266.1193302699498,154.9357367150532,229.27999877929688,236.554,303.9112,2026-11-10,205.6446996951625,-10.308487094369504,199.6169737693692,-12.937467362114337,,,229.27999877929688,231.1363125239468,256.12400105794273,146.1953818254855,309.0388345613114,2026-09-29,229.27999877929688,229.27999877929688,0.3897382664555813,0.3897382664555813,1052746.6666666667,751,1.628814,0.0,3.5329455000000003,31.4312,20.0,8.3301,15.2531,2.358,22.6275,1.705457,1.630869,5.03033,1.628814,9.474411,1.727792,Weak Fundamentals / Negative Forecast,-10.308487094369504,205.6446996951625,205.6446996951625,Weighted Ensemble,Adaptive Momentum,Constrained dynamic ensemble excluding XGBoost,2026-07-03,2026-05-22,258.7699890136719,232.72745507841367,317.8366584416288,258.7699890136719,247.03099924723307,263.04912021379783,258.6748003810919,303.41146453765305,267.8357773438275,271.9730072079714,5.102221569287919,2026-07-07,2026-05-26,267.6300048828125,367.6548679670614,292.7036590450387,298.0658367662971,11.372354118818464,naive,4.380223931206598,6.537029476169879,1.6288137766552953,2026-11-10,2026-09-29,229.27999877929688,173.29304611932287,244.0360040967512,229.27999877929688,256.12400105794273,231.13631252394677,309.0388345613114,146.1953818254855,199.6169737693692,205.6446996951625,-10.308487094369504
JCI,Johnson Controls International plc,Industrials,Building Products & Equipment,2010-01-04,2026-09-29,4106,149.4199981689453,2026-11-10,High,1134.3172873121223,0.0745107720460254,32.88666352781627,27.609818322741063,-6.415013115457318,Low Risk,Near-Sector Volatility,23596000000.0,3291000000.0,3696000000.0,5.04,13.947279199864385,10.711451996826236,30.209043591820343,15.66367180878115,20.3635712366795,-23.07993707622731,Above-Sector Profitability,161.88206560703813,8.340294198104782,Positive Forecast,Potential Opportunity,Weighted Ensemble,Positive adaptive forecast with manageable risk and no weak fundamentals flag,147.01074787005146,0.6716079565520269,146.02999877929688,137.51666666666668,153.6788101196289,141.62250355848244,149.4199981689453,140.7001,175.1674,2026-11-10,161.88206560703813,8.340294198104782,159.53838924928633,6.771778345827853,,,149.4199981689453,155.8182978041011,143.60133260091146,188.47885742405816,157.88167777577468,2026-09-29,149.4199981689453,149.4199981689453,0.3288666352781627,0.3288666352781627,3163996.6666666665,751,1.554046,0.011236,2.1687198333333333,26.5523,20.0,11.3754,14.6658,5.0561,22.3504,1.635921,1.555199,2.704091,1.554046,3.925447,1.637615,Potential Opportunity,8.340294198104782,161.88206560703813,161.88206560703813,Weighted Ensemble,Adaptive Momentum,Constrained dynamic ensemble excluding XGBoost,2026-07-03,2026-05-22,138.36000061035156,121.13277894762253,157.4243028305578,138.36000061035156,141.07533365885416,142.86525075941577,146.2818319311535,134.9375368779444,135.32868019774986,138.09143085563835,-0.1941093911018087,2026-07-07,2026-05-26,140.22000122070312,135.6422425857561,140.41148643687004,140.53748365912767,0.2264173696053803,naive,2.233889600965712,2.9622058982580097,1.554045614450624,2026-11-10,2026-09-29,149.4199981689453,140.1111344741793,187.03583597084352,149.4199981689453,143.60133260091146,155.8182978041011,157.88167777577468,188.47885742405816,159.53838924928633,161.88206560703813,8.340294198104782
LHX,"L3Harris Technologies, Inc.",Industrials,Aerospace & Defense,2010-01-04,2026-09-29,4106,236.47000122070312,2026-11-10,High,843.2695849076428,0.067233495312666,30.311752365183857,27.609818322741063,-8.891965091953612,Low Risk,Near-Sector Volatility,21865000000.0,1606000000.0,3793000000.0,8.57,7.345072032929339,10.711451996826236,-31.427858378997943,17.3473587925909,20.3635712366795,-14.811804909031409,Below-Sector Profitability,225.38738573044017,-4.686689826638636,Negative Forecast,Needs Further Review,Weighted Ensemble,Negative adaptive forecast plus below-sector profitability,320.54998779296875,0.0,320.54998779296875,345.5933349609375,332.8173584710984,353.807961279992,236.47000122070312,266.6675,327.8245,2026-11-10,225.38738573044017,-4.686689826638636,222.52954363010767,-5.8952330184091455,,,236.47000122070312,239.5247825128955,254.64533437093093,200.9357891267924,284.88476177404925,2026-09-29,236.47000122070312,236.47000122070312,0.3031175236518386,0.3031175236518386,1672030.0,751,1.365394,0.0,4.5621185,31.3083,20.0,7.3881,14.5194,1.0074,25.7768,1.39505,1.375486,4.636986,1.365394,17.188228,1.411567,Needs Further Review,-4.686689826638636,225.38738573044017,225.38738573044017,Weighted Ensemble,Adaptive Momentum,Constrained dynamic ensemble excluding XGBoost,2026-07-03,2026-05-22,311.9800109863281,289.7898690098599,369.7181356712049,311.9800109863281,321.031000773112,318.5736729404736,367.691314703702,352.13374637470736,319.1772855385668,327.3233418299527,4.918049331146724,2026-07-07,2026-05-26,313.4700012207031,349.3445699960319,319.5541130800918,326.9677228297131,4.305905367801601,naive,3.9004458957248285,5.557277432009526,1.3653944941136256,2026-11-10,2026-09-29,236.47000122070312,197.2943973245658,257.4805688112513,236.47000122070312,254.64533437093095,239.5247825128955,284.88476177404925,200.9357891267924,222.52954363010772,225.38738573044017,-4.686689826638636
LMT,Lockheed Martin Corporation,Industrials,Aerospace & Defense,2010-01-04,2026-09-29,4106,512.2100219726562,2026-11-10,High,1013.0393497186798,0.0679319922755072,31.43785722531185,27.609818322741063,-22.13343924222628,Low Risk,Near-Sector Volatility,75048000000.0,5017000000.0,8727000000.0,21.56,6.685054898198486,10.711451996826236,-37.58964797509018,11.628557723057243,20.3635712366795,-42.89529283492514,Below-Sector Profitability,496.48660598336,-3.069720488627161,Negative Forecast,Needs Further Review,Weighted Ensemble,Negative adaptive forecast plus below-sector profitability,517.969970703125,0.0,517.969970703125,592.7059997558594,524.4872683570499,473.3126938545785,512.2100219726562,413.1915,501.3518,2026-11-10,496.48660598336,-3.069720488627161,488.77040389723095,-4.57617326290359,,,512.2100219726562,516.9008584455855,542.8456726074219,453.4053613330497,578.251220463954,2026-09-29,512.2100219726562,512.2100219726562,0.3143785722531185,0.3143785722531185,1148553.3333333333,751,1.428071,0.0,3.407915833333333,32.2979,20.0,8.2469,15.4404,2.0059,22.0089,1.488674,1.431632,4.533334,1.428071,10.006999,1.558785,Needs Further Review,-3.069720488627161,496.48660598336,496.48660598336,Weighted Ensemble,Adaptive Momentum,Constrained dynamic ensemble excluding XGBoost,2026-07-03,2026-05-22,533.239990234375,502.4060003991414,636.6760085892362,533.239990234375,538.1189982096354,536.7379639383082,625.0518160994802,622.195334096951,554.2777003623577,565.5703731856961,6.063007940779333,2026-07-07,2026-05-26,532.9000244140625,599.9803946555938,547.3485924242524,557.174191599956,4.555107163409038,naive,7.778662109374999,10.693874533566516,1.4280714467995956,2026-11-10,2026-09-29,512.2100219726562,432.45887769944017,569.9939638935875,512.2100219726562,542.8456726074219,516.9008584455855,578.251220463954,453.4053613330497,488.77040389723095,496.48660598336,-3.069720488627161
LUV,Southwest Airlines Co.,Industrials,Airlines,2010-01-04,2026-09-29,4106,42.08000183105469,2026-11-10,High,294.97214622889607,0.0569391854077265,36.81107731392949,27.609818322741063,24.516685179226,Medium Risk,Near-Sector Volatility,28063000000.0,442000000.0,2236000000.0,0.82,1.575027616434451,10.711451996826236,-85.29585328953418,7.967786765491929,20.3635712366795,-60.87235056717309,Below-Sector Profitability,45.24484079066022,7.521004804876001,Positive Forecast,Potential Opportunity,Weighted Ensemble,Negative adaptive forecast plus below-sector profitability,37.91999816894531,0.0,37.91999816894531,39.32766647338868,39.25329889569963,35.71540279262354,42.08000183105469,30.6669,43.2581,2026-11-10,45.24484079066022,7.521004804876001,43.995369918109496,4.551730046839691,,,42.08000183105469,42.82155277246802,40.2326665242513,51.73549435551412,47.36472159179065,2026-09-29,42.08000183105469,42.08000183105469,0.3681107731392949,0.3681107731392949,5537413.333333333,751,1.820934,0.0,4.147301,31.263,20.0,6.6055,14.7443,2.3934,24.9937,1.87025,1.822376,7.608321,1.820934,9.853726,1.908199,Potential Opportunity,7.521004804876001,45.24484079066022,45.24484079066022,Weighted Ensemble,Adaptive Momentum,Constrained dynamic ensemble excluding XGBoost,2026-07-03,2026-05-22,40.86000061035156,32.31057620883708,52.06130406603311,40.86000061035156,39.7053332010905,41.39559436302073,45.786304764656535,39.53919717254171,41.99631967179317,41.01378710332664,0.3763741817862624,2026-07-07,2026-05-26,42.27999877929688,49.9672671490642,45.82385340744418,45.324406279220895,7.2005855908746295,naive,0.8073332468668617,1.0245625697864624,1.8209336156490568,2026-11-10,2026-09-29,42.08000183105469,38.490874702459706,53.18392044858815,42.08000183105469,40.2326665242513,42.82155277246802,47.36472159179065,51.73549435551412,43.995369918109496,45.24484079066022,7.521004804876001
MAS,Masco Corporation,Industrials,Building Products & Equipment,2010-01-04,2026-09-29,4106,68.37000274658203,2026-11-10,High,651.8429798683179,0.0702526335500468,36.72411215399542,27.609818322741063,18.10887117718515,Medium Risk,Near-Sector Volatility,7562000000.0,810000000.0,1389000000.0,3.964758,10.711451996826236,10.711451996826236,0.0,18.36815657233536,20.3635712366795,-9.798942637084874,Above-Sector Profitability,67.88930520722782,-0.7030825216373733,Neutral Forecast,Stable Watchlist,Weighted Ensemble,Positive adaptive forecast with manageable risk and no weak fundamentals flag,71.81999969482422,0.0,71.81999969482422,64.59166641235352,73.30582700456891,60.56731520385101,68.37000274658203,67.2777,89.7727,2026-11-10,67.88930520722782,-0.7030825216373733,66.33499590836549,-2.9764615422928014,,,68.37000274658203,69.09194161630883,70.55233306884766,66.86256390727343,75.20543147332114,2026-09-29,68.37000274658203,68.37000274658203,0.3672411215399542,0.3672411215399542,2169040.0,751,1.637043,0.0,2.988280666666667,30.6046,20.0,7.8639,14.1035,2.8715,24.5565,1.669912,1.637302,4.541187,1.637043,6.727854,1.716386,Stable Watchlist,-0.7030825216373733,67.88930520722782,67.88930520722782,Weighted Ensemble,Adaptive Momentum,Constrained dynamic ensemble excluding XGBoost,2026-07-03,2026-05-22,67.26000213623047,53.71313938515908,75.83562517080739,67.26000213623047,68.982000096639,68.00030195008875,67.24514814810992,55.42981496830095,64.3591572326658,63.822954375054245,-5.110091662225527,2026-07-07,2026-05-26,68.9000015258789,64.06892660752285,68.4684904972,67.75349648687735,-1.6640130821636123,naive,1.212111070421007,1.726438539301183,1.6370429258357797,2026-11-10,2026-09-29,68.37000274658203,57.777128322679445,79.77131947056222,68.37000274658203,70.55233306884766,69.09194161630883,75.20543147332114,66.86256390727343,66.33499590836549,67.88930520722782,-0.7030825216373733
MMM,3M Company,Industrials,Conglomerates,2010-01-04,2026-09-29,4106,168.49000549316406,2026-11-10,High,242.4917186647462,0.0411987143916766,22.90232570360195,27.609818322741063,-13.763619349957445,Low Risk,Near-Sector Volatility,24948000000.0,3250000000.0,6467000000.0,6.05,13.027096360429692,10.711451996826236,21.61839836736956,25.921917588584257,20.3635712366795,27.29553813180316,Above-Sector Profitability,173.0285106517457,2.6936346433710443,Positive Forecast,Needs Further Review,Weighted Ensemble,Classified,146.52000427246094,0.0,146.52000427246094,146.9626673380534,147.78713952927362,179.28261883479485,168.49000549316406,131.4436,160.026,2026-11-10,173.0285106517457,2.6936346433710443,169.61686280075716,0.6687977155053374,,,168.49000549316406,173.99398871956927,170.5730005900065,180.4899961922341,165.06298718006795,2026-09-29,168.49000549316406,168.49000549316406,0.2290232570360195,0.2290232570360195,2826443.333333333,751,1.061473,0.52809,2.3731501666666666,31.0891,20.0,6.3261,14.4514,2.7251,25.4083,1.065517,1.061473,4.718251,1.063674,5.249862,1.080124,Needs Further Review,2.6936346433710443,173.0285106517457,173.0285106517457,Weighted Ensemble,Adaptive Momentum,Constrained dynamic ensemble excluding XGBoost,2026-07-03,2026-05-22,152.44000244140625,142.8558104054126,186.6488899497403,152.44000244140625,147.3836669921875,156.09304302267213,156.77595795209217,183.54738489397835,161.65730990192827,163.29077878141442,7.11806360943802,2026-07-07,2026-05-26,154.02999877929688,191.1256963735691,162.18796181170947,165.95517001618413,7.742109544501346,drift,1.7716639101454477,2.3985843538650817,1.0614730492640423,2026-11-10,2026-09-29,168.49000549316406,156.47145483481324,191.33755437992,168.49000549316406,170.5730005900065,173.99398871956927,165.06298718006795,180.4899961922341,169.61686280075716,173.0285106517457,2.6936346433710443
NOC,Northrop Grumman Corporation,Industrials,Aerospace & Defense,2010-01-04,2026-09-29,4106,504.6099853515625,2026-11-10,High,1470.9083628860035,0.0780122657871038,27.198492743281662,27.609818322741063,-15.162859526440052,Low Risk,Near-Sector Volatility,41954000000.0,4182000000.0,7205000000.0,29.14,9.968060256471372,10.711451996826236,-6.9401584451400895,17.173571054011536,20.3635712366795,-15.665229568976768,Below-Sector Profitability,482.1445825591207,-4.452032945164596,Negative Forecast,Needs Further Review,Weighted Ensemble,Negative adaptive forecast plus below-sector profitability,579.47998046875,0.0,579.47998046875,658.0133321126302,591.9805217924572,670.7709127075475,504.6099853515625,461.9829,570.4975,2026-11-10,482.1445825591207,-4.452032945164596,481.2730412899045,-4.624748764216216,,,504.6099853515625,507.2809325391237,531.756669108073,432.4406700639111,536.8639518546764,2026-09-29,504.6099853515625,504.6099853515625,0.2719849274328166,0.2719849274328166,779856.6666666666,751,1.295875,0.0,3.7358353333333336,30.8441,20.0,7.8846,14.5077,1.3151,25.4486,1.322574,1.298049,4.003327,1.295875,13.143333,1.351854,Needs Further Review,-4.452032945164596,482.1445825591207,482.1445825591207,Weighted Ensemble,Adaptive Momentum,Constrained dynamic ensemble excluding XGBoost,2026-07-03,2026-05-22,555.5800170898438,498.263788332987,641.9194273909574,555.5800170898438,585.7333353678385,560.6201421757419,696.1568250375276,574.1639364681218,556.5801493309451,565.5485882719187,1.794263809971209,2026-07-07,2026-05-26,556.7999877929688,583.3859373421436,557.9542934641272,568.5741776338309,2.1146174746756787,naive,6.970444742838541,9.211235628293917,1.2958749976292958,2026-11-10,2026-09-29,504.6099853515625,427.8588169205124,543.3180042058027,504.6099853515625,531.756669108073,507.2809325391237,536.8639518546764,432.4406700639111,481.2730412899045,482.1445825591207,-4.452032945164596
NSC,Norfolk Southern Corporation,Industrials,Railroads,2010-01-04,2026-09-29,4106,313.0,2026-11-10,High,771.346463020816,0.0669788902253851,22.32226304509885,27.609818322741063,-2.9259857720044136,Low Risk,Near-Sector Volatility,12180000000.0,2873000000.0,5959000000.0,12.76,23.58784893267652,10.711451996826236,120.21149830728376,48.92446633825944,20.3635712366795,140.25484415098646,Above-Sector Profitability,308.61441037644335,-1.4011468445867905,Neutral Forecast,Stable Watchlist,Weighted Ensemble,Positive adaptive forecast with manageable risk and no weak fundamentals flag,317.8732298317838,0.646944035205053,315.8299865722656,296.4313323974609,327.36952027820405,329.5805776703562,313.0,302.264,355.0935,2026-11-10,308.61441037644335,-1.4011468445867905,303.09576170026264,-3.164293386497558,,,313.0,319.21211075475685,329.1353312174479,292.3021337643075,338.53973709924304,2026-09-29,313.0,313.0,0.2232226304509885,0.2232226304509885,1108193.3333333333,751,0.990709,0.539326,1.862403,31.539,20.0,7.5076,14.9274,3.6142,22.4118,1.018461,0.990709,3.426367,0.992379,3.692303,1.054199,Stable Watchlist,-1.4011468445867905,308.61441037644335,308.61441037644335,Weighted Ensemble,Adaptive Momentum,Constrained dynamic ensemble excluding XGBoost,2026-07-03,2026-05-22,314.5299987792969,287.0043086987561,350.81154238518826,314.5299987792969,311.228667195638,319.39948598134754,319.4963642928212,322.2127427772187,314.5809556242428,317.3080903566837,0.8832517051374109,2026-07-07,2026-05-26,320.2200012207031,349.18209650544105,326.1430241143144,329.4110413052648,2.870226734596443,drift,3.223489318518547,4.570832525589878,0.9907092709766886,2026-11-10,2026-09-29,313.0,279.795051621267,340.40221133332017,313.0,329.1353312174479,319.21211075475685,338.53973709924304,292.3021337643075,303.09576170026264,308.61441037644335,-1.4011468445867905
ODFL,"Old Dominion Freight Line, Inc.",Industrials,Trucking,2010-01-04,2026-09-29,4106,177.4600067138672,2026-11-10,High,4999.1422414168055,0.1154258983600004,33.11821220136099,27.609818322741063,13.869491237688724,Low Risk,Near-Sector Volatility,5496389000.0,1023703000.0,1726295000.0,4.86,18.625009983827564,10.711451996826236,73.87941419469635,31.40780246812953,20.3635712366795,54.235237538083766,Above-Sector Profitability,174.38273554521882,-1.7340646073625443,Neutral Forecast,Stable Watchlist,Weighted Ensemble,Classified,213.9520194579855,0.7164839404420756,212.42999267578125,204.7593327840169,220.027465457008,110.56140273575475,177.4600067138672,180.23,249.4356,2026-11-10,174.38273554521882,-1.7340646073625443,171.5739472593096,-3.3168371643579144,,,177.4600067138672,176.5571553671445,187.1923334757487,167.36096193400914,238.0919258691964,2026-09-29,177.4600067138672,177.4600067138672,0.3311821220136099,0.3311821220136099,1735770.0,751,1.573853,0.0,4.336647999999999,31.5438,20.0,6.661,14.5574,1.5021,25.7356,1.608271,1.575698,6.525579,1.573853,13.099432,1.637055,Stable Watchlist,-1.7340646073625443,174.38273554521882,174.38273554521882,Weighted Ensemble,Adaptive Momentum,Constrained dynamic ensemble excluding XGBoost,2026-07-03,2026-05-22,210.47000122070312,183.205176044916,271.79856286139085,210.47000122070312,207.80633290608725,213.29643556351945,204.360611286938,251.53334520668955,219.5432763619863,223.14771690021,6.023526206099452,2026-07-07,2026-05-26,216.6100006103516,296.3525612454818,235.84053586829413,240.84227992629857,11.187054728621325,naive,3.393444146050347,4.574210102620207,1.5738528342136473,2026-11-10,2026-09-29,177.4600067138672,150.77722848833423,201.68389325836773,177.4600067138672,187.1923334757487,176.5571553671445,238.0919258691964,167.36096193400914,171.5739472593096,174.38273554521882,-1.7340646073625443
OTIS,Otis Worldwide Corporation,Industrials,Specialty Industrial Machinery,2020-03-19,2026-09-29,1537,65.62999725341797,2026-11-10,High,88.27369115321495,0.0540193812930827,22.60665248533228,27.609818322741063,-8.014272606462555,Low Risk,Near-Sector Volatility,14431000000.0,1384000000.0,2480000000.0,3.52,9.590464971242463,10.711451996826236,-10.46531344131417,17.18522624904719,20.3635712366795,-15.60799405316184,Below-Sector Profitability,63.02677166767789,-3.966517895297493,Negative Forecast,Needs Further Review,Weighted Ensemble,Negative adaptive forecast plus below-sector profitability,77.87999725341797,0.0,77.87999725341797,78.84433339436849,76.05917867024739,83.85536801302226,65.62999725341797,68.809,82.9248,2026-11-10,63.02677166767789,-3.966517895297493,61.91937015021568,-5.6538583856318,,,65.62999725341797,65.12860804849471,69.63866628011068,57.721529417541134,63.87780885641495,2026-09-29,65.62999725341797,65.62999725341797,0.2260665248533228,0.2260665248533228,4168583.3333333335,751,1.166842,0.550562,1.847792833333333,29.9999,20.0,9.5708,14.5738,4.4077,21.4478,1.217425,1.166842,2.709126,1.167715,3.587899,1.23775,Needs Further Review,-3.966517895297493,63.02677166767789,63.02677166767789,Weighted Ensemble,Adaptive Momentum,Constrained dynamic ensemble excluding XGBoost,2026-07-03,2026-05-22,72.7699966430664,63.65987613878906,79.57240929389896,72.7699966430664,76.39199956258138,72.41570743141058,77.39715234338128,66.95088362881947,70.81361918864812,71.17281587596935,-2.1948341909800524,2026-07-07,2026-05-26,72.7300033569336,69.04929858139977,71.36613816981925,71.78623729463601,-1.2976296146528523,drift,0.8307976830548864,1.010884788563907,1.1668422606523519,2026-11-10,2026-09-29,65.62999725341797,57.06981478642192,69.60551671169455,65.62999725341797,69.63866628011068,65.12860804849471,63.87780885641495,57.721529417541134,61.91937015021568,63.02677166767789,-3.966517895297493
PCAR,PACCAR Inc,Industrials,Farm & Heavy Construction Machinery,2010-01-04,2026-09-29,4106,111.8000030517578,2026-11-10,High,749.8818721891812,0.0662355974600425,27.517225575816063,27.609818322741063,-3.404005137557796,Low Risk,Near-Sector Volatility,28444800000.0,2375800000.0,3789100000.0,4.52,8.352317471031611,10.711451996826236,-22.02441393093698,13.320888176397794,20.3635712366795,-34.58471492267626,Below-Sector Profitability,104.04014764368574,-6.940836490388675,Negative Forecast,Weak Fundamentals / Negative Forecast,Weighted Ensemble,Negative adaptive forecast plus below-sector profitability,118.8000030517578,0.0,118.8000030517578,120.73100026448569,122.4628581092471,95.78255012998306,111.8000030517578,102.6822,124.6897,2026-11-10,104.04014764368574,-6.940836490388675,103.23910746160595,-7.657330372512225,,,111.8000030517578,113.04512792924044,121.54799982706706,85.07158141168168,132.10167994321228,2026-09-29,111.8000030517578,111.8000030517578,0.2751722557581606,0.2751722557581606,3106190.0,751,1.298396,0.0,2.6493436666666668,30.948,20.0,6.8327,14.363,3.0195,24.8369,1.31489,1.305223,5.025026,1.298396,5.618941,1.333586,Weak Fundamentals / Negative Forecast,-6.940836490388675,104.04014764368574,104.04014764368574,Weighted Ensemble,Adaptive Momentum,Constrained dynamic ensemble excluding XGBoost,2026-07-03,2026-05-22,109.3499984741211,93.51775618073448,118.70475684839464,109.3499984741211,118.17366638183594,111.22600467045687,128.2218793150766,95.7243616381079,103.3080758487417,105.36129511562363,-3.6476482982680767,2026-07-07,2026-05-26,112.01000213623048,109.20768010412448,109.02935590960014,111.51861857268273,-0.4386961469299134,naive,1.5926671346028665,2.112654994978753,1.298396255284913,2026-11-10,2026-09-29,111.8000030517578,92.19687951020276,117.40475794001333,111.8000030517578,121.54799982706706,113.04512792924044,132.10167994321228,85.07158141168168,103.23910746160595,104.04014764368574,-6.940836490388675
PH,Parker-Hannifin Corporation,Industrials,Specialty Industrial Machinery,2010-01-04,2026-09-29,4106,970.3699951171876,2026-11-10,High,2090.626394991089,0.0932064202066373,25.95270104240691,27.609818322741063,9.01012048852989,Low Risk,Near-Sector Volatility,19850000000.0,3531000000.0,5423000000.0,27.52,17.788413098236777,10.711451996826236,66.06911092452657,27.319899244332497,20.3635712366795,34.160648575840376,Above-Sector Profitability,1025.1836583203944,5.64873846873091,Positive Forecast,Potential Opportunity,Weighted Ensemble,Negative adaptive forecast but fundamentals are not clearly weak,915.7627782600952,0.6974550228863323,909.4199829101562,940.9963297526042,946.5870070684524,924.7074030465304,970.3699951171876,776.8529,955.3519,2026-11-10,1025.1836583203944,5.64873846873091,996.00437690865,2.641712122226802,,,970.3699951171876,1006.898280155383,972.3343322753906,1120.2739533636466,1029.8843875290097,2026-09-29,970.3699951171876,970.3699951171876,0.2595270104240691,0.2595270104240691,613793.3333333334,751,1.231284,0.561798,2.5386133333333336,30.5588,20.0,6.9912,14.2629,3.0053,25.1818,1.268106,1.231284,4.64659,1.242571,5.557288,1.285841,Potential Opportunity,5.64873846873091,1025.1836583203944,1025.1836583203944,Weighted Ensemble,Adaptive Momentum,Constrained dynamic ensemble excluding XGBoost,2026-07-03,2026-05-22,866.9600219726562,765.1808690788102,978.4187766336008,866.9600219726562,917.460996500651,901.151938861147,1029.928837472498,832.3033430084007,843.0999512310204,865.2556442043733,-0.1965924293031235,2026-07-07,2026-05-26,868.030029296875,849.3137919735581,849.2110456240383,871.3352600197295,0.380773776401701,drift,11.798459722089865,15.75613659631364,1.2312835282577408,2026-11-10,2026-09-29,970.3699951171876,914.7470534969956,1148.9531770223286,970.3699951171876,972.3343322753906,1006.898280155383,1029.8843875290097,1120.2739533636466,996.00437690865,1025.1836583203944,5.64873846873091
PNR,Pentair plc,Industrials,Specialty Industrial Machinery,2010-01-04,2026-09-29,4106,53.470001220703125,2026-11-10,High,381.7218877633672,0.0545716706422418,38.37701813015126,27.609818322741063,3.615924054782712,Medium Risk,Near-Sector Volatility,4176000000.0,653800000.0,1043300000.0,3.99,15.656130268199234,10.711451996826236,46.16253961496619,24.98323754789272,20.3635712366795,22.68593390383378,Above-Sector Profitability,50.13984132592133,-6.228090179082306,Negative Forecast,Weak Fundamentals / Negative Forecast,Weighted Ensemble,Negative adaptive forecast but fundamentals are not clearly weak,80.70999908447266,0.0,80.70999908447266,87.72180608113607,79.67928968157086,116.91527510288624,53.470001220703125,62.5652,81.9407,2026-11-10,50.13984132592133,-6.228090179082306,49.1526350005161,-8.074370902605065,,,53.470001220703125,53.10155584658307,58.69066645304362,45.12860453948986,49.944007031989074,2026-09-29,53.470001220703125,53.470001220703125,0.3837701813015126,0.3837701813015126,3458436.6666666665,751,1.536309,0.539326,3.881998333333333,31.3501,20.0,6.229,14.5933,1.9322,25.8954,1.581132,1.536309,7.155874,1.53746,9.888411,1.592804,Weak Fundamentals / Negative Forecast,-6.228090179082306,50.13984132592133,50.13984132592133,Weighted Ensemble,Adaptive Momentum,Constrained dynamic ensemble excluding XGBoost,2026-07-03,2026-05-22,74.81999969482422,62.4598060838819,85.91562654739153,74.81999969482422,81.66466623942057,75.59801070426319,87.14910601010756,69.12703110806822,71.61385696625416,73.25485221966727,-2.0918838299129523,2026-07-07,2026-05-26,73.54000091552734,67.07664378687383,68.99390297102886,71.39126885340053,-2.92185482101772,drift,1.0188057544701725,1.6608671655393066,1.5363087185155346,2026-11-10,2026-09-29,53.470001220703125,42.362822495337305,59.34457479704695,53.470001220703125,58.69066645304362,53.10155584658307,49.944007031989074,45.12860453948986,49.1526350005161,50.13984132592133,-6.228090179082306
PWR,"Quanta Services, Inc.",Industrials,Engineering & Construction,2010-01-04,2026-09-29,4106,651.7899780273438,2026-11-10,Moderate,3393.8442460103984,0.1088142514679735,48.1367946805335,27.609818322741063,20.501778524696988,Medium Risk,Near-Sector Volatility,28479697000.0,1028378000.0,2592486000.0,6.91,3.6109162256887775,10.711451996826236,-66.28919938437218,9.102926902628212,20.3635712366795,-55.297983851517486,Below-Sector Profitability,700.2743380304528,7.438647668355991,Positive Forecast,Potential Opportunity,Weighted Ensemble,Positive adaptive forecast with manageable risk and no weak fundamentals flag,732.936450382098,0.70989882960219,727.77001953125,589.4427347819011,779.6356608072916,541.8519248265507,651.7899780273438,768.0981,1051.4495,2026-11-10,700.2743380304528,7.438647668355991,687.0768629106902,5.413842813315878,,,651.7899780273438,686.7338002407472,632.1026692708333,782.178108433624,763.6878106557256,2026-09-29,651.7899780273438,651.7899780273438,0.481367946805335,0.481367946805335,960953.3333333334,751,2.184113,0.0,3.9773405,27.4897,20.0,10.8546,15.2313,2.8231,23.6013,2.30234,2.194285,4.3523,2.184113,10.532876,2.298129,Potential Opportunity,7.438647668355991,700.2743380304528,700.2743380304528,Weighted Ensemble,Adaptive Momentum,Constrained dynamic ensemble excluding XGBoost,2026-07-03,2026-05-22,723.4400024414062,589.5612719185503,860.2683046853681,723.4400024414062,689.6473368326823,767.0836690300436,670.2136146185748,662.4319317735819,716.352131937526,712.166326009255,-1.5583429716501331,2026-07-07,2026-05-26,742.1799926757812,635.9897110096075,758.4223633911716,726.7921726911859,-2.073327243586512,naive,14.509776475694444,19.649632279489804,2.1841133950868317,2026-11-10,2026-09-29,651.7899780273438,566.8327317868465,865.130259782518,651.7899780273438,632.1026692708333,686.7338002407472,763.6878106557256,782.178108433624,687.0768629106902,700.2743380304528,7.438647668355991
RHI,Robert Half Inc.,Industrials,Staffing & Employment Services,2010-01-04,2026-09-29,4106,36.880001068115234,2026-11-10,Moderate,45.12733447225972,0.0297095221557835,59.06164721326355,27.609818322741063,17.205130499133737,High Risk,Near-Sector Volatility,5378506000.0,132990000.0,158087000.0,1.33,2.472619720048653,10.711451996826236,-76.91611071233591,2.939236286061594,20.3635712366795,-85.56620421879956,Below-Sector Profitability,35.38434607607385,-4.055463526909881,Negative Forecast,Needs Further Review,Weighted Ensemble,Classified,26.61000061035156,0.0,26.61000061035156,25.723666763305665,24.892921356927776,3.043492820919255,36.880001068115234,20.2546,35.0479,2026-11-10,35.38434607607385,-4.055463526909881,34.7888212319651,-5.670227157227691,,,36.880001068115234,35.90558654585014,40.59900016784668,32.92815549132367,38.41278097537819,2026-09-29,36.880001068115234,36.880001068115234,0.5906164721326355,0.5906164721326355,1948296.6666666667,751,2.554053,0.0,7.349766333333334,30.1835,20.0,7.3561,16.3824,1.5937,24.4843,2.725862,2.560049,9.898227,2.554053,23.589104,2.771303,Needs Further Review,-4.055463526909881,35.38434607607385,35.38434607607385,Weighted Ensemble,Adaptive Momentum,Constrained dynamic ensemble excluding XGBoost,2026-07-03,2026-05-22,27.309999465942383,20.18912764122523,37.240596260384095,27.309999465942383,26.66633345286052,26.32596899811113,19.05529131134657,28.16751902969863,28.512810551072068,27.41997723077518,0.4027014536193937,2026-07-07,2026-05-26,27.0,28.42838943363457,27.898635438551658,27.1857275794732,0.6878799239748085,naive,0.9256666395399307,1.345053955736202,2.5540534069803495,2026-11-10,2026-09-29,36.880001068115234,27.29986263590362,45.86293945613913,36.880001068115234,40.59900016784668,35.90558654585014,38.41278097537819,32.92815549132367,34.7888212319651,35.38434607607385,-4.055463526909881
ROK,"Rockwell Automation, Inc.",Industrials,Specialty Industrial Machinery,2010-01-04,2026-09-29,4106,431.5299987792969,2026-11-10,High,1092.1393075106353,0.0788498464607572,30.0591524856351,27.609818322741063,10.332662058571652,Low Risk,Near-Sector Volatility,8342000000.0,869000000.0,1618000000.0,7.728951,10.417166147206904,10.711451996826236,-2.747394561507884,19.39582833852793,20.3635712366795,-4.75232407372849,Below-Sector Profitability,447.84339912497336,3.780362985614788,Positive Forecast,Needs Further Review,Weighted Ensemble,Positive adaptive forecast with manageable risk and no weak fundamentals flag,408.9100036621094,0.0,408.9100036621094,384.7590006510417,428.5527917771112,449.1020014997664,431.5299987792969,375.2904,474.5699,2026-11-10,447.84339912497336,3.780362985614788,440.7443837445248,2.135282597106428,,,431.5299987792969,438.8152944760247,427.1929992675781,478.2288843166028,472.0948646294887,2026-09-29,431.5299987792969,431.5299987792969,0.300591524856351,0.300591524856351,674620.0,751,1.440123,0.539326,2.567415833333333,30.0803,20.0,8.8138,14.0461,2.7674,24.2924,1.491693,1.440123,3.450407,1.443798,6.075022,1.503452,Needs Further Review,3.780362985614788,447.84339912497336,447.84339912497336,Weighted Ensemble,Adaptive Momentum,Constrained dynamic ensemble excluding XGBoost,2026-07-03,2026-05-22,452.2900085449219,385.85484076839,532.9672922884007,452.2900085449219,425.0683339436849,461.1272119214884,435.100266195529,447.5237518313283,463.3487384274006,453.4842992879696,0.2640541954242928,2026-07-07,2026-05-26,456.2999877929687,455.2216422393828,477.26111609193634,460.9427490446338,1.0174800297762872,drift,6.516803302941106,8.635860991711573,1.4401230686689568,2026-11-10,2026-09-29,431.5299987792969,392.45793817669824,511.0451098826021,431.5299987792969,427.1929992675781,438.8152944760247,472.0948646294887,478.2288843166028,440.7443837445248,447.84339912497336,3.780362985614788
RSG,"Republic Services, Inc.",Industrials,Waste Management,2010-01-04,2026-09-29,4106,211.9199981689453,2026-11-10,High,929.773702676041,0.063968233567361,20.23381628229746,27.609818322741063,-31.537108311949087,Low Risk,Below-Sector Volatility,16591000000.0,2139000000.0,5116000000.0,6.86,12.892532095714545,10.711451996826236,20.36213297258442,30.835995419203183,20.3635712366795,51.42724751373877,Above-Sector Profitability,204.53596595656643,-3.4843489411944213,Negative Forecast,Needs Further Review,Weighted Ensemble,Classified,210.60053410222267,0.6598474684374169,209.22000122070312,213.9597615559896,204.95921688988096,224.6793400170321,211.9199981689453,191.4685,219.9578,2026-11-10,204.53596595656643,-3.4843489411944213,203.408970197207,-4.016151399243226,,,211.9199981689453,215.3923887738944,219.4843338012696,181.77725299626127,214.37631211359744,2026-09-29,211.9199981689453,211.9199981689453,0.2023381628229746,0.2023381628229746,1588850.0,751,0.998705,0.0,1.600403,30.327,20.0,9.8817,14.5679,4.1663,21.0571,1.040346,1.00726,2.220573,0.998705,3.25527,1.080264,Needs Further Review,-3.4843489411944213,204.53596595656643,204.53596595656643,Weighted Ensemble,Adaptive Momentum,Constrained dynamic ensemble excluding XGBoost,2026-07-03,2026-05-22,208.92999267578125,199.06350629044945,237.5231928174969,208.92999267578125,207.5266657511393,212.1320297670308,200.2719787341101,238.11286443688988,213.0090456063616,217.44470466661969,4.075389981969503,2026-07-07,2026-05-26,207.0500030517578,237.7296188329351,208.33352242816824,215.2358117628584,3.953541941776381,naive,2.14710964626736,2.7237618567440305,0.9987049660600018,2026-11-10,2026-09-29,211.9199981689453,187.14442540505087,223.5437218033031,211.9199981689453,219.48433380126957,215.3923887738944,214.37631211359744,181.77725299626127,203.408970197207,204.53596595656643,-3.4843489411944213
RTX,RTX Corporation,Industrials,Aerospace & Defense,2010-01-04,2026-09-29,4106,186.94000244140625,2026-11-10,High,471.6044492459623,0.0549071205259928,26.42131109926895,27.609818322741063,-9.441676565502863,Low Risk,Near-Sector Volatility,88603000000.0,6732000000.0,14946000000.0,5.02,7.597936864440256,10.711451996826236,-29.06716226062072,16.86850332381522,20.3635712366795,-17.163334821000635,Below-Sector Profitability,180.6842699571912,-3.346385151661589,Negative Forecast,Needs Further Review,Weighted Ensemble,Negative adaptive forecast plus below-sector profitability,177.13164364609156,0.6029626158405805,176.07000732421875,191.70133361816409,182.3113397870745,208.2549744091464,186.94000244140625,147.3544,177.6442,2026-11-10,180.6842699571912,-3.346385151661589,176.96213474266955,-5.337470615399251,,,186.94000244140625,194.28398843553657,201.24700012207032,163.4438903222375,209.07175083821235,2026-09-29,186.94000244140625,186.94000244140625,0.2642131109926895,0.2642131109926895,4104103.3333333335,751,1.185791,0.52809,2.8528276666666668,31.5089,20.0,6.203,14.4643,2.3438,25.48,1.210342,1.185791,5.50553,1.18586,6.790791,1.238652,Needs Further Review,-3.346385151661589,180.6842699571912,180.6842699571912,Weighted Ensemble,Adaptive Momentum,Constrained dynamic ensemble excluding XGBoost,2026-07-03,2026-05-22,177.00999450683594,160.82536608803596,202.1471115149376,177.00999450683594,180.67833251953124,181.53008260681028,210.45360895274905,179.7989292788703,179.25307454792477,180.3063593249801,1.862247850652828,2026-07-07,2026-05-26,178.97000122070312,180.0543625391022,181.0034120955769,181.59508542886857,1.4667733085212602,drift,2.3341437451636082,3.261671373825252,1.1857909098181045,2026-11-10,2026-09-29,186.94000244140625,160.8888289045965,202.9153026486505,186.94000244140625,201.24700012207032,194.28398843553657,209.07175083821235,163.4438903222375,176.96213474266955,180.6842699571912,-3.346385151661589
SNA,Snap-on Incorporated,Industrials,Tools & Accessories,2010-01-04,2026-09-29,4106,367.0799865722656,2026-11-10,High,1185.3788392482377,0.0754272581228534,17.74810257355384,27.609818322741063,-6.550573184751501,Low Risk,Near-Sector Volatility,5156100000.0,1016900000.0,1488500000.0,19.52,19.72227070848121,10.711451996826236,84.12322357720365,28.868718605147304,20.3635712366795,41.76648226195249,Above-Sector Profitability,361.3530289307467,-1.5601388937044358,Neutral Forecast,Stable Watchlist,Weighted Ensemble,Classified,385.9839564705592,0.6739599935341828,383.3999938964844,372.734662882487,393.15198407854353,334.28978251059124,367.0799865722656,364.7455,426.4659,2026-11-10,361.3530289307467,-1.5601388937044358,356.1575119166812,-2.975502630251452,,,367.0799865722656,372.6590449440918,380.8579986572266,344.80577747299526,409.7037123132602,2026-09-29,367.0799865722656,367.0799865722656,0.1774810257355384,0.1774810257355384,281360.0,751,0.875385,0.617978,1.7872165000000002,31.0887,20.0,6.6682,13.7829,3.0408,25.4194,0.875385,0.888246,3.433914,0.884192,3.754291,0.887271,Stable Watchlist,-1.5601388937044358,361.3530289307467,361.3530289307467,Weighted Ensemble,Adaptive Momentum,Constrained dynamic ensemble excluding XGBoost,2026-07-03,2026-05-22,366.6499938964844,328.9015924402932,399.5182777450842,366.6499938964844,374.3649983723959,371.7998328892796,391.4661174856083,345.4553491253213,361.39165003805255,362.494410659477,-1.1333924195238363,2026-07-07,2026-05-26,372.1000061035156,377.0637405128852,375.4921842278863,376.2895845337905,1.1259280735161583,adaptive_blended_momentum,3.449739584796942,4.510887943356545,0.8753846759540564,2026-11-10,2026-09-29,367.0799865722656,334.25661625493564,390.6460042000648,367.0799865722656,380.8579986572266,372.6590449440918,409.7037123132602,344.80577747299526,356.1575119166812,361.3530289307467,-1.5601388937044358
SWK,"Stanley Black & Decker, Inc.",Industrials,Tools & Accessories,2010-01-04,2026-09-29,4106,88.79000091552734,2026-11-10,High,123.93946898963937,0.041442063413367,35.00524618225925,27.609818322741063,19.84329223343173,Medium Risk,Near-Sector Volatility,15130400000.0,401900000.0,1725500000.0,2.66,2.656241738486756,10.711451996826236,-75.20185181921377,11.40419288320203,20.3635712366795,-43.99708798297402,Below-Sector Profitability,88.90210020818414,0.1262521584648278,Neutral Forecast,Stable Watchlist,Weighted Ensemble,Positive adaptive forecast with manageable risk and no weak fundamentals flag,78.16000366210938,0.0,78.16000366210938,72.12666676839193,80.50570188249861,61.93045668782276,88.79000091552734,74.7997,100.4413,2026-11-10,88.90210020818414,0.1262521584648278,86.06548428275985,-3.068494880813808,,,88.79000091552734,89.12907030945024,93.77700068155924,89.42298999698794,97.1235362267324,2026-09-29,88.79000091552734,88.79000091552734,0.3500524618225925,0.3500524618225925,1634393.3333333333,751,1.671633,0.0,3.308029666666666,28.9886,20.0,7.9532,15.8653,3.4456,23.7473,1.765234,1.674656,5.668489,1.671633,7.253885,1.814281,Stable Watchlist,0.1262521584648278,88.90210020818414,88.90210020818414,Weighted Ensemble,Adaptive Momentum,Constrained dynamic ensemble excluding XGBoost,2026-07-03,2026-05-22,76.45999908447266,60.873979448323816,86.86282993309372,76.45999908447266,76.03633321126303,76.27188531393786,80.12813794934347,64.14408874786278,74.38448222121811,72.71647766614107,-4.896052135961651,2026-07-07,2026-05-26,78.93000030517578,78.5114876582314,80.55986405833455,79.18338951357217,0.3210302893914585,naive,1.5147774590386287,1.9669632310470133,1.6716334215741104,2026-11-10,2026-09-29,88.79000091552734,76.23336197580774,103.67617558221,88.79000091552734,93.77700068155924,89.12907030945024,97.1235362267324,89.42298999698794,86.06548428275985,88.90210020818414,0.1262521584648278
TDG,TransDigm Group Incorporated,Industrials,Aerospace & Defense,2010-01-04,2026-09-29,4106,1099.7900390625,2026-11-10,High,5368.896321070234,0.1160866733408083,26.721546394194316,27.609818322741063,10.632670551240064,Low Risk,Near-Sector Volatility,8831000000.0,2074000000.0,4592000000.0,32.08,23.485448986524744,10.711451996826236,119.25551263716063,51.99864115049259,20.3635712366795,155.35128659962655,Above-Sector Profitability,1113.4281138152685,1.2400616725347018,Neutral Forecast,Stable Watchlist,Weighted Ensemble,Negative adaptive forecast but fundamentals are not clearly weak,1159.97998046875,0.0,1159.97998046875,1189.1016642252605,1141.250180199033,1415.2952643739422,1099.7900390625,987.7502,1257.1765,2026-11-10,1113.4281138152685,1.2400616725347018,1082.6637565123292,-1.5572320117365177,,,1099.7900390625,1112.5436907846718,1144.8003377278646,1145.3808376979075,1157.7019361440196,2026-09-29,1099.7900390625,1099.7900390625,0.2672154639419432,0.2672154639419432,384490.0,751,1.307067,0.011236,2.473349833333333,30.6089,20.0,7.3379,14.3077,3.0622,24.6834,1.33311,1.312821,4.270434,1.307067,5.255018,1.361649,Stable Watchlist,1.2400616725347018,1113.4281138152685,1113.4281138152685,Weighted Ensemble,Adaptive Momentum,Constrained dynamic ensemble excluding XGBoost,2026-07-03,2026-05-22,1213.510009765625,1059.493148721582,1412.665992032578,1213.510009765625,1199.4313191731771,1234.8935369627409,1154.4773966279888,1208.812331130282,1246.248405354852,1223.4009726947634,0.8150705679839172,2026-07-07,2026-05-26,1226.0,1311.7857982392711,1272.0863540979612,1259.1943422526515,2.707531994506666,naive,16.076005045572916,20.76877650308804,1.307067095746231,2026-11-10,2026-09-29,1099.7900390625,990.136514868921,1252.071957772759,1099.7900390625,1144.8003377278646,1112.5436907846718,1157.7019361440196,1145.3808376979075,1082.6637565123292,1113.4281138152685,1.2400616725347018
TT,Trane Technologies plc,Industrials,Building Products & Equipment,2010-01-04,2026-09-29,4106,455.5899963378906,2026-11-10,High,2708.081942075826,0.096429029005355,28.416082922792107,27.609818322741063,0.0,Low Risk,Near-Sector Volatility,21321900000.0,2955600000.0,4297000000.0,13.178192,13.861804060613736,10.711451996826236,29.41106457575441,20.15298824213602,20.3635712366795,-1.0341162269424238,Above-Sector Profitability,494.417790474587,8.522530004785162,Positive Forecast,Potential Opportunity,Weighted Ensemble,Positive adaptive forecast with manageable risk and no weak fundamentals flag,496.0113843436944,0.7047906238170891,492.5400085449219,451.3396657307943,509.3876626150949,472.6320016067171,455.5899963378906,478.4089,592.224,2026-11-10,494.417790474587,8.522530004785162,483.6398186842936,6.1568126104331,,,455.5899963378906,471.02262351521296,443.9719980875651,570.3053885668796,482.03123587950734,2026-09-29,455.5899963378906,455.5899963378906,0.2841608292279211,0.2841608292279211,1060433.3333333333,751,1.370332,0.0,2.2375843333333334,29.2011,20.0,9.1993,14.0174,3.4232,24.159,1.411832,1.377158,3.103985,1.370332,4.762528,1.399671,Potential Opportunity,8.522530004785162,494.417790474587,494.417790474587,Weighted Ensemble,Adaptive Momentum,Constrained dynamic ensemble excluding XGBoost,2026-07-03,2026-05-22,451.0199890136719,380.7696067178808,506.5774204399038,451.0199890136719,472.7776682535807,469.1411858394245,444.8994982292081,408.4605882367184,430.95322940479593,439.1916269159292,-2.62258045893042,2026-07-07,2026-05-26,461.4299926757813,419.0198190978731,449.7040974040586,451.38770927988537,-2.1763395434401325,naive,6.3631100124783035,8.313709412145785,1.370331892690301,2026-11-10,2026-09-29,455.5899963378906,436.4102317361155,560.1357020556376,455.5899963378906,443.9719980875651,471.02262351521296,482.03123587950734,570.3053885668796,483.6398186842936,494.417790474587,8.522530004785162
TXT,Textron Inc.,Industrials,Aerospace & Defense,2010-01-04,2026-09-29,4106,77.62999725341797,2026-11-10,High,420.4530435800895,0.062976738066472,26.344513674586267,27.609818322741063,22.723003075616248,Low Risk,Near-Sector Volatility,14799000000.0,923000000.0,1668000000.0,5.12,6.236907899182377,10.711451996826236,-41.77345983504057,11.27103182647476,20.3635712366795,-44.651005977905164,Below-Sector Profitability,75.28560525384567,-3.019956308795404,Negative Forecast,Needs Further Review,Weighted Ensemble,Positive adaptive forecast with manageable risk and no weak fundamentals flag,96.52654390881035,0.5903968630084846,95.95999908447266,89.85233357747396,99.06075849987212,89.76840655871162,77.62999725341797,94.3163,114.3056,2026-11-10,75.28560525384567,-3.019956308795404,74.6319332575926,-3.861991629393443,,,77.62999725341797,77.64362817241178,80.50899963378906,69.05176817143662,88.63634910434185,2026-09-29,77.62999725341797,77.62999725341797,0.2634451367458627,0.2634451367458627,1757140.0,751,1.26302,0.0,2.731495,31.7192,20.0,8.9318,15.0796,2.1884,22.081,1.300414,1.264838,3.408633,1.26302,7.822608,1.329457,Needs Further Review,-3.019956308795404,75.28560525384567,75.28560525384567,Weighted Ensemble,Adaptive Momentum,Constrained dynamic ensemble excluding XGBoost,2026-07-03,2026-05-22,91.83000183105467,81.60983854131995,106.72752392211932,91.83000183105467,90.93599955240886,93.16401986830354,96.8967303821906,94.33459694621205,93.78515248565908,93.32746645655295,1.6306921437868136,2026-07-07,2026-05-26,92.68000030517578,95.80860028960616,94.91888860266003,94.30585945142366,1.75427183954927,naive,1.107444593641493,1.4759144411440237,1.2630201373405763,2026-11-10,2026-09-29,77.62999725341797,67.06006504038513,84.5200844202063,77.62999725341797,80.50899963378906,77.64362817241178,88.63634910434185,69.05176817143662,74.6319332575926,75.28560525384567,-3.019956308795404
UAL,"United Airlines Holdings, Inc.",Industrials,Airlines,2010-01-04,2026-09-29,4106,112.6500015258789,2026-11-10,Moderate,603.1249895226213,0.0948653133777038,44.553282467155434,27.609818322741063,76.94305026197948,Medium Risk,Above-Sector Volatility,59070000000.0,3353000000.0,8666000000.0,10.3657,5.676316234975453,10.711451996826236,-47.00703287792052,14.67072964279668,20.3635712366795,-27.956007950259217,Below-Sector Profitability,118.66290919060484,5.337689820931422,Positive Forecast,Potential Opportunity,Weighted Ensemble,Negative adaptive forecast plus below-sector profitability,90.0,0.0,90.0,93.2443333943685,92.50833329700288,102.8373210119428,112.6500015258789,70.5782,105.3337,2026-11-10,118.66290919060484,5.337689820931422,114.75826674528106,1.8715181454461207,,,112.6500015258789,117.2271934002366,110.96833318074545,131.74919788696798,118.67528258691512,2026-09-29,112.6500015258789,112.6500015258789,0.4455328246715543,0.4455328246715543,3623150.0,751,2.209667,0.0,4.062949333333333,31.2164,20.0,7.547,14.8301,3.6499,22.7567,2.295508,2.216261,7.367535,2.209667,7.953421,2.335304,Potential Opportunity,5.337689820931422,118.66290919060484,118.66290919060484,Weighted Ensemble,Adaptive Momentum,Constrained dynamic ensemble excluding XGBoost,2026-07-03,2026-05-22,99.95999908447266,79.71742411733422,130.54707371755214,99.95999908447266,94.94433288574218,102.93966229904744,106.99482319034196,101.10871341604522,104.88033441703176,102.01409923544392,2.0549221386400816,2026-07-07,2026-05-26,105.91999816894533,139.54385672071294,120.65381414870004,117.38036791561066,10.81983567294415,naive,2.580999586317275,3.230216977576036,2.2096671761266626,2026-11-10,2026-09-29,112.6500015258789,97.5745778273728,144.30896173068135,112.6500015258789,110.96833318074545,117.2271934002366,118.67528258691512,131.74919788696798,114.75826674528106,118.66290919060484,5.337689820931422
UNP,Union Pacific Corporation,Industrials,Railroads,2010-01-04,2026-09-29,4106,274.1499938964844,2026-11-10,High,1068.9022737086057,0.0720454604950291,23.7750676968991,27.609818322741063,-10.432513148657064,Low Risk,Near-Sector Volatility,24510000000.0,7138000000.0,12940000000.0,12.0,29.122807017543863,10.711451996826236,171.8847736625515,52.79477764177887,20.3635712366795,159.2608979444787,Above-Sector Profitability,267.5368118843668,-2.412249556574729,Negative Forecast,Needs Further Review,Weighted Ensemble,Positive adaptive forecast with manageable risk and no weak fundamentals flag,271.28093109409645,0.668294505843585,269.4800109863281,249.86233215332032,276.6089808146159,218.25261625255564,274.1499938964844,262.6683,311.527,2026-11-10,267.5368118843668,-2.412249556574729,263.79313751608714,-3.777806533276033,,,274.1499938964844,277.484521891367,289.6129994710287,246.628842039119,305.7522889073543,2026-09-29,274.1499938964844,274.1499938964844,0.237750676968991,0.237750676968991,2483683.333333333,751,1.074801,0.0,2.111092833333333,31.4918,20.0,7.783,15.0083,3.1385,22.5784,1.110997,1.075715,3.642207,1.074801,4.609973,1.152864,Needs Further Review,-2.412249556574729,267.5368118843668,267.5368118843668,Weighted Ensemble,Adaptive Momentum,Constrained dynamic ensemble excluding XGBoost,2026-07-03,2026-05-22,265.8800048828125,239.31321984832653,296.6962607968982,265.8800048828125,262.8713348388672,269.1133334414432,261.3603394407476,269.60444449779413,263.99382328826243,266.4645145010204,0.219839629710225,2026-07-07,2026-05-26,271.1000061035156,295.7454768039306,274.61845359512165,277.99959342623293,2.545033997558378,naive,3.0394453260633694,4.2059140780919035,1.0748011276185971,2026-11-10,2026-09-29,274.1499938964844,241.01073195384285,296.98240046405454,274.1499938964844,289.6129994710287,277.484521891367,305.7522889073543,246.628842039119,263.79313751608714,267.5368118843668,-2.412249556574729
UPS,"United Parcel Service, Inc.",Industrials,Integrated Freight & Logistics,2010-01-04,2026-09-29,4106,93.93000030517578,2026-11-10,High,224.69800272930004,0.040225073000053,31.093671413065323,27.609818322741063,-12.763063424964544,Low Risk,Near-Sector Volatility,88661000000.0,5572000000.0,11927000000.0,6.56,6.284612174462277,10.711451996826236,-41.32810214409415,13.452363496915217,20.3635712366795,-33.93907512310809,Below-Sector Profitability,87.60601148633702,-6.73266134173566,Negative Forecast,Weak Fundamentals / Negative Forecast,Weighted Ensemble,Positive adaptive forecast with manageable risk and no weak fundamentals flag,109.35024867365622,0.5057404471180633,108.8000030517578,101.61666666666666,110.97359484717958,67.72811941696352,93.93000030517578,102.9531,125.2122,2026-11-10,87.60601148633702,-6.73266134173566,86.77847869331991,-7.613671445353762,,,93.93000030517578,92.0649379520805,100.43266728719075,72.602867436768,109.98275257271034,2026-09-29,93.93000030517578,93.93000030517578,0.3109367141306532,0.3109367141306532,4538903.333333333,751,1.428036,0.0,2.709067,29.0102,20.0,8.5339,15.7214,3.3988,23.3357,1.508976,1.428476,4.283783,1.428036,6.050913,1.554218,Weak Fundamentals / Negative Forecast,-6.73266134173566,87.60601148633702,87.60601148633702,Weighted Ensemble,Adaptive Momentum,Constrained dynamic ensemble excluding XGBoost,2026-07-03,2026-05-22,101.0199966430664,87.13688632946105,116.75361036092391,101.0199966430664,102.29399973551432,98.9489408676248,106.37541415547696,101.74342487263829,100.63334366715549,100.8639979109197,-0.154423616442894,2026-07-07,2026-05-26,101.97000122070312,108.11593238769386,104.79432539241913,104.13094489647824,2.1191954985839265,naive,1.5059997558593756,2.0659929426135406,1.4280360938306491,2026-11-10,2026-09-29,93.93000030517578,76.42363106974807,100.42460873835988,93.93000030517578,100.43266728719075,92.0649379520805,109.98275257271034,72.602867436768,86.77847869331991,87.60601148633702,-6.73266134173566
URI,"United Rentals, Inc.",Industrials,Rental & Leasing Services,2010-01-04,2026-09-29,4106,1014.5399780273438,2026-11-10,High,9793.300200526875,0.1519363968247322,35.94770563790608,27.609818322741063,62.56086956769642,Medium Risk,Above-Sector Volatility,16099000000.0,2494000000.0,7163000000.0,38.71,15.491645443816385,10.711451996826236,44.62694178535742,44.49344679793776,20.3635712366795,118.4953036027137,Above-Sector Profitability,1043.597892087423,2.8641467748347087,Positive Forecast,Needs Further Review,Weighted Ensemble,Positive adaptive forecast with manageable risk and no weak fundamentals flag,966.7837889063808,0.7234290982488609,959.8400268554688,797.1723307291667,999.741229829334,1058.390624926954,1014.5399780273438,932.8065,1360.91,2026-11-10,1043.597892087423,2.8641467748347087,1011.8634417169292,-0.2638177270863976,,,1014.5399780273438,1049.266898524451,1032.0303446451824,1094.753977588024,1088.3164252483143,2026-09-29,1014.5399780273438,1014.5399780273438,0.3594770563790608,0.3594770563790608,454020.0,751,1.672407,0.595506,3.782022333333333,30.7884,20.0,7.576,14.5359,1.9618,25.138,1.748719,1.672407,5.391985,1.678281,10.45743,1.743312,Needs Further Review,2.8641467748347087,1043.597892087423,1043.597892087423,Weighted Ensemble,Adaptive Momentum,Constrained dynamic ensemble excluding XGBoost,2026-07-03,2026-05-22,938.6199951171876,741.4597609485378,1191.1786522997795,938.6199951171876,906.7676696777344,977.011846870554,881.3040950513832,943.4968048682076,925.1730004222346,939.7930829609228,0.124980061136331,2026-07-07,2026-05-26,962.9199829101562,1041.2233892530023,986.4018852134548,991.3510318408296,2.9525868644607884,drift,17.85509069624715,24.134684155279608,1.6724068468163975,2026-11-10,2026-09-29,1014.5399780273438,891.1866122804682,1222.0746422372858,1014.5399780273438,1032.0303446451824,1049.266898524451,1088.3164252483143,1094.753977588024,1011.8634417169292,1043.597892087423,2.8641467748347087
VRSK,"Verisk Analytics, Inc.",Industrials,Consulting Services,2010-01-04,2026-09-29,4106,165.94000244140625,2026-11-10,High,548.3100996159708,0.0556643053041031,36.54720417109862,27.609818322741063,-18.31649371516596,Medium Risk,Near-Sector Volatility,3072700000.0,908300000.0,1670600000.0,6.5,29.560321541315453,10.711451996826236,175.9693228338611,54.36912161942266,20.3635712366795,166.99207613196694,Above-Sector Profitability,153.38715329056618,-7.564691434346887,Negative Forecast,Weak Fundamentals / Negative Forecast,Weighted Ensemble,Classified,184.4900054931641,0.0,184.4900054931641,182.1170003255208,171.91601308186853,201.219350979344,165.94000244140625,162.9817,219.7023,2026-11-10,153.38715329056618,-7.564691434346887,151.79621785461202,-8.523432794204295,,,165.94000244140625,163.6088948687633,181.1830012003581,129.83982137782056,161.33335317474513,2026-09-29,165.94000244140625,165.94000244140625,0.3654720417109862,0.3654720417109862,1223280.0,751,1.725309,0.52809,3.8461036666666666,30.6069,20.0,8.5958,14.104,1.8048,24.8884,1.787431,1.725309,4.265939,1.726946,11.78029,1.790707,Weak Fundamentals / Negative Forecast,-7.564691434346887,153.38715329056618,153.38715329056618,Weighted Ensemble,Adaptive Momentum,Constrained dynamic ensemble excluding XGBoost,2026-07-03,2026-05-22,171.11000061035156,142.12480034705587,202.5681962769264,171.11000061035156,174.01700083414713,169.53457580372236,141.6258009731756,168.85012150044383,172.6707407926339,169.67605739326154,-0.8380242019607997,2026-07-07,2026-05-26,171.58999633789062,180.9784827015823,171.38585550522134,172.4928833263349,0.5261885935741404,drift,3.203463623861769,4.2872031174857215,1.725308697351746,2026-11-10,2026-09-29,165.94000244140625,130.64145232377766,180.09305910250856,165.94000244140625,181.1830012003581,163.6088948687633,161.33335317474513,129.83982137782056,151.79621785461202,153.38715329056618,-7.564691434346887
WAB,Westinghouse Air Brake Technologies Corporation,Industrials,Railroads,2010-01-04,2026-09-29,4106,291.2300109863281,2026-11-10,High,1289.8286612531158,0.0818050843909088,28.56087493232472,27.609818322741063,7.937110713622024,Low Risk,Near-Sector Volatility,11167000000.0,1170000000.0,2274000000.0,6.84,10.477299185098952,10.711451996826236,-2.1860043978786723,20.3635712366795,20.3635712366795,0.0,Below-Sector Profitability,306.62935946611435,5.287692854054506,Positive Forecast,Potential Opportunity,Weighted Ensemble,Positive adaptive forecast with manageable risk and no weak fundamentals flag,271.72049752164554,0.6782329000176066,269.8900146484375,256.8603337605794,280.1806673322405,211.21466318456388,291.2300109863281,257.23,313.03,2026-11-10,306.62935946611435,5.287692854054506,300.5084571218952,3.185951236324568,,,291.2300109863281,303.33207670754496,287.2726674397787,334.3858313169414,312.3821034695425,2026-09-29,291.2300109863281,291.2300109863281,0.2856087493232472,0.2856087493232472,782773.3333333334,751,1.21998,0.0,1.9689708333333331,30.5451,20.0,8.2726,14.5197,4.7004,21.9622,1.256921,1.227273,3.47641,1.21998,3.341494,1.291747,Potential Opportunity,5.287692854054506,306.62935946611435,306.62935946611435,Weighted Ensemble,Adaptive Momentum,Constrained dynamic ensemble excluding XGBoost,2026-07-03,2026-05-22,256.4100036621094,222.3495449976174,281.0728408516584,256.4100036621094,263.63233388264973,266.57285487030487,268.25733510851023,230.4178941807073,246.338034844714,249.99283644647497,-2.502697681051016,2026-07-07,2026-05-26,261.4700012207031,242.4662118623185,257.65446685943715,258.3566745173996,-1.1907012998694306,naive,3.4093353271484412,4.99131223369656,1.2199804057554111,2026-11-10,2026-09-29,291.2300109863281,270.4820210013572,347.60744443760206,291.2300109863281,287.2726674397787,303.33207670754496,312.3821034695425,334.3858313169414,300.5084571218952,306.62935946611435,5.287692854054506
WM,"Waste Management, Inc.",Industrials,Waste Management,2010-01-04,2026-09-29,4106,207.08999633789065,2026-11-10,High,924.2598084267372,0.0636542876259422,20.96260520039169,27.609818322741063,-32.2377821104862,Low Risk,Below-Sector Volatility,25204000000.0,2708000000.0,7500000000.0,6.72,10.74432629741311,10.711451996826236,0.3069079765900521,29.757181399777817,20.3635712366795,46.129483153614295,Above-Sector Profitability,199.6118100786477,-3.61108039571428,Negative Forecast,Needs Further Review,Weighted Ensemble,Classified,234.08358991392927,0.6594654233696725,232.5500030517578,228.75133260091147,233.4030020577567,216.4890171155758,207.08999633789065,222.2523,255.1713,2026-11-10,199.6118100786477,-3.61108039571428,198.9265783798792,-3.941966344280539,,,207.08999633789065,209.71150835797417,216.3490010579427,179.37302255380368,227.603316181117,2026-09-29,207.08999633789065,207.08999633789065,0.2096260520039169,0.2096260520039169,2158733.333333333,751,0.963632,0.0,1.8718846666666664,30.7188,20.0,7.2502,14.276,3.1655,24.5894,0.993702,0.97451,3.418638,0.963632,3.869519,1.011307,Needs Further Review,-3.61108039571428,199.6118100786477,199.6118100786477,Weighted Ensemble,Adaptive Momentum,Constrained dynamic ensemble excluding XGBoost,2026-07-03,2026-05-22,217.8999938964844,201.2568105494044,240.7069895122013,217.8999938964844,223.56399943033853,220.44994312052927,223.20603699704284,225.6697135847112,215.7236839635477,220.09979778767308,1.009547477194386,2026-07-07,2026-05-26,215.47999572753903,219.6428017507366,210.5804381379953,216.18468399888604,0.3270318754962497,naive,2.160889350043411,2.971831915043353,0.9636318714369391,2026-11-10,2026-09-29,207.08999633789065,182.0553276477252,218.8613496660391,207.08999633789065,216.3490010579427,209.71150835797417,227.603316181117,179.37302255380368,198.9265783798792,199.6118100786477,-3.61108039571428
XRX,Xerox Holdings Corporation,Industrials,Business Equipment & Supplies,2010-01-04,2026-09-29,4106,3.2100000381469727,2026-11-10,Moderate,-78.38808139095508,-0.001347761682701,83.21445215833008,27.609818322741063,55.06264514425951,High Risk,Above-Sector Volatility,7022000000.0,-1029000000.0,173000000.0,-8.25,-14.65394474508687,10.711451996826236,-236.8063335337616,2.4636855596696097,20.3635712366795,-87.90150543323195,Below-Sector Profitability,2.947675726128612,-8.172096850496976,Negative Forecast,Weak Fundamentals / Negative Forecast,Weighted Ensemble,Positive adaptive forecast with manageable risk and no weak fundamentals flag,2.190358669545851,-2.650725797962177,2.25,1.4714661439259846,2.010657662437076,-0.3829417736470617,3.2100000381469727,1.9188,4.023,2026-11-10,2.947675726128612,-8.172096850496976,2.9945590578484467,-6.711556938886922,,,3.2100000381469727,3.0139827813825137,3.206666668256124,2.5632551553430134,2.7953951937076216,2026-09-29,3.2100000381469727,3.2100000381469727,0.8321445215833008,0.8321445215833008,2348010.0,751,3.477977,0.505618,10.463275333333334,31.9952,20.0,7.9502,15.8182,1.2157,23.0206,3.637032,3.477977,10.571862,3.4886,37.883918,3.720263,Weak Fundamentals / Negative Forecast,-8.172096850496976,2.947675726128612,2.947675726128612,Weighted Ensemble,Adaptive Momentum,Constrained dynamic ensemble excluding XGBoost,2026-07-03,2026-05-22,2.900000095367432,1.8551790692990853,4.96707508876385,2.900000095367432,2.167666661739349,2.7179465319514846,0.6616567361255434,3.291983686412236,3.459353168968181,3.0355911681765697,4.675554081040766,2026-07-07,2026-05-26,3.009999990463257,4.3613508492653645,3.716848657009567,3.430762442431773,13.978819046566125,drift,0.10880983268100045,0.16105612617942008,3.477977217766473,2026-11-10,2026-09-29,3.2100000381469727,2.0453204153949542,4.248132527797617,3.2100000381469727,3.206666668256124,3.0139827813825137,2.7953951937076216,2.5632551553430134,2.9945590578484467,2.947675726128612,-8.172096850496976
XYL,Xylem Inc.,Industrials,Specialty Industrial Machinery,2011-10-13,2026-09-29,3657,100.93000030517578,2026-11-10,High,491.0410396085133,0.0622807265435534,26.4206951302412,27.609818322741063,-4.932821831849923,Low Risk,Near-Sector Volatility,9035000000.0,957000000.0,1919000000.0,3.93,10.59214167127836,10.711451996826236,-1.1138576318432512,21.23962368566685,20.3635712366795,4.302057035110694,Below-Sector Profitability,94.91022847711844,-5.96430378465841,Negative Forecast,Weak Fundamentals / Negative Forecast,Weighted Ensemble,Negative adaptive forecast plus below-sector profitability,118.16000366210938,0.0,118.16000366210938,122.12666753133138,118.27601768856957,162.89147668914728,100.93000030517578,101.2315,124.5654,2026-11-10,94.91022847711844,-5.96430378465841,92.64737217501398,-8.206309427442909,,,100.93000030517578,101.31263107511636,108.56466623942056,83.53254349603871,99.3254338356605,2026-09-29,100.93000030517578,100.93000030517578,0.264206951302412,0.264206951302412,2428660.0,751,1.231219,0.0,2.5393606666666666,31.6006,20.0,7.2975,15.0877,3.101,22.9132,1.287084,1.231835,4.532739,1.231219,5.639836,1.313451,Weak Fundamentals / Negative Forecast,-5.96430378465841,94.91022847711844,94.91022847711844,Weighted Ensemble,Adaptive Momentum,Constrained dynamic ensemble excluding XGBoost,2026-07-03,2026-05-22,110.27999877929688,94.29971972574126,123.05093606156676,110.27999877929688,116.5520009358724,110.5323168204777,123.98365355885376,100.54531860033316,107.0331996580444,107.72032669183592,-2.3210664814964623,2026-07-07,2026-05-26,111.12999725341795,108.56032790794823,109.72410061324912,110.75161055813264,-0.340490150847809,naive,1.4067778693305135,1.8994565405247543,1.2312191838259159,2026-11-10,2026-09-29,100.93000030517578,84.51226453280422,106.5875056049682,100.93000030517578,108.56466623942056,101.31263107511636,99.3254338356605,83.53254349603871,92.64737217501398,94.91022847711844,-5.96430378465841
AIV,Apartment Investment and Management Company,Real Estate,REIT - Residential,2010-01-04,2026-09-29,4106,2.059999942779541,2026-11-10,High,640.4859365848188,0.0658469873015558,58.7170804147512,27.199577203172808,7.675043422901401,High Risk,Near-Sector Volatility,138486000.0,554009000.0,101859000.0,3.95,400.04693615239086,23.763222666892133,1583.4708901236368,73.55183917507907,68.93636209909249,6.695272183571369,Above-Sector Profitability,1.820250249016928,-11.638334971947671,Negative Forecast,Weak Fundamentals / Negative Forecast,Weighted Ensemble,Classified,4.25,0.0,4.25,4.119000013669332,4.256723517463321,3.8950493881445993,2.059999942779541,4.0467,4.6155,2026-11-10,1.820250249016928,-11.638334971947671,1.8071269866357256,-12.275386561546018,,,2.059999942779541,1.9656628535029728,2.4046666622161865,1.4995550299113063,1.4317502098109758,2026-09-29,2.059999942779541,2.059999942779541,0.587170804147512,0.587170804147512,1651383.3333333333,751,1.406585,0.550562,4.312979833333333,31.8032,20.0,4.6114,15.9594,2.2503,25.3757,1.442339,1.406585,12.207902,1.422876,7.951255,1.446922,Weak Fundamentals / Negative Forecast,-11.638334971947671,1.820250249016928,1.820250249016928,Weighted Ensemble,Adaptive Momentum,Constrained dynamic ensemble excluding XGBoost,2026-07-03,2026-05-22,4.239999771118164,3.3803407212400973,5.1922355912050735,4.239999771118164,4.224999984105428,4.125724921528422,3.1047241973909925,4.239999771118164,4.21602925006904,4.189454069830896,-1.1921156607500962,2026-07-07,2026-05-26,4.210000038146973,3.896521768802928,4.095298265609441,4.052973371898411,-3.729849520801346,drift,0.03952096202668439,0.13258340010079467,1.4065853260155068,2026-11-10,2026-09-29,2.059999942779541,1.4064930594190743,2.355725075824184,2.059999942779541,2.4046666622161865,1.9656628535029728,1.4317502098109758,1.4995550299113063,1.8071269866357256,1.820250249016928,-11.638334971947671
AMT,American Tower Corporation,Real Estate,REIT - Specialty,2010-01-04,2026-09-29,4106,167.35000610351562,2026-11-10,High,480.7206822717496,0.0546266644153257,28.12367165178588,27.199577203172808,-10.481280270386502,Low Risk,Near-Sector Volatility,10644600000.0,2529500000.0,7338000000.0,5.41,23.763222666892133,23.763222666892133,0.0,68.93636209909249,68.93636209909249,0.0,Above-Sector Profitability,159.14900562203653,-4.900508026516777,Negative Forecast,Needs Further Review,Weighted Ensemble,Positive adaptive forecast with manageable risk and no weak fundamentals flag,183.81534685141847,0.6049696770480727,182.7100067138672,175.19781341552735,179.05021158854166,188.8887431100842,167.35000610351562,170.5987,208.7876,2026-11-10,159.14900562203653,-4.900508026516777,157.29642195403954,-6.007519439979799,,,167.35000610351562,167.57965269828375,174.48400065104167,139.75497610373918,171.1958865032646,2026-09-29,167.35000610351562,167.35000610351562,0.2812367165178588,0.2812367165178588,2366670.0,751,1.29439,0.0,2.1297606666666664,28.6034,20.0,8.8533,15.3233,4.7979,22.4221,1.372469,1.295264,3.626079,1.29439,3.785222,1.40514,Needs Further Review,-4.900508026516777,159.14900562203653,159.14900562203653,Weighted Ensemble,Adaptive Momentum,Constrained dynamic ensemble excluding XGBoost,2026-07-03,2026-05-22,183.8500061035156,168.36486990792818,216.45076003279945,183.8500061035156,178.67133483886718,183.68051753056525,161.68957545869114,207.68208723772088,194.6807363013023,190.89972250999853,3.834493430755552,2026-07-07,2026-05-26,184.9499969482422,209.33529417569216,193.65332535938813,191.46337839348163,3.5216985956816207,naive,2.2634441799587672,3.1018301686486276,1.2943898630118853,2026-11-10,2026-09-29,167.35000610351562,140.65736983505903,180.07165938183124,167.35000610351562,174.48400065104167,167.57965269828375,171.1958865032646,139.75497610373918,157.29642195403954,159.14900562203653,-4.900508026516777
ARE,"Alexandria Real Estate Equities, Inc.",Real Estate,REIT - Office,2010-01-04,2026-09-29,4106,48.470001220703125,2026-11-10,Moderate,11.05651771149879,0.0168874331186245,45.23373088325126,27.199577203172808,-1.682934227753922,Medium Risk,Near-Sector Volatility,2945175000.0,-1429570000.0,1977273000.0,-8.44,-48.5393906983456,23.763222666892133,-304.2626599041746,67.136010593598,68.93636209909249,-2.611613741535384,Below-Sector Profitability,44.27242358615538,-8.66015582593965,Negative Forecast,Weak Fundamentals / Negative Forecast,Weighted Ensemble,Negative adaptive forecast plus below-sector profitability,40.53947269843935,0.0727582772830599,40.5099983215332,45.45961672465007,37.230964933122905,40.11582008521225,48.470001220703125,28.7253,39.5127,2026-11-10,44.27242358615538,-8.66015582593965,43.46184612788572,-10.332483942002163,,,48.470001220703125,47.120623751868585,51.80033353169759,37.220862548033246,43.90854494096198,2026-09-29,48.470001220703125,48.470001220703125,0.4523373088325126,0.4523373088325126,1991993.3333333333,751,2.098604,0.516854,5.5264925,31.8441,20.0,9.1052,14.7929,1.3857,22.8722,2.156913,2.098604,4.935851,2.100323,19.655079,2.212185,Weak Fundamentals / Negative Forecast,-8.66015582593965,44.27242358615538,44.27242358615538,Weighted Ensemble,Adaptive Momentum,Constrained dynamic ensemble excluding XGBoost,2026-07-03,2026-05-22,48.369998931884766,40.64682538552047,60.725890938854825,48.369998931884766,45.652333450317386,46.67764103703318,36.71298021998843,55.29520508531173,51.28336271384379,49.68213648155433,2.7127094865504,2026-07-07,2026-05-26,48.470001220703125,56.70464391829496,50.68710603185703,49.870856746011135,2.890149556484144,drift,1.0749919799923437,1.4494835952811154,2.098603976813714,2026-11-10,2026-09-29,48.470001220703125,36.29586401661206,54.00195155279632,48.470001220703125,51.80033353169759,47.120623751868585,43.90854494096198,37.220862548033246,43.46184612788572,44.27242358615538,-8.66015582593965
BXP,"BXP, Inc.",Real Estate,REIT - Office,2010-01-04,2026-09-29,4106,61.709999084472656,2026-11-10,High,61.39304721205415,0.0279256209738411,27.29656969622447,27.199577203172808,5.267198796957518,Low Risk,Near-Sector Volatility,3482279000.0,276800000.0,1949485000.0,1.75,7.948817426748403,23.763222666892133,-66.54991817324924,55.98302146381723,68.93636209909249,-18.79028750698433,Below-Sector Profitability,59.54905415044263,-3.5017743738287623,Negative Forecast,Needs Further Review,Weighted Ensemble,Positive adaptive forecast with manageable risk and no weak fundamentals flag,58.62251700843876,0.2779985058352016,58.459999084472656,54.45824406941732,58.02660042898996,72.31984594996163,61.709999084472656,54.6186,69.197,2026-11-10,59.54905415044263,-3.5017743738287623,58.18889768409118,-5.705884706887717,,,61.709999084472656,61.88638816420437,65.90599975585937,55.736991310644655,61.2829553864754,2026-09-29,61.709999084472656,61.709999084472656,0.2729656969622447,0.2729656969622447,1338720.0,751,1.365958,0.0,3.4449541666666668,32.1933,20.0,7.8812,14.9881,1.7338,23.2036,1.402536,1.367245,4.267063,1.365958,10.831286,1.435637,Needs Further Review,-3.5017743738287623,59.54905415044263,59.54905415044263,Weighted Ensemble,Adaptive Momentum,Constrained dynamic ensemble excluding XGBoost,2026-07-03,2026-05-22,60.290000915527344,53.64860879022805,70.36346255635631,60.290000915527344,58.34533297220866,60.7004889296486,55.429607868666864,62.94539516918001,62.13572731195792,61.440230108714765,1.9078274601438696,2026-07-07,2026-05-26,60.61000061035156,65.90931368534848,62.38748459478528,62.43821008031544,3.016349532343745,naive,0.9118888007269965,1.143814623431985,1.365957738666564,2026-11-10,2026-09-29,61.709999084472656,52.82153237909906,67.13341492560522,61.709999084472656,65.90599975585937,61.88638816420437,61.2829553864754,55.736991310644655,58.18889768409118,59.54905415044263,-3.5017743738287623
CBRE,"CBRE Group, Inc.",Real Estate,Real Estate Services,2010-01-04,2026-09-29,4106,130.83999633789062,2026-11-10,High,932.778573656506,0.0798945204201886,32.68956090239748,27.199577203172808,25.21475578571873,Low Risk,Above-Sector Volatility,40550000000.0,1157000000.0,2023000000.0,3.88,2.8532675709001234,23.763222666892133,-87.99292667119848,4.988902589395808,68.93636209909249,-92.76303182023948,Below-Sector Profitability,122.91860387094697,-6.05425916283802,Negative Forecast,Weak Fundamentals / Negative Forecast,Weighted Ensemble,Negative adaptive forecast plus below-sector profitability,142.72999572753906,0.0,142.72999572753906,141.56766815185546,145.22761426653182,178.28531653146212,130.83999633789062,118.4518,160.639,2026-11-10,122.91860387094697,-6.05425916283802,118.90940310383114,-9.118460385193732,,,130.83999633789062,133.9276019127422,143.30066782633463,106.55030281138724,132.77135898705313,2026-09-29,130.83999633789062,130.83999633789062,0.3268956090239748,0.3268956090239748,1802053.3333333333,751,1.611029,0.0,3.025859333333333,30.0826,20.0,8.0019,14.235,2.9615,24.719,1.652276,1.619624,4.672199,1.611029,6.936498,1.66353,Weak Fundamentals / Negative Forecast,-6.05425916283802,122.91860387094697,122.91860387094697,Weighted Ensemble,Adaptive Momentum,Constrained dynamic ensemble excluding XGBoost,2026-07-03,2026-05-22,131.07000732421875,101.06505395374008,144.3743539951886,131.07000732421875,142.64733276367187,133.9417976255244,151.08555330100643,94.19181396233375,120.71092465812974,120.79404735358486,-7.840054471970055,2026-07-07,2026-05-26,129.75999450683594,90.89153672845602,118.09923821120064,118.62890272560124,-8.57821536101274,naive,2.2642232259114583,2.8842848607643456,1.6110286311848048,2026-11-10,2026-09-29,130.83999633789062,106.47986037915317,141.89521965733948,130.83999633789062,143.30066782633463,133.9276019127422,132.77135898705313,106.55030281138724,118.90940310383114,122.91860387094697,-6.05425916283802
CCI,Crown Castle Inc.,Real Estate,REIT - Specialty,2010-01-04,2026-09-29,4106,67.06999969482422,2026-11-10,High,266.8525192798146,0.0431306071598739,31.729318252094217,27.199577203172808,-11.635432679653457,Low Risk,Near-Sector Volatility,4264000000.0,1103000000.0,2761000000.0,1.02,25.867729831144462,23.763222666892133,8.856152188416832,64.75140712945591,68.93636209909249,-6.070751113354255,Above-Sector Profitability,62.08602393692324,-7.431006084059355,Negative Forecast,Weak Fundamentals / Negative Forecast,Weighted Ensemble,Positive adaptive forecast with manageable risk and no weak fundamentals flag,89.25195642859288,0.531603577140463,88.77999877929688,84.28333282470703,87.55961263747442,97.70637130488058,67.06999969482422,80.638,104.4943,2026-11-10,62.08602393692324,-7.431006084059355,60.22074615814432,-10.212097163925367,,,67.06999969482422,66.25843119304157,73.76566670735677,51.486139656045765,73.05663728440986,2026-09-29,67.06999969482422,67.06999969482422,0.3172931825209422,0.3172931825209422,3113446.6666666665,751,1.515004,0.505618,2.8292143333333333,28.8937,20.0,8.3651,15.8131,3.6795,23.2486,1.596166,1.515004,4.865769,1.515521,5.867185,1.615641,Weak Fundamentals / Negative Forecast,-7.431006084059355,62.08602393692324,62.08602393692324,Weighted Ensemble,Adaptive Momentum,Constrained dynamic ensemble excluding XGBoost,2026-07-03,2026-05-22,91.45999908447266,79.11165454521829,107.2322106218507,91.45999908447266,88.52499949137369,90.69288301931452,80.25599976307535,94.1828161193751,94.8384923493308,92.10492713658668,0.7051476695493448,2026-07-07,2026-05-26,90.63999938964844,90.55006259041195,91.68630836669467,90.13546290621689,-0.5566377833506158,drift,1.1996994622765997,1.6183625621424262,1.5150041338876044,2026-11-10,2026-09-29,67.06999969482422,54.01012874632001,71.36947194481266,67.06999969482422,73.76566670735677,66.25843119304157,73.05663728440986,51.486139656045765,60.22074615814432,62.08602393692324,-7.431006084059355
DLR,"Digital Realty Trust, Inc.",Real Estate,REIT - Specialty,2010-01-04,2026-09-29,4106,176.55999755859375,2026-11-10,High,660.1520615369252,0.0637072101038669,32.802640754632975,27.199577203172808,-1.4794416762124096,Low Risk,Near-Sector Volatility,6112692000.0,1308589000.0,3677788000.0,3.73,21.407736558622616,23.763222666892133,-9.91231762327958,60.16642094841357,68.93636209909249,-12.72179280083359,Below-Sector Profitability,175.58579983988187,-0.5517658202212975,Neutral Forecast,Stable Watchlist,Weighted Ensemble,Positive adaptive forecast with manageable risk and no weak fundamentals flag,202.2153190120274,0.6346753036359885,200.94000244140625,188.4660003662109,206.3686745053245,168.27667543874026,176.55999755859375,191.923,224.1677,2026-11-10,175.58579983988187,-0.5517658202212975,169.9234794992091,-3.7587891658087726,,,176.55999755859375,179.41566879708168,185.9453328450521,168.67331101036106,197.48405224613845,2026-09-29,176.55999755859375,176.55999755859375,0.3280264075463298,0.3280264075463298,1966250.0,751,1.489685,0.0,2.3180901666666665,27.0094,20.0,9.4312,15.2872,5.5248,22.7474,1.590444,1.493759,3.868597,1.489685,3.864986,1.60107,Stable Watchlist,-0.5517658202212975,175.58579983988187,175.58579983988187,Weighted Ensemble,Adaptive Momentum,Constrained dynamic ensemble excluding XGBoost,2026-07-03,2026-05-22,192.02999877929688,172.83694021973324,210.38846613240648,192.02999877929688,196.06766611735023,197.88667339017724,182.4838431541334,182.5168197546232,190.959015952428,190.69058378390923,-0.697502996355821,2026-07-07,2026-05-26,193.6699981689453,186.1601635080441,193.95595305984253,192.9522706648589,-0.3705930246667902,naive,2.786777072482644,3.852343364810186,1.489684675960394,2026-11-10,2026-09-29,176.55999755859375,152.02799313619937,202.79405436728115,176.55999755859375,185.9453328450521,179.41566879708168,197.48405224613845,168.67331101036106,169.9234794992091,175.58579983988187,-0.5517658202212975
EQIX,"Equinix, Inc.",Real Estate,REIT - Specialty,2010-01-04,2026-09-29,4106,1015.27001953125,2026-11-10,High,1237.2113858388448,0.0802769918744097,26.52526443797155,27.199577203172808,6.845786011375004,Low Risk,Near-Sector Volatility,9217000000.0,1350000000.0,4218000000.0,13.79,14.64684821525442,23.763222666892133,-38.36337595884672,45.76326353477271,68.93636209909249,-33.61520373095645,Below-Sector Profitability,1026.945456673296,1.1499834445457835,Neutral Forecast,Stable Watchlist,Weighted Ensemble,Classified,1090.1516605614163,0.6761638303215741,1082.8299560546875,1033.024326578776,1112.6491248721168,675.457644366948,1015.27001953125,1001.2388,1216.438,2026-11-10,1026.945456673296,1.1499834445457835,997.5500022053563,-1.7453502009322583,,,1015.27001953125,1029.743458246768,1041.597987874349,1040.5518790359947,1173.2493098055384,2026-09-29,1015.27001953125,1015.27001953125,0.2652526443797155,0.2652526443797155,516160.0,751,1.264773,0.0,2.271824,27.0704,20.0,11.7272,15.3242,2.9749,22.9034,1.329857,1.269284,2.38513,1.264773,6.049699,1.332201,Stable Watchlist,1.1499834445457835,1026.945456673296,1026.945456673296,Weighted Ensemble,Adaptive Momentum,Constrained dynamic ensemble excluding XGBoost,2026-07-03,2026-05-22,1079.7900390625,977.3694363285132,1220.9894335449176,1079.7900390625,1079.3519978841146,1098.8238516849194,1011.0484108196227,1103.25457789991,1091.96909517587,1092.4091515667867,1.1686635408530832,2026-07-07,2026-05-26,1077.6300048828125,1052.2655461166328,1078.6870650195929,1074.624871641881,-0.2788650304199694,naive,13.258553059895831,17.42748869601247,1.2647726136981996,2026-11-10,2026-09-29,1015.27001953125,914.0177897071547,1153.82543190961,1015.27001953125,1041.597987874349,1029.743458246768,1173.2493098055384,1040.5518790359947,997.5500022053563,1026.945456673296,1.1499834445457835
ESS,"Essex Property Trust, Inc.",Real Estate,REIT - Residential,2010-01-04,2026-09-29,4106,273.92999267578125,2026-11-10,High,438.7941784954664,0.0528828806924487,19.25607520340924,27.199577203172808,-10.381854626307822,Low Risk,Near-Sector Volatility,1887345000.0,669666000.0,1568719000.0,10.4,35.481907123498885,23.763222666892133,49.31437381569332,83.11776596223795,68.93636209909249,20.57173229240096,Above-Sector Profitability,272.6418584986387,-0.4702421098762767,Neutral Forecast,Stable Watchlist,Weighted Ensemble,Positive adaptive forecast with manageable risk and no weak fundamentals flag,264.7765564819782,0.5951768845247116,263.2099914550781,249.4180938720703,263.0512927827381,238.43315846204607,273.92999267578125,260.1992,301.6908,2026-11-10,272.6418584986387,-0.4702421098762767,270.32524515345136,-1.3159375091125576,,,273.92999267578125,276.91838468732504,278.4236643473307,267.6671943526109,288.1194190251045,2026-09-29,273.92999267578125,273.92999267578125,0.1925607520340924,0.1925607520340924,540870.0,751,0.88385,0.550562,2.167717333333333,30.0085,20.0,8.427,15.8449,2.0927,23.6269,0.932989,0.88385,2.897854,0.887312,6.435736,0.968563,Stable Watchlist,-0.4702421098762767,272.6418584986387,272.6418584986387,Weighted Ensemble,Adaptive Momentum,Constrained dynamic ensemble excluding XGBoost,2026-07-03,2026-05-22,276.70001220703125,264.9426628514405,316.8979231976389,276.70001220703125,263.0146672566732,279.69690959683675,245.96782293305407,320.21945342111707,293.2571807368072,289.75813987543773,4.719236390432896,2026-07-07,2026-05-26,277.25,304.32939217864583,288.8162230439562,285.2591532192557,2.888783848243724,drift,2.5122175920551046,3.457917963785068,0.8838501537765339,2026-11-10,2026-09-29,273.92999267578125,250.5328207914562,296.7019760954478,273.92999267578125,278.4236643473307,276.91838468732504,288.1194190251045,267.6671943526109,270.32524515345136,272.6418584986387,-0.4702421098762767
EXR,Extra Space Storage Inc.,Real Estate,REIT - Industrial,2010-01-04,2026-09-29,4106,133.49000549316406,2026-11-10,High,2021.92329388846,0.0879436066446576,20.42345974097706,27.199577203172808,-4.285982312274784,Low Risk,Near-Sector Volatility,3377542000.0,973999000.0,2436195000.0,4.59,28.83750964458769,23.763222666892133,21.353530406316715,72.12922888893758,68.93636209909249,4.631614858433495,Above-Sector Profitability,130.54664572892852,-2.204928940830904,Negative Forecast,Needs Further Review,Weighted Ensemble,Classified,144.3281159406748,0.6963748669986044,143.3300018310547,137.20599975585938,144.3067641485305,128.76446504068912,133.49000549316406,134.4996,160.5584,2026-11-10,130.54664572892852,-2.204928940830904,128.9712706326063,-3.3850735445427578,,,133.49000549316406,134.09279792718095,139.532666015625,122.68271064742297,145.4204863481811,2026-09-29,133.49000549316406,133.49000549316406,0.2042345974097706,0.2042345974097706,1308313.3333333333,751,1.01657,0.011236,1.7957875,29.4775,20.0,9.0254,14.1846,2.9662,24.3463,1.04361,1.017825,2.453015,1.01657,4.187362,1.056343,Needs Further Review,-2.204928940830904,130.54664572892852,130.54664572892852,Weighted Ensemble,Adaptive Momentum,Constrained dynamic ensemble excluding XGBoost,2026-07-03,2026-05-22,143.3000030517578,128.50304853821046,160.78314323805927,143.3000030517578,142.0586664835612,143.1121604067002,136.12204957757106,143.3000030517578,145.9994093216457,143.73977897452875,0.3068917748816054,2026-07-07,2026-05-26,143.99000549316406,142.2344230216315,145.86269588828907,143.75205500410453,-0.1652548649085406,naive,1.4648893568250867,1.8561239462116847,1.0165700005414016,2026-11-10,2026-09-29,133.49000549316406,119.34691890659226,142.7973748062382,133.49000549316406,139.532666015625,134.09279792718095,145.4204863481811,122.68271064742297,128.9712706326063,130.54664572892852,-2.204928940830904
FRT,Federal Realty Investment Trust,Real Estate,REIT - Retail,2010-01-04,2026-09-29,4106,109.38999938964844,2026-11-10,High,190.84026008560008,0.039305522329936,15.47845592508576,27.199577203172808,-4.474414916918819,Low Risk,Near-Sector Volatility,1278975000.0,411077000.0,975104000.0,4.68,32.14112863816728,23.763222666892133,35.25576513217452,76.24105240524639,68.93636209909249,10.596280516882778,Above-Sector Profitability,105.62983836527698,-3.43739011367732,Negative Forecast,Needs Further Review,Weighted Ensemble,Classified,111.43180983772233,0.4795385974086815,110.9000015258789,107.6840924580892,113.40254193260556,91.34351023528824,109.38999938964844,105.9767,119.5782,2026-11-10,105.62983836527698,-3.43739011367732,105.02766053426429,-3.987877209730527,,,109.38999938964844,110.3197086911324,114.55166651407878,96.82693483861073,126.5681658407274,2026-09-29,109.38999938964844,109.38999938964844,0.1547845592508576,0.1547845592508576,818733.3333333334,751,0.738701,0.022472,2.032546,31.3714,20.0,6.6479,14.7276,1.6916,25.5615,0.743444,0.744198,3.258925,0.738701,5.94374,0.766268,Needs Further Review,-3.43739011367732,105.62983836527698,105.62983836527698,Weighted Ensemble,Adaptive Momentum,Constrained dynamic ensemble excluding XGBoost,2026-07-03,2026-05-22,119.75,115.11188199204696,134.60178281374172,119.75,113.4196662902832,121.15557835368703,112.87370364746728,132.83950391125867,127.00937157257312,124.4759596836858,3.946521656522589,2026-07-07,2026-05-26,120.16000366210938,135.58028495049533,127.42084844218589,125.50471884853025,4.447998521579811,naive,0.8867774115668404,1.1722259246894036,0.738700587002029,2026-11-10,2026-09-29,109.38999938964844,98.68790253109138,113.06008605826176,109.38999938964844,114.55166651407878,110.3197086911324,126.5681658407274,96.82693483861073,105.02766053426429,105.62983836527698,-3.43739011367732
HST,"Host Hotels & Resorts, Inc.",Real Estate,REIT - Hotel & Motel,2010-01-04,2026-09-29,4106,22.440000534057617,2026-11-10,High,208.2675775946934,0.0485378612987587,24.812752668304448,27.199577203172808,20.42486838729525,Low Risk,Near-Sector Volatility,6114000000.0,765000000.0,1848000000.0,1.11,12.512266928361138,23.763222666892133,-47.34608557199725,30.225711481844947,68.93636209909249,-56.15418255115199,Below-Sector Profitability,22.86383680602725,1.888753395198764,Neutral Forecast,Stable Watchlist,Weighted Ensemble,Positive adaptive forecast with manageable risk and no weak fundamentals flag,21.23432728259776,0.4937440888538444,21.1299991607666,19.97270793914795,22.06341550463722,17.461663286917577,22.440000534057617,20.0566,24.0368,2026-11-10,22.86383680602725,1.888753395198764,22.703279076249903,1.173255507693516,,,22.440000534057617,22.75024378636376,22.34299996693929,23.39630419242756,25.53362360904393,2026-09-29,22.440000534057617,22.440000534057617,0.2481275266830445,0.2481275266830445,8229953.333333333,751,1.114801,0.516854,2.817618833333333,32.8768,20.0,6.8593,15.2397,1.992,23.0323,1.130143,1.114801,4.690357,1.116664,7.643156,1.210592,Stable Watchlist,1.888753395198764,22.86383680602725,22.86383680602725,Weighted Ensemble,Adaptive Momentum,Constrained dynamic ensemble excluding XGBoost,2026-07-03,2026-05-22,22.3799991607666,20.3234752818305,25.257983827817963,22.3799991607666,21.34966672261556,22.6364455801957,21.56229361571068,22.713265931617293,23.2316292321185,22.65678728314173,1.2367655619056297,2026-07-07,2026-05-26,23.11000061035156,27.607441493009613,25.02059936504408,24.67133758592336,6.756109624992533,drift,0.26165109272772924,0.3696001148153104,1.1148010668940362,2026-11-10,2026-09-29,22.440000534057617,20.50325091496319,25.49620231741601,22.440000534057617,22.34299996693929,22.750243786363757,25.53362360904393,23.39630419242756,22.703279076249903,22.86383680602725,1.888753395198764
IRM,Iron Mountain Incorporated,Real Estate,REIT - Specialty,2010-01-04,2026-09-29,4106,111.5,2026-11-10,High,1411.297867791325,0.0825294188911571,29.74692505055353,27.199577203172808,5.545181290656869,Low Risk,Near-Sector Volatility,6901737000.0,144591000.0,2474396000.0,0.49,2.0949943470752364,23.763222666892133,-91.1838794912524,35.851786296696034,68.93636209909249,-47.992923901088766,Below-Sector Profitability,111.47336249934509,-0.0238901351165147,Neutral Forecast,Stable Watchlist,Weighted Ensemble,Positive adaptive forecast with manageable risk and no weak fundamentals flag,126.849828227574,0.6824592256396372,125.98999786376952,109.10766728719076,130.836309160505,92.24852039451906,111.5,124.0337,161.9679,2026-11-10,111.47336249934509,-0.0238901351165147,107.27667178916796,-3.787738305678957,,,111.5,114.40084152049724,116.42233327229818,109.89556304203884,132.26654685219728,2026-09-29,111.5,111.5,0.2974692505055353,0.2974692505055353,1565330.0,751,1.526552,0.0,2.848138833333333,30.9363,20.0,10.0533,14.7564,2.6553,21.5987,1.572237,1.527689,3.387018,1.526552,7.467944,1.607393,Stable Watchlist,-0.0238901351165147,111.47336249934509,111.47336249934509,Weighted Ensemble,Adaptive Momentum,Constrained dynamic ensemble excluding XGBoost,2026-07-03,2026-05-22,126.45999908447266,107.14448211688936,146.96355297124387,126.45999908447266,122.19633331298829,130.75849752052792,110.45287943444666,119.58056083062738,128.13095536254215,125.48439653264448,-0.7714712627638818,2026-07-07,2026-05-26,128.39999389648438,123.83141541842085,132.26869542571382,128.67114615194777,0.2111777790908569,naive,1.8674441867404508,2.2938704760466426,1.5265520192914952,2026-11-10,2026-09-29,111.5,97.82133065108803,127.0306840461302,111.5,116.42233327229818,114.40084152049724,132.26654685219728,109.89556304203884,107.27667178916796,111.47336249934509,-0.0238901351165147
KIM,Kimco Realty Corporation,Real Estate,REIT - Retail,2010-01-04,2026-09-29,4106,22.420000076293945,2026-11-10,High,263.15633486638865,0.0501246282431033,17.88236504997538,27.199577203172808,13.258886966283454,Low Risk,Near-Sector Volatility,2140116000.0,584741000.0,1450921000.0,0.82,27.322864741911182,23.763222666892133,14.979626816267167,67.79637178545462,68.93636209909249,-1.6536850494071462,Above-Sector Profitability,21.97082595731651,-2.003452798612498,Negative Forecast,Needs Further Review,Weighted Ensemble,Classified,23.765191153690097,0.5295760036968323,23.63999938964844,23.115666580200195,24.17375296638125,20.3663453426715,22.420000076293945,22.3742,25.3353,2026-11-10,21.97082595731651,-2.003452798612498,21.76736439678756,-2.910953065501804,,,22.420000076293945,22.66424150723772,23.35533332824707,20.79340143614741,25.69550256286132,2026-09-29,22.420000076293945,22.420000076293945,0.1788236504997538,0.1788236504997538,5172243.333333333,751,0.856057,0.0,2.1727176666666668,31.43,20.0,6.7467,14.3154,1.8653,25.6426,0.868165,0.861347,3.454358,0.856057,6.104196,0.892183,Needs Further Review,-2.003452798612498,21.97082595731651,21.97082595731651,Weighted Ensemble,Adaptive Momentum,Constrained dynamic ensemble excluding XGBoost,2026-07-03,2026-05-22,24.11000061035156,22.991794885834327,26.85347995823928,24.11000061035156,23.607666524251304,24.370311937327504,23.02531268828244,26.10325302777175,25.04762466813669,24.84773034244175,3.0598494957044875,2026-07-07,2026-05-26,24.540000915527344,28.05169237971619,25.84865381222044,25.71090097415839,4.771393703943075,naive,0.21122224595811656,0.2784102598636071,0.8560569586936727,2026-11-10,2026-09-29,22.420000076293945,20.311341703181423,23.76589396706785,22.420000076293945,23.35533332824707,22.66424150723772,25.69550256286132,20.79340143614741,21.76736439678756,21.97082595731651,-2.003452798612498
MAA,"Mid-America Apartment Communities, Inc.",Real Estate,REIT - Residential,2010-01-04,2026-09-29,4106,118.43000030517578,2026-11-10,High,400.4037807174426,0.0498007648304408,19.3566837709729,27.199577203172808,-15.397674103265036,Low Risk,Near-Sector Volatility,2209126000.0,446909000.0,1267312000.0,3.79,20.23012720867891,23.763222666892133,-14.86791378315734,57.36712165806749,68.93636209909249,-16.78249343125303,Below-Sector Profitability,113.5878804752362,-4.088592263330404,Negative Forecast,Needs Further Review,Weighted Ensemble,Positive adaptive forecast with manageable risk and no weak fundamentals flag,129.17999267578125,0.0,129.17999267578125,123.99926172892252,126.63353692917596,118.22695895554848,118.43000030517578,125.9345,145.8042,2026-11-10,113.5878804752362,-4.088592263330404,112.57070793275555,-4.947473070439702,,,118.43000030517578,118.08835234518358,125.6216667175293,101.96322025675094,128.42626529230182,2026-09-29,118.43000030517578,118.43000030517578,0.193566837709729,0.193566837709729,1039503.3333333334,751,0.965286,0.0,2.061212333333333,31.9479,20.0,7.8296,15.0045,2.5985,22.6195,0.990911,0.965989,3.212876,0.965286,5.20734,1.024872,Needs Further Review,-4.088592263330404,113.5878804752362,113.5878804752362,Weighted Ensemble,Adaptive Momentum,Constrained dynamic ensemble excluding XGBoost,2026-07-03,2026-05-22,131.13999938964844,121.64744909977202,144.86470590967767,131.13999938964844,128.02266642252604,130.57178521968584,120.88211345076598,136.7868658133151,135.29858566535785,132.74947057710233,1.2272923554557646,2026-07-07,2026-05-26,130.5399932861328,133.03120098140576,132.63491682210665,130.95227531200482,0.3158281347298024,naive,1.280332862006293,1.6218720979792336,0.9652860386107807,2026-11-10,2026-09-29,118.43000030517578,104.33071786339362,123.66642207667128,118.43000030517578,125.6216667175293,118.08835234518358,128.42626529230182,101.96322025675094,112.57070793275555,113.5878804752362,-4.088592263330404
O,Realty Income Corporation,Real Estate,REIT - Retail,2010-01-04,2026-09-29,4106,55.13999938964844,2026-11-10,High,452.3479279650711,0.0531967652042979,17.35045888324933,27.199577203172808,-12.165494114791992,Low Risk,Near-Sector Volatility,5749377000.0,1058590000.0,5125066000.0,1.17,18.41225579745423,23.763222666892133,-22.51785014367216,89.14124086835842,68.93636209909249,29.309464778867287,Below-Sector Profitability,52.39306521389172,-4.981745023871744,Negative Forecast,Needs Further Review,Weighted Ensemble,Classified,64.62447762808759,0.5985052570104453,64.23999786376953,62.61004791259766,65.42259534200032,61.84862850648188,55.13999938964844,61.2417,68.5145,2026-11-10,52.39306521389172,-4.981745023871744,51.46921004108559,-6.657216882835105,,,55.13999938964844,55.40144969059334,59.65466651916504,45.680495599271936,63.414540125037846,2026-09-29,55.13999938964844,55.13999938964844,0.1735045888324933,0.1735045888324933,7208510.0,751,0.807008,0.011236,1.7727683333333335,31.9094,20.0,7.1814,15.0364,2.7931,23.0797,0.838575,0.816041,3.182784,0.807008,4.137724,0.854478,Needs Further Review,-4.981745023871744,52.39306521389172,52.39306521389172,Weighted Ensemble,Adaptive Momentum,Constrained dynamic ensemble excluding XGBoost,2026-07-03,2026-05-22,62.02000045776367,57.895349790069545,66.9565444376136,62.02000045776367,63.08833325703939,62.09785577824027,64.42472273032989,62.32097740461919,62.03115453121135,62.26132476064073,0.3891072252432591,2026-07-07,2026-05-26,62.45000076293945,62.72078131919849,62.59748731711991,62.69518319212568,0.3926059666787568,naive,0.4986668480767146,0.6780233785845783,0.807008377733682,2026-11-10,2026-09-29,55.13999938964844,48.54903058364499,56.54146436101746,55.13999938964844,59.65466651916504,55.40144969059334,63.414540125037846,45.680495599271936,51.46921004108559,52.39306521389172,-4.981745023871744
PLD,"Prologis, Inc.",Real Estate,REIT - Industrial,2010-01-04,2026-09-29,4106,132.61000061035156,2026-11-10,High,828.7138148944302,0.0690464463379334,22.28158162849774,27.199577203172808,0.0,Low Risk,Near-Sector Volatility,8790127000.0,3328231000.0,7367603000.0,3.58,37.86328684443354,23.763222666892133,59.33565651087458,83.81679809631875,68.93636209909249,21.58575756555937,Above-Sector Profitability,130.39874038579492,-1.667491301092738,Neutral Forecast,Stable Watchlist,Weighted Ensemble,Classified,142.9461520470307,0.6521248744598981,142.02000427246094,136.42533416748046,147.06542550949823,126.67608179312391,132.61000061035156,133.8025,155.1959,2026-11-10,130.39874038579492,-1.667491301092738,128.22438623896,-3.3071520633484006,,,132.61000061035156,133.62962921742908,137.47266743977863,123.37356794566584,148.6842400241725,2026-09-29,132.61000061035156,132.61000061035156,0.2228158162849774,0.2228158162849774,3235033.333333333,751,1.046579,0.0,1.9477658333333332,30.2905,20.0,10.0596,14.7561,2.858,22.0359,1.090448,1.051783,2.333867,1.046579,5.05394,1.109978,Stable Watchlist,-1.667491301092738,130.39874038579492,130.39874038579492,Weighted Ensemble,Adaptive Momentum,Constrained dynamic ensemble excluding XGBoost,2026-07-03,2026-05-22,145.89999389648438,135.1693937297093,163.20284884733516,145.89999389648438,142.01499989827474,146.87148795911207,149.38842278960135,151.46755112153818,150.2568588659115,148.52619342612832,1.7999997529178935,2026-07-07,2026-05-26,146.94000244140625,155.897602421556,151.86146065668214,150.4145562980697,2.364607185881163,naive,1.4836671617296007,1.9983261280933882,1.0465791453025641,2026-11-10,2026-09-29,132.61000061035156,118.2428306700596,143.80433382594504,132.61000061035156,137.47266743977863,133.62962921742908,148.6842400241725,123.37356794566584,128.22438623896,130.39874038579492,-1.667491301092738
PSA,Public Storage,Real Estate,REIT - Industrial,2010-01-04,2026-09-29,4106,285.5799865722656,2026-11-10,High,586.9019889157173,0.0569024864607493,21.605451657945398,27.199577203172808,-17.784273553837863,Low Risk,Near-Sector Volatility,4824113000.0,1784348000.0,3481175000.0,9.04,36.98810537812858,23.763222666892133,55.65273236134709,72.16197050110559,68.93636209909249,4.679110274743606,Above-Sector Profitability,276.4685995846699,-3.190485123610053,Negative Forecast,Needs Further Review,Weighted Ensemble,Classified,302.45001220703125,0.0,302.45001220703125,288.9873352050781,304.99270411900113,270.3174729678349,285.5799865722656,279.66,334.487,2026-11-10,276.4685995846699,-3.190485123610053,272.72868680885057,-4.500070161661364,,,285.5799865722656,286.62137414015064,302.97466735839845,254.71017633509288,322.2338869224427,2026-09-29,285.5799865722656,285.5799865722656,0.216054516579454,0.216054516579454,834420.0,751,1.076375,0.011236,2.178738333333333,30.2793,20.0,8.0087,14.3734,2.3961,24.9425,1.100945,1.076572,3.155243,1.076375,5.538784,1.124511,Needs Further Review,-3.190485123610053,276.4685995846699,276.4685995846699,Weighted Ensemble,Adaptive Momentum,Constrained dynamic ensemble excluding XGBoost,2026-07-03,2026-05-22,305.25,268.7327522000434,338.2089987574224,305.25,303.6146667480469,305.9804068139415,289.146229396444,288.5186722615006,306.6527436246815,301.4760936706312,-1.2363329498341684,2026-07-07,2026-05-26,304.4700012207031,284.1808573486672,303.5069683054642,299.2339076778455,-1.7197403756904526,naive,3.371668497721358,4.260078515688004,1.076375120088136,2026-11-10,2026-09-29,285.5799865722656,251.44143403220295,303.9868383287985,285.5799865722656,302.97466735839845,286.62137414015064,322.2338869224427,254.71017633509288,272.72868680885057,276.4685995846699,-3.190485123610053
REG,Regency Centers Corporation,Real Estate,REIT - Retail,2010-01-04,2026-09-29,4106,72.66000366210938,2026-11-10,High,319.93433455711835,0.0498607579971899,15.834990821686079,27.199577203172808,1.3030051003230765,Low Risk,Near-Sector Volatility,1553524000.0,527460000.0,1152451000.0,2.82,33.952484802294656,23.763222666892133,42.87828413777651,74.18301873675591,68.93636209909249,7.61086961641756,Above-Sector Profitability,71.71876625961107,-1.2953996078438643,Neutral Forecast,Stable Watchlist,Weighted Ensemble,Classified,78.28345561985847,0.5567850407620345,77.8499984741211,77.75500055948893,78.90368052891323,68.72073941393955,72.66000366210938,72.1314,80.6372,2026-11-10,71.71876625961107,-1.2953996078438643,70.8969740324579,-2.4264100478856045,,,72.66000366210938,73.31437879636961,74.80600001017253,68.64460643513586,80.89075720146286,2026-09-29,72.66000366210938,72.66000366210938,0.1583499082168608,0.1583499082168608,1274800.0,751,0.757171,0.0,1.6229126666666664,31.9576,20.0,7.8985,14.9686,2.7168,22.4585,0.788073,0.762663,2.549942,0.757171,4.060445,0.819182,Stable Watchlist,-1.2953996078438643,71.71876625961107,71.71876625961107,Weighted Ensemble,Adaptive Momentum,Constrained dynamic ensemble excluding XGBoost,2026-07-03,2026-05-22,78.83999633789062,75.03231697614339,86.22444657668905,78.83999633789062,78.73133265177408,79.83569176934607,77.73266908538687,82.71212670918956,80.50962683266137,80.43394809801813,2.0217552437422603,2026-07-07,2026-05-26,78.98999786376953,82.92586533086597,80.31330974053989,80.50229092311355,1.914537410106278,naive,0.5922225104437934,0.782508893841137,0.7571711264579192,2026-11-10,2026-09-29,72.66000366210938,66.9006103347317,76.88392389942695,72.66000366210938,74.80600001017253,73.31437879636961,80.89075720146286,68.64460643513586,70.8969740324579,71.71876625961107,-1.2953996078438643
SBAC,SBA Communications Corporation,Real Estate,REIT - Specialty,2010-01-04,2026-09-29,4106,162.80999755859375,2026-11-10,High,585.5627167867199,0.0601655090626031,31.96769207857997,27.199577203172808,-4.771635585794679,Low Risk,Near-Sector Volatility,2815139000.0,1053632000.0,2222575000.0,9.83,37.42735261029739,23.763222666892133,57.50116528783222,78.95080846807208,68.93636209909249,14.527088555361155,Above-Sector Profitability,147.3435931213207,-9.49966505079446,Negative Forecast,Weak Fundamentals / Negative Forecast,Weighted Ensemble,Positive adaptive forecast with manageable risk and no weak fundamentals flag,221.1999969482422,0.0,221.1999969482422,201.396999613444,219.76057724725632,194.56013610095485,162.80999755859375,196.2583,274.422,2026-11-10,147.3435931213207,-9.49966505079446,143.20578149367986,-12.041162311214038,,,162.80999755859375,161.5327774463952,181.293999226888,114.38646899691643,186.6212085053531,2026-09-29,162.80999755859375,162.80999755859375,0.3196769207857997,0.3196769207857997,885303.3333333334,751,1.556331,0.550562,2.651831,29.6281,20.0,8.1495,14.3172,3.6045,24.3006,1.601735,1.556331,4.372098,1.557202,5.198557,1.625063,Weak Fundamentals / Negative Forecast,-9.49966505079446,147.3435931213207,147.3435931213207,Weighted Ensemble,Adaptive Momentum,Constrained dynamic ensemble excluding XGBoost,2026-07-03,2026-05-22,205.57000732421875,161.4752663971016,235.0844379329813,205.57000732421875,214.4103342692057,204.63591398486813,184.5179603870535,171.97048712912112,199.12030822204213,194.83408901175648,-5.222512005620505,2026-07-07,2026-05-26,201.72999572753903,161.48888079134582,190.03619331550607,188.01557852339567,-6.798402565113,drift,2.906802026592891,3.802210153845345,1.5563309482704575,2026-11-10,2026-09-29,162.80999755859375,128.0436249577029,169.55263833769854,162.80999755859375,181.293999226888,161.5327774463952,186.6212085053531,114.38646899691643,143.20578149367986,147.3435931213207,-9.49966505079446
SLG,SL Green Realty Corp.,Real Estate,REIT - Office,2010-01-04,2026-09-29,4106,49.02000045776367,2026-11-10,High,62.90317889377764,0.0390533978986703,35.05500235755966,27.199577203172808,36.87474851379455,Medium Risk,Above-Sector Volatility,940312000.0,-88277000.0,418525000.0,0.0,-9.388054177762276,23.763222666892133,-139.50665408207485,44.50916291613847,68.93636209909249,-35.43441870030967,Below-Sector Profitability,46.41120722723769,-5.321895565410604,Negative Forecast,Weak Fundamentals / Negative Forecast,Weighted Ensemble,Positive adaptive forecast with manageable risk and no weak fundamentals flag,42.40999984741211,0.0,42.40999984741211,39.46507504781087,41.48767008100237,43.85795571166031,49.02000045776367,37.9829,51.9837,2026-11-10,46.41120722723769,-5.321895565410604,44.84326121593631,-8.520479809921873,,,49.02000045776367,49.6268662131247,54.14166679382324,41.519530365637976,49.97729490431133,2026-09-29,49.02000045776367,49.02000045776367,0.3505500235755966,0.3505500235755966,811293.3333333334,751,1.762559,0.0,5.496255999999999,32.7033,20.0,7.4591,15.2038,1.1987,23.4351,1.822818,1.764439,6.041236,1.762559,19.731385,1.855099,Weak Fundamentals / Negative Forecast,-5.321895565410604,46.41120722723769,46.41120722723769,Weighted Ensemble,Adaptive Momentum,Constrained dynamic ensemble excluding XGBoost,2026-07-03,2026-05-22,43.27000045776367,34.373728402453445,49.77112910412574,43.27000045776367,42.78633346557617,44.34803688883389,33.24774569611988,36.607856802311545,42.60743420191994,41.362051135172976,-4.409404442814986,2026-07-07,2026-05-26,44.09000015258789,43.70228557490526,45.026709151988776,44.19088497575306,0.228815656194198,naive,0.914666620890299,1.136140790361697,1.7625589179158405,2026-11-10,2026-09-29,49.02000045776367,39.78881595532028,54.13581944002489,49.02000045776367,54.14166679382324,49.6268662131247,49.97729490431133,41.519530365637976,44.84326121593631,46.41120722723769,-5.321895565410604
SPG,"Simon Property Group, Inc.",Real Estate,REIT - Retail,2010-01-04,2026-09-29,4106,204.27999877929688,2026-11-10,High,452.6850860681667,0.0621264812745333,18.54923059941299,27.199577203172808,17.768077793263874,Low Risk,Near-Sector Volatility,6364505000.0,4627612000.0,7929089000.0,14.17,72.7096922698623,23.763222666892133,205.9757226075415,124.58296442535595,68.93636209909249,80.72169843583322,Above-Sector Profitability,205.74538464047043,0.7173418200167283,Neutral Forecast,Stable Watchlist,Weighted Ensemble,Classified,204.9293862364905,0.598585971447178,203.7100067138672,194.6230010986328,210.17981501988,184.7007655861614,204.27999877929688,193.6261,225.3052,2026-11-10,205.74538464047043,0.7173418200167283,201.61094613686464,-1.3065658206292952,,,204.27999877929688,209.8208450909709,210.15800018310543,204.8209297634381,227.9550634085921,2026-09-29,204.27999877929688,204.27999877929688,0.1854923059941299,0.1854923059941299,1197840.0,751,0.876508,0.011236,1.9470921666666667,30.6656,20.0,6.7473,14.5533,2.7122,25.3216,0.907191,0.884766,3.635808,0.876508,4.459638,0.918642,Stable Watchlist,0.7173418200167283,205.74538464047043,205.74538464047043,Weighted Ensemble,Adaptive Momentum,Constrained dynamic ensemble excluding XGBoost,2026-07-03,2026-05-22,204.4100036621093,189.62555468549525,228.697006035105,204.4100036621093,202.65133310953777,209.9848852187957,208.4594478010113,211.4368825127998,208.08789099412687,208.2469606604592,1.8770886598546104,2026-07-07,2026-05-26,206.94000244140625,225.8341561890372,214.70437178152835,214.4025701024979,3.606150368730482,naive,1.9084445529513847,2.53969044564748,0.8765078524188472,2026-11-10,2026-09-29,204.27999877929688,189.64892716517983,223.2080293498611,204.27999877929688,210.15800018310543,209.82084509097092,227.9550634085921,204.8209297634381,201.61094613686464,205.74538464047043,0.7173418200167283
UDR,"UDR, Inc.",Real Estate,REIT - Residential,2010-01-04,2026-09-29,4106,33.95000076293945,2026-11-10,High,307.3778903406482,0.0464146924492603,20.079046390428353,27.199577203172808,-8.950428065863038,Low Risk,Near-Sector Volatility,1712317000.0,377704000.0,1281204000.0,1.13,22.05806518302394,23.763222666892133,-7.17561547846744,74.82282778247253,68.93636209909249,8.538985093118992,Below-Sector Profitability,33.12300248158887,-2.435930081784718,Negative Forecast,Needs Further Review,Weighted Ensemble,Positive adaptive forecast with manageable risk and no weak fundamentals flag,36.54038652752262,0.5514209523756982,36.34000015258789,34.49636675516764,35.9809494926816,31.176723787026475,33.95000076293945,35.7296,42.019,2026-11-10,33.12300248158887,-2.435930081784718,32.70916621487546,-3.6548881301308103,,,33.95000076293945,33.903248268323814,35.78066660563151,31.22551520609632,37.96619409167055,2026-09-29,33.95000076293945,33.95000076293945,0.2007904639042835,0.2007904639042835,3721213.3333333335,751,0.950665,0.022472,2.3738315,32.1824,20.0,7.1566,15.3367,2.0862,23.238,0.972437,0.952972,3.751786,0.950665,6.604161,1.010968,Needs Further Review,-2.435930081784718,33.12300248158887,33.12300248158887,Weighted Ensemble,Adaptive Momentum,Constrained dynamic ensemble excluding XGBoost,2026-07-03,2026-05-22,38.0099983215332,35.515100864549254,42.955260084794986,38.0099983215332,36.25299987792969,37.923645555678135,34.217772307913336,41.5106249203979,39.6876578377854,39.05842283777521,2.758286141907196,2026-07-07,2026-05-26,38.02999877929688,40.797047869610935,39.37098666083851,38.83114436682055,2.106614812619486,naive,0.3620001475016278,0.4859104295918303,0.9506652186016352,2026-11-10,2026-09-29,33.95000076293945,30.327185312526964,36.176561790657175,33.95000076293945,35.78066660563151,33.903248268323814,37.96619409167055,31.22551520609632,32.70916621487546,33.12300248158887,-2.435930081784718
VNO,Vornado Realty Trust,Real Estate,REIT - Office,2010-01-04,2026-09-29,4106,33.88999938964844,2026-11-10,High,6.883973530151401,0.0239997170745341,29.96882011826688,27.199577203172808,23.654378665343227,Low Risk,Near-Sector Volatility,1810425000.0,904955000.0,1766781000.0,4.4,49.98577682035986,23.763222666892133,110.34931802411646,97.58929533120676,68.93636209909249,41.56432448658538,Above-Sector Profitability,33.14873349478427,-2.187270310457979,Negative Forecast,Needs Further Review,Weighted Ensemble,Positive adaptive forecast with manageable risk and no weak fundamentals flag,29.88999938964844,0.0,29.88999938964844,27.4103333791097,29.355515797932945,34.39237748525119,33.88999938964844,28.1269,36.1017,2026-11-10,33.14873349478427,-2.187270310457979,32.16439868230484,-5.091769661909976,,,33.88999938964844,34.48144159589484,36.23433329264323,32.04029861697011,35.13637480752866,2026-09-29,33.88999938964844,33.88999938964844,0.2996882011826688,0.2996882011826688,1271730.0,751,1.524659,0.516854,4.853835500000001,31.9041,20.0,6.4615,14.7475,1.1897,25.6973,1.550377,1.524659,6.375752,1.526039,16.561,1.585186,Needs Further Review,-2.187270310457979,33.14873349478427,33.14873349478427,Weighted Ensemble,Adaptive Momentum,Constrained dynamic ensemble excluding XGBoost,2026-07-03,2026-05-22,31.979999542236328,27.56748059338394,37.64726906420335,31.979999542236328,30.16266663869222,33.05049236258367,25.948597047727468,31.44602089966483,33.1322933059789,32.21552978489302,0.7364923265418636,2026-07-07,2026-05-26,32.70000076293945,38.23189942063311,34.90075779487544,34.837400019203066,6.536389010382027,drift,0.5729629550223261,0.7072368404806125,1.5246588664585876,2026-11-10,2026-09-29,33.88999938964844,29.060706962029908,37.81183072194187,33.88999938964844,36.23433329264323,34.48144159589484,35.13637480752866,32.04029861697011,32.16439868230484,33.14873349478427,-2.187270310457979
VTR,"Ventas, Inc.",Real Estate,REIT - Healthcare Facilities,2010-01-04,2026-09-29,4106,86.91000366210938,2026-11-10,High,259.1728285861498,0.0510038576253592,26.56652555050179,27.199577203172808,14.857472956180809,Low Risk,Near-Sector Volatility,5833980000.0,251381000.0,2271082000.0,0.55,4.308910897877607,23.763222666892133,-81.86731253467168,38.928518781346526,68.93636209909249,-43.52977500409904,Below-Sector Profitability,86.27487951505914,-0.7307837076149302,Neutral Forecast,Stable Watchlist,Weighted Ensemble,Positive adaptive forecast with manageable risk and no weak fundamentals flag,87.86000061035156,0.0,87.86000061035156,83.6836331685384,90.3088028317406,82.06123243395683,86.91000366210938,86.4473,99.9902,2026-11-10,86.27487951505914,-0.7307837076149302,85.26882035557408,-1.888371001474036,,,86.91000366210938,89.53188743099037,89.99399948120117,82.14219146846176,96.56697916601418,2026-09-29,86.91000366210938,86.91000366210938,0.2656652555050179,0.2656652555050179,3475086.6666666665,751,1.208724,0.011236,2.283510666666667,30.5541,20.0,7.1741,14.1611,3.1956,24.9151,1.232591,1.218648,4.111865,1.208724,4.680386,1.24885,Stable Watchlist,-0.7307837076149302,86.27487951505914,86.27487951505914,Weighted Ensemble,Adaptive Momentum,Constrained dynamic ensemble excluding XGBoost,2026-07-03,2026-05-22,88.18000030517578,82.4896849956458,98.02368665307873,88.18000030517578,86.48033345540365,90.61892430704616,92.26602050584589,90.99860320764004,90.10703998893148,89.9218718339668,1.9753589507401976,2026-07-07,2026-05-26,88.37000274658203,90.44180629783844,89.8629678966372,89.83802040361397,1.6612171680493877,naive,1.0743334452311182,1.4841319817314196,1.2087243111366937,2026-11-10,2026-09-29,86.91000366210938,76.77378163957417,96.95178062586388,86.91000366210938,89.99399948120117,89.53188743099037,96.56697916601418,82.14219146846176,85.26882035557408,86.27487951505914,-0.7307837076149302
WELL,Welltower Inc.,Real Estate,REIT - Healthcare Facilities,2010-01-04,2026-09-29,4106,232.8999938964844,2026-11-10,High,890.3968436284888,0.0718804709550078,24.62201168586661,27.199577203172808,4.174524913316958,Low Risk,Near-Sector Volatility,10667136000.0,936845000.0,2463393000.0,1.41,8.782535443440489,23.763222666892133,-63.04147982555974,23.093293270096115,68.93636209909249,-66.50056288595461,Below-Sector Profitability,236.04591925615333,1.3507623194989005,Neutral Forecast,Stable Watchlist,Weighted Ensemble,Positive adaptive forecast with manageable risk and no weak fundamentals flag,218.76797629854715,0.6570258510708923,217.33999633789065,204.58333333333337,225.4751416160947,220.2796255209148,232.8999938964844,209.0281,248.384,2026-11-10,236.04591925615333,1.3507623194989005,233.64723083585693,0.3208402571726331,,,232.8999938964844,242.86279877880145,235.7219985961914,233.32049750510896,248.1174392364273,2026-09-29,232.8999938964844,232.8999938964844,0.2462201168586661,0.2462201168586661,2597833.333333333,751,1.212605,0.0,1.97053,30.0747,20.0,7.9613,13.6321,3.9524,24.3794,1.223071,1.217849,3.371311,1.212605,3.552458,1.245886,Stable Watchlist,1.3507623194989005,236.04591925615333,236.04591925615333,Weighted Ensemble,Adaptive Momentum,Constrained dynamic ensemble excluding XGBoost,2026-07-03,2026-05-22,216.1699981689453,199.03668867442155,244.23915704738573,216.1699981689453,213.2759999593099,225.35525260948177,225.67302449850737,220.85659342612257,220.00037204618863,220.48254593809384,1.9949797870554296,2026-07-07,2026-05-26,218.1300048828125,228.30542295410305,224.6813645218685,224.40211329485368,2.8753991984783505,naive,2.7325556437174416,3.429964324465072,1.2126046834660318,2026-11-10,2026-09-29,232.8999938964844,211.85265927398828,263.00201370341546,232.8999938964844,235.7219985961914,242.86279877880145,248.1174392364273,233.32049750510896,233.64723083585693,236.04591925615333,1.3507623194989005
WY,Weyerhaeuser Company,Real Estate,REIT - Specialty,2010-01-04,2026-09-29,4106,19.549999237060547,2026-11-10,High,163.06691163974435,0.0417470351677045,29.52889578346518,27.199577203172808,11.106866426554616,Low Risk,Near-Sector Volatility,6905000000.0,324000000.0,1042000000.0,0.45,4.692251991310645,23.763222666892133,-80.25414289515506,15.090514120202752,68.93636209909249,-78.10950032653172,Below-Sector Profitability,17.452481272134037,-10.72899256666101,Negative Forecast,Weak Fundamentals / Negative Forecast,Weighted Ensemble,Classified,24.520000457763672,0.0,24.520000457763672,24.34133345286051,24.47241483415876,19.100616835549857,19.549999237060547,22.4628,26.4876,2026-11-10,17.452481272134037,-10.72899256666101,16.777838570745832,-14.179850508943163,,,19.549999237060547,19.218493877261096,22.50666675567627,13.19036216916535,23.701518123149032,2026-09-29,19.549999237060547,19.549999237060547,0.2952889578346518,0.2952889578346518,5927376.666666667,751,1.403676,0.573034,2.4334306666666667,30.0364,20.0,7.5814,14.0969,3.5784,24.707,1.407731,1.403676,4.299405,1.408783,4.621527,1.459462,Weak Fundamentals / Negative Forecast,-10.72899256666101,17.452481272134037,17.452481272134037,Weighted Ensemble,Adaptive Momentum,Constrained dynamic ensemble excluding XGBoost,2026-07-03,2026-05-22,23.65999984741211,21.45684554091902,26.41342265968938,23.65999984741211,24.058333587646484,23.462574631144605,23.469761378878168,24.05432256035761,23.89373023250977,23.806485045381343,0.6191259463818483,2026-07-07,2026-05-26,23.81999969482422,25.061457800444845,24.22752071525031,24.20161075365695,1.6020615605450854,drift,0.3324148191920944,0.4391253907969976,1.403675668128844,2026-11-10,2026-09-29,19.549999237060547,15.329765150166278,19.8691303859202,19.549999237060547,22.50666675567627,19.218493877261096,23.701518123149032,13.19036216916535,16.777838570745832,17.452481272134037,-10.72899256666101
AAPL,Apple Inc.,Technology,Consumer Electronics,2010-01-04,2026-09-29,4106,329.3999938964844,2026-11-10,High,4131.656513908172,0.1069346214627577,29.527860065109202,31.546915850446123,-10.917641759682802,Low Risk,Near-Sector Volatility,416161000000.0,112010000000.0,144748000000.0,7.49,26.91506412181824,17.9578567128236,49.87904487843671,34.78173110887373,29.446075091513418,18.120092408845657,Above-Sector Profitability,328.730767028033,-0.2031654161662526,Neutral Forecast,Stable Watchlist,Weighted Ensemble,Classified,271.3500061035156,0.0,271.3500061035156,260.44666646321616,278.61864471435547,273.04706081678603,329.3999938964844,255.0861,304.7825,2026-11-10,328.730767028033,-0.2031654161662526,327.185809175355,-0.6721872380559835,,,329.3999938964844,337.93683921891574,325.0499989827474,323.6478734620609,329.5778566781916,2026-09-29,329.3999938964844,329.3999938964844,0.295278600651092,0.295278600651092,41596926.66666666,751,1.331336,0.52809,2.290599333333333,29.4327,20.0,7.6362,14.2726,4.3127,24.3457,1.392207,1.331336,4.321151,1.334934,3.969905,1.394063,Stable Watchlist,-0.2031654161662526,328.730767028033,328.730767028033,Weighted Ensemble,Adaptive Momentum,Constrained dynamic ensemble excluding XGBoost,2026-07-03,2026-05-22,308.82000732421875,292.9681005753803,364.3311460678586,308.82000732421875,282.06299947102866,316.1475687900419,298.97255474045585,360.4098520711749,330.2578933374511,326.7069081668644,5.7920149013748565,2026-07-07,2026-05-26,308.3299865722656,360.4823034901756,330.92377064282914,326.75964801398766,5.977252373862941,drift,4.145853637376106,5.7456016212796195,1.3313357215709225,2026-11-10,2026-09-29,329.3999938964844,288.74910679619006,374.2484899429125,329.3999938964844,325.0499989827474,337.93683921891574,329.5778566781916,323.6478734620609,327.185809175355,328.730767028033,-0.2031654161662526
ACN,Accenture plc,Technology,Information Technology Services,2010-01-04,2026-09-29,4106,177.1199951171875,2026-11-10,Moderate,472.286845616366,0.0550006492543801,56.62697906026817,31.546915850446123,-20.492710319888133,High Risk,Near-Sector Volatility,69672977000.0,7678433000.0,12482657000.0,12.29,11.020675921455172,17.9578567128236,-38.63033825420061,17.9160666552256,29.446075091513418,-39.156350720612174,Below-Sector Profitability,161.66737522109187,-8.724379133971714,Negative Forecast,Weak Fundamentals / Negative Forecast,Weighted Ensemble,Negative adaptive forecast plus below-sector profitability,178.7100067138672,0.0,178.7100067138672,190.7646031697591,164.92699141729446,161.98863246273322,177.1199951171875,141.8279,194.4678,2026-11-10,161.66737522109187,-8.724379133971714,165.44548053259015,-6.591302453951156,,,177.1199951171875,173.23738030632848,184.15499877929688,136.05076813506216,132.11484433011515,2026-09-29,177.1199951171875,177.1199951171875,0.5662697906026817,0.5662697906026817,5004473.333333333,751,2.478489,0.494382,6.180712333333333,31.1946,20.0,6.4294,14.58,1.8037,25.9923,2.542044,2.478489,10.381302,2.479048,16.656147,2.547244,Weak Fundamentals / Negative Forecast,-8.724379133971714,161.66737522109187,161.66737522109187,Weighted Ensemble,Adaptive Momentum,Constrained dynamic ensemble excluding XGBoost,2026-07-03,2026-05-22,179.24000549316406,146.58518302839727,217.76434223801823,179.24000549316406,180.5756673177083,175.87841462211398,176.19220352165323,175.7461306128356,182.28151397917017,178.66456269786252,-0.3210459594208656,2026-07-07,2026-05-26,177.0,191.716351770825,178.23624676462137,180.1916354445766,1.803183866992432,drift,4.007352992430193,5.60972145266585,2.478489090614307,2026-11-10,2026-09-29,177.1199951171875,126.07106394618174,207.31434631212923,177.1199951171875,184.15499877929688,173.23738030632848,132.11484433011515,136.05076813506216,165.44548053259015,161.66737522109187,-8.724379133971714
ADBE,Adobe Inc.,Technology,Software - Application,2010-01-04,2026-09-29,4106,233.1699981689453,2026-11-10,Moderate,563.5211784606703,0.0667829353481542,49.71645689847069,31.546915850446123,1.9821156375016549,Medium Risk,Near-Sector Volatility,23769000000.0,7130000000.0,9815000000.0,16.73,29.99705498758888,17.9578567128236,67.04139846582115,41.29328116454205,29.446075091513418,40.23356605662903,Above-Sector Profitability,210.52462013296176,-9.711960463959713,Negative Forecast,Weak Fundamentals / Negative Forecast,Weighted Ensemble,Classified,246.1000061035156,0.0,246.1000061035156,242.0890004475912,231.23333885556173,266.1520762183577,233.1699981689453,213.4944,285.6111,2026-11-10,210.52462013296176,-9.711960463959713,210.6908779092801,-9.640657218420436,,,233.1699981689453,225.7884555526965,261.8016672770182,172.6012984811192,200.88986997970548,2026-09-29,233.1699981689453,233.1699981689453,0.4971645689847069,0.4971645689847069,5174756.666666667,751,2.47514,0.494382,5.322427333333334,31.2567,20.0,6.8163,14.299,2.2605,25.3675,2.522063,2.47514,8.888756,2.476556,13.011736,2.560313,Weak Fundamentals / Negative Forecast,-9.711960463959713,210.52462013296176,210.52462013296176,Weighted Ensemble,Adaptive Momentum,Constrained dynamic ensemble excluding XGBoost,2026-07-03,2026-05-22,244.7599945068359,198.66049080365025,280.88173287895614,244.7599945068359,246.7326675415039,240.7472962911716,217.18161683882352,221.51045897328143,239.4015088260441,236.2204540498413,-3.488944536953753,2026-07-07,2026-05-26,240.4900054931641,224.2790155127432,229.61274841895465,232.16675093599952,-3.460956533347978,drift,6.04202808073267,7.632878128432855,2.4751398304263446,2026-11-10,2026-09-29,233.1699981689453,169.2297241707824,261.89616451422324,233.1699981689453,261.8016672770182,225.78845555269652,200.88986997970548,172.6012984811192,210.6908779092801,210.52462013296176,-9.711960463959713
ADI,"Analog Devices, Inc.",Technology,Semiconductors,2010-01-04,2026-09-29,4106,398.2200012207031,2026-11-10,High,1742.7378686041998,0.0888839152968564,42.29110391367344,31.546915850446123,-4.741621880786132,Medium Risk,Near-Sector Volatility,11019707000.0,2267342000.0,5098653000.0,4.59,20.575338346110293,17.9578567128236,14.57569060241786,46.26849879039433,29.446075091513418,57.12959586837864,Above-Sector Profitability,441.3342822878149,10.82674926797984,Positive Forecast,Potential Opportunity,Weighted Ensemble,Positive adaptive forecast with manageable risk and no weak fundamentals flag,405.04025727619353,0.6911568247085829,402.260009765625,347.9943339029948,427.5558885846819,280.15779978599744,398.2200012207031,401.5823,511.6831,2026-11-10,441.3342822878149,10.82674926797984,431.9516001006095,8.470593836699702,,,398.2200012207031,411.4943137942594,371.8936665852864,532.9765217497097,446.2825077862473,2026-09-29,398.2200012207031,398.2200012207031,0.4229110391367344,0.4229110391367344,3627443.3333333335,751,1.97398,0.561798,3.668328,28.7178,20.0,10.6208,14.2321,2.3609,24.0685,2.064554,1.97398,3.722581,1.979945,10.199836,2.069072,Potential Opportunity,10.82674926797984,441.3342822878149,441.3342822878149,Weighted Ensemble,Adaptive Momentum,Constrained dynamic ensemble excluding XGBoost,2026-07-03,2026-05-22,397.0700073242187,327.5549883120164,443.3463530125055,397.0700073242187,395.0609995524089,409.0988739041194,390.2130096900719,344.0018599452604,379.47545181658586,381.0778260135144,-4.027547035967959,2026-07-07,2026-05-26,419.9400024414063,411.67997544206776,425.6214171904087,420.39135782953787,0.1074809223954781,drift,7.73201283809756,10.576818189886282,1.9739795242111327,2026-11-10,2026-09-29,398.2200012207031,366.52541989678144,531.4118425329198,398.2200012207031,371.8936665852864,411.4943137942594,446.2825077862473,532.9765217497097,431.9516001006095,441.3342822878149,10.82674926797984
ADP,"Automatic Data Processing, Inc.",Technology,Software - Application,2010-01-04,2026-09-29,4106,261.79998779296875,2026-11-10,High,730.4346835039091,0.0610923530780812,28.96542262073013,31.546915850446123,-30.722834055155257,Low Risk,Below-Sector Volatility,20560900000.0,4079700000.0,6348400000.0,10.02,19.842030261321245,17.9578567128236,10.492196138040065,30.87608032722304,29.446075091513418,4.856352608167317,Above-Sector Profitability,248.66464257478992,-5.017320790926181,Negative Forecast,Weak Fundamentals / Negative Forecast,Weighted Ensemble,Positive adaptive forecast with manageable risk and no weak fundamentals flag,211.94000244140625,0.0,211.94000244140625,202.09833272298167,202.82398405529204,258.9949386111754,261.79998779296875,201.3589,252.031,2026-11-10,248.66464257478992,-5.017320790926181,247.74002908939693,-5.370496317475166,,,261.79998779296875,262.7396508233626,274.3356658935547,222.1527699472395,237.24938454596284,2026-09-29,261.79998779296875,261.79998779296875,0.2896542262073013,0.2896542262073013,2204400.0,751,1.361042,0.011236,4.7506656666666665,32.7269,20.0,7.1674,15.4111,1.1282,23.5663,1.425234,1.362649,5.271315,1.361042,17.630933,1.452821,Weak Fundamentals / Negative Forecast,-5.017320790926181,248.66464257478992,248.66464257478992,Weighted Ensemble,Adaptive Momentum,Constrained dynamic ensemble excluding XGBoost,2026-07-03,2026-05-22,225.3099975585937,208.55909689988576,272.76060116037337,225.3099975585937,208.3496668497721,225.7083957860384,180.6727589866742,266.67545278421204,242.71276313268825,238.509338701606,5.858302465952325,2026-07-07,2026-05-26,218.3500061035156,239.681721571138,224.1460070317183,223.8398635796888,2.514246541202538,naive,3.4150014241536453,4.5299810930706865,1.3610421445144696,2026-11-10,2026-09-29,261.79998779296875,218.96116453081623,282.3975868019536,261.79998779296875,274.3356658935547,262.7396508233626,237.24938454596284,222.1527699472395,247.74002908939693,248.66464257478992,-5.017320790926181
ADSK,"Autodesk, Inc.",Technology,Software - Application,2010-01-04,2026-09-29,4106,203.17999267578125,2026-11-10,Moderate,823.2567171624894,0.0793444765772308,46.2322802994884,31.546915850446123,12.776812717485758,Medium Risk,Near-Sector Volatility,7206000000.0,1124000000.0,2207000000.0,5.28,15.598112683874549,17.9578567128236,-13.140454713974698,30.627255065223423,29.446075091513418,4.011332478230465,Below-Sector Profitability,182.07200251019864,-10.388813331273772,Negative Forecast,Weak Fundamentals / Negative Forecast,Weighted Ensemble,Classified,238.544433616982,0.6516597540008519,237.0,237.54199981689453,232.72737920851927,320.7780805209908,203.17999267578125,204.5196,269.3351,2026-11-10,182.07200251019864,-10.388813331273772,177.24942857018365,-12.762360980579206,,,203.17999267578125,202.9509820990604,231.2949986775716,146.66251979105826,191.87781930600613,2026-09-29,203.17999267578125,203.17999267578125,0.462322802994884,0.462322802994884,2219036.6666666665,751,2.228027,0.561798,4.5645351666666665,30.7068,20.0,6.4202,14.1724,2.9107,25.7899,2.253523,2.238772,8.919132,2.23555,9.512207,2.228027,Weak Fundamentals / Negative Forecast,-10.388813331273772,182.07200251019864,182.07200251019864,Weighted Ensemble,Adaptive Momentum,Constrained dynamic ensemble excluding XGBoost,2026-07-03,2026-05-22,240.9900054931641,201.4300610753046,284.0204400040961,240.9900054931641,239.853667195638,242.9532548948932,229.3230776123839,230.7594716660047,242.85312218484685,239.186652170768,-0.7483104200548515,2026-07-07,2026-05-26,238.22999572753903,244.8292664152666,237.6431490537824,239.952344890244,0.7229774560692916,recent_momentum_10d,5.027022508525211,6.76099764470414,2.2280269425523858,2026-11-10,2026-09-29,203.17999267578125,148.61492837675527,223.061131611451,203.17999267578125,231.2949986775716,202.9509820990604,191.87781930600613,146.66251979105826,177.24942857018365,182.07200251019864,-10.388813331273772
AKAM,"Akamai Technologies, Inc.",Technology,Software - Infrastructure,2010-01-04,2026-09-29,4106,108.4499969482422,2026-11-10,Moderate,297.2993944977555,0.0597404262764965,54.11994756927649,31.546915850446123,14.871900670350916,Medium Risk,Near-Sector Volatility,4208175000.0,452031000.0,1403073000.0,3.11,10.741734837548345,17.9578567128236,-40.183647696232406,33.34160295139817,29.446075091513418,13.229361970239218,Below-Sector Profitability,110.88388893446825,2.2442527014432336,Positive Forecast,Needs Further Review,Weighted Ensemble,Positive adaptive forecast with manageable risk and no weak fundamentals flag,103.54317025058018,0.5468701449684539,102.9800033569336,104.99400024414062,105.5990509759812,69.60307933369992,108.4499969482422,85.6486,136.1157,2026-11-10,110.88388893446825,2.2442527014432336,106.30509518654496,-1.977779457864712,,,108.4499969482422,108.51530526414768,109.06399968465168,118.13982549559373,136.01958319888695,2026-09-29,108.4499969482422,108.4499969482422,0.5411994756927649,0.5411994756927649,4622353.333333333,751,2.550518,0.0,5.716086,30.5786,20.0,7.2641,14.692,2.0737,25.3917,2.668522,2.55407,8.868683,2.550518,15.016798,2.637925,Needs Further Review,2.2442527014432336,110.88388893446825,110.88388893446825,Weighted Ensemble,Adaptive Momentum,Constrained dynamic ensemble excluding XGBoost,2026-07-03,2026-05-22,147.22999572753906,106.04026696219982,206.7210385643142,147.22999572753906,118.62033386230468,150.35057807151165,120.1432604670241,145.79930181537452,158.33857262014862,148.05659092408916,0.5614312439971693,2026-07-07,2026-05-26,148.2100067138672,134.6947625830911,157.73493774798527,145.54869985110312,-1.795632374473849,naive,3.0875557793511272,4.123249826726004,2.550518325970569,2026-11-10,2026-09-29,108.4499969482422,87.42653057727865,140.63507660713356,108.4499969482422,109.06399968465168,108.51530526414768,136.01958319888695,118.13982549559373,106.30509518654496,110.88388893446825,2.2442527014432336
AMAT,"Applied Materials, Inc.",Technology,Semiconductor Equipment & Materials,2010-01-04,2026-09-29,4106,512.010009765625,2026-11-10,Moderate,3481.908266000716,0.1153543071067088,75.14505114849219,31.546915850446123,19.215072770069348,High Risk,Near-Sector Volatility,28368000000.0,6998000000.0,10156000000.0,8.71,24.668640721940218,17.9578567128236,37.369626656640406,35.80090242526791,29.446075091513418,21.581237275272738,Above-Sector Profitability,618.945090421332,20.885349625226475,Positive Forecast,High Volatility Speculative,Weighted Ensemble,Classified,397.29249878951896,0.7104130965348266,394.489990234375,376.6046651204427,423.8073683239165,265.5303242122177,512.010009765625,336.3595,490.2099,2026-11-10,618.945090421332,20.885349625226475,598.4312858110716,16.878825491127863,,,512.010009765625,539.34341004682,465.34466959635415,802.9915374083699,611.4309275724845,2026-09-29,512.010009765625,512.010009765625,0.7514505114849218,0.7514505114849218,6464043.333333333,751,3.42234,0.595506,6.83622,30.8265,20.0,6.9674,13.8507,2.3124,26.0429,3.508572,3.540812,10.811731,3.537795,16.19607,3.42234,High Volatility Speculative,20.885349625226475,618.945090421332,618.945090421332,Weighted Ensemble,Adaptive Momentum,Constrained dynamic ensemble excluding XGBoost,2026-07-03,2026-05-22,432.1600036621094,345.2388810364691,546.529128099849,432.1600036621094,410.2446665445963,454.1585283003442,439.4774671956239,422.4675059624567,436.944699907977,434.3766851927357,0.5129307459834728,2026-07-07,2026-05-26,454.8900146484375,490.4472193400191,492.0103768225975,474.9593039819426,4.411899291527805,recent_momentum_10d,18.368580896413157,25.854467863110543,3.422340231349677,2026-11-10,2026-09-29,512.010009765625,444.9639957681241,860.9528604563886,512.010009765625,465.34466959635415,539.34341004682,611.4309275724845,802.9915374083699,598.4312858110716,618.945090421332,20.885349625226475
AMD,"Advanced Micro Devices, Inc.",Technology,Semiconductors,2010-01-04,2026-09-29,4106,607.5700073242188,2026-11-10,Moderate,3554.5360536582407,0.1496342654173823,70.86045139564231,31.546915850446123,78.48097426088296,High Risk,Above-Sector Volatility,34639000000.0,4335000000.0,7275000000.0,2.67,12.514795461762754,17.9578567128236,-30.310194240351564,21.00233840468836,29.446075091513418,-28.675253528979177,Below-Sector Profitability,724.0877062032688,19.1776581257199,Positive Forecast,High Volatility Speculative,Weighted Ensemble,Positive adaptive forecast but high volatility risk,357.0097709195768,0.7108185716431129,354.489990234375,253.50733235677083,385.2554655529204,288.0393972508864,607.5700073242188,340.7744,562.2866,2026-11-10,724.0877062032688,19.1776581257199,702.7518268264662,15.665983895655891,,,607.5700073242188,652.2006290377539,518.8190022786458,952.8594460249232,599.6247932082522,2026-09-29,607.5700073242188,607.5700073242188,0.7086045139564232,0.7086045139564232,20332196.666666668,751,3.56767,0.539326,6.661117999999999,29.7511,20.0,8.1857,14.3011,2.6387,25.1234,3.664495,3.56767,9.310721,3.572343,16.218946,3.632533,High Volatility Speculative,19.1776581257199,724.0877062032688,724.0877062032688,Weighted Ensemble,Adaptive Momentum,Constrained dynamic ensemble excluding XGBoost,2026-07-03,2026-05-22,467.510009765625,361.8347511726325,691.5650097772134,467.510009765625,365.02100067138673,495.6312271544188,329.97248398060583,506.5070690958932,547.0036740543887,500.2321993159149,6.999248971523482,2026-07-07,2026-05-26,503.8900146484375,667.5766762425861,622.2202425782493,579.5898195805219,15.023080976291997,drift,18.245513123346857,22.686934519408553,3.567669826949335,2026-11-10,2026-09-29,607.5700073242188,530.4398170846379,988.4307123781634,607.5700073242188,518.8190022786458,652.2006290377539,599.6247932082522,952.8594460249232,702.7518268264662,724.0877062032688,19.1776581257199
ANET,"Arista Networks, Inc.",Technology,Computer Hardware,2014-06-06,2026-09-29,2993,202.8600006103516,2026-11-10,Moderate,4924.291104403409,0.1716273099773548,54.82919830021584,31.546915850446123,43.35735487386504,Medium Risk,Above-Sector Volatility,9005700000.0,3511400000.0,3928700000.0,2.79,38.99086134337142,17.9578567128236,117.12424799295944,43.62459331312391,29.446075091513418,48.15079149783481,Above-Sector Profitability,214.43193170764107,5.704392715406008,Positive Forecast,Potential Opportunity,Weighted Ensemble,Positive adaptive forecast but high volatility risk,174.40725778385917,0.9827172740510948,172.7100067138672,147.77666676839192,183.66000711350213,165.51347072220773,202.8600006103516,157.8481,232.8853,2026-11-10,214.43193170764107,5.704392715406008,210.3578570466292,3.696074343743741,,,202.8600006103516,215.08886642525013,195.793332417806,236.1534780057717,194.8124494876808,2026-09-29,202.8600006103516,202.8600006103516,0.5482919830021584,0.5482919830021584,5081423.333333333,751,2.745299,0.539326,4.145242499999999,28.0379,20.0,10.6078,13.7678,3.413,24.1735,2.850418,2.745299,4.866688,2.749757,8.8616,2.797693,Potential Opportunity,5.704392715406008,214.43193170764107,214.43193170764107,Weighted Ensemble,Adaptive Momentum,Constrained dynamic ensemble excluding XGBoost,2026-07-03,2026-05-22,154.02999877929688,130.70882199905054,221.83256981225043,154.02999877929688,157.13233286539713,163.3880441681552,158.03776454295954,197.54597736771217,165.09940263094413,170.2805739982732,10.55026640768926,2026-07-07,2026-05-26,158.00999450683594,245.47578892593725,177.70853424491645,187.0468271636118,18.37657975206097,drift,4.866156329560062,6.043363843856543,2.7452989789716375,2026-11-10,2026-09-29,202.8600006103516,168.543291049175,272.8144979823302,202.8600006103516,195.793332417806,215.08886642525013,194.8124494876808,236.1534780057717,210.3578570466292,214.43193170764107,5.704392715406008
APH,Amphenol Corporation,Technology,Electronic Components,2010-01-04,2026-09-29,4106,84.33999633789062,2026-11-10,Moderate,2827.699467142206,0.0964555836613754,44.4080715224435,31.546915850446123,-15.435291018613828,Medium Risk,Near-Sector Volatility,23094700000.0,4270300000.0,6994300000.0,3.51,18.49038956990132,17.9578567128236,2.965458882949212,30.285303554495187,29.446075091513418,2.850052037066374,Above-Sector Profitability,92.15814758250453,9.269802684472628,Positive Forecast,Potential Opportunity,Weighted Ensemble,Classified,148.30951541524277,0.7058539503120114,147.27000427246094,138.08574244181315,155.7377439226423,180.2979802272639,84.33999633789062,125.3574,177.7683,2026-11-10,92.15814758250453,9.269802684472628,90.0511368474247,6.771568363192217,,,84.33999633789062,89.22110670325738,80.48483352661133,108.07118299896112,82.81204453585258,2026-09-29,84.33999633789062,84.33999633789062,0.444080715224435,0.444080715224435,11994443.333333334,751,2.173258,0.52809,3.0329406666666667,29.0571,20.0,8.2256,13.5015,5.676,23.5398,2.223706,2.173258,5.21495,2.175282,4.161274,2.249174,Potential Opportunity,9.269802684472628,92.15814758250453,92.15814758250453,Weighted Ensemble,Adaptive Momentum,Constrained dynamic ensemble excluding XGBoost,2026-07-03,2026-05-22,132.05999755859375,108.5951613606908,176.5685127851158,132.05999755859375,138.4986671447754,138.88695042448882,157.02692384218463,144.92720463337142,134.45824834923184,138.47196877749968,4.855347067578888,2026-07-07,2026-05-26,139.55999755859375,206.5164477392565,157.2631681122926,163.09406341771177,16.863045479230053,drift,1.706613408588936,2.1786106858575542,2.173258007903179,2026-11-10,2026-09-29,84.33999633789062,75.82848739829419,112.00439910172524,84.33999633789062,80.48483352661133,89.22110670325738,82.81204453585258,108.07118299896112,90.0511368474247,92.15814758250453,9.269802684472628
AVGO,Broadcom Inc.,Technology,Semiconductors,2010-01-04,2026-09-29,4106,355.1000061035156,2026-11-10,Moderate,31385.56369407022,0.1688427092042913,49.21907358947913,31.546915850446123,20.63611534013134,Medium Risk,Near-Sector Volatility,63887000000.0,23126000000.0,35322000000.0,4.91,36.19828760154648,17.9578567128236,101.57354065364326,55.28824330458466,29.446075091513418,87.76099406375269,Above-Sector Profitability,373.6171814123463,5.214636719390182,Positive Forecast,Potential Opportunity,Weighted Ensemble,Positive adaptive forecast with manageable risk and no weak fundamentals flag,420.47094914712807,0.7284949631562956,417.4299926757813,360.85035095214846,444.5486246744792,465.7566251874055,355.1000061035156,392.1378,525.1267,2026-11-10,373.6171814123463,5.214636719390182,357.5445289938933,0.6884040688146573,,,355.1000061035156,376.2688686772316,359.42999877929685,407.1611992742029,395.3274392405473,2026-09-29,355.1000061035156,355.1000061035156,0.4921907358947913,0.4921907358947913,25422996.666666668,751,2.254998,0.0,3.666498166666667,30.5644,20.0,8.5603,14.6532,4.1067,22.1154,2.351733,2.27357,5.856105,2.254998,6.853232,2.409351,Potential Opportunity,5.214636719390182,373.6171814123463,373.6171814123463,Weighted Ensemble,Adaptive Momentum,Constrained dynamic ensemble excluding XGBoost,2026-07-03,2026-05-22,414.1400146484375,338.2730699892107,486.69774336709776,414.1400146484375,413.7070017496745,444.9225602352883,406.8768041777673,369.9843986977961,403.555635821517,405.7545314665126,-2.0247942447781337,2026-07-07,2026-05-26,422.010009765625,403.3215332950465,422.92551085419433,422.612543565997,0.1427771347666896,naive,8.759779527452256,12.469001340390655,2.2549981270838124,2026-11-10,2026-09-29,355.1000061035156,300.9880640762469,463.7718730638598,355.1000061035156,359.42999877929685,376.2688686772316,395.3274392405473,407.1611992742029,357.5445289938933,373.6171814123463,5.214636719390182
BR,"Broadridge Financial Solutions, Inc.",Technology,Information Technology Services,2010-01-04,2026-09-29,4106,160.9499969482422,2026-11-10,High,847.4593306534183,0.0648381350243039,32.38493102827566,31.546915850446123,-28.6876002700587,Low Risk,Below-Sector Volatility,6889100000.0,839500000.0,1521800000.0,7.17,12.18591688319229,17.9578567128236,-32.14158527899157,22.08996821065161,29.446075091513418,-24.98162100721495,Below-Sector Profitability,152.02965026396123,-5.54230932178864,Negative Forecast,Weak Fundamentals / Negative Forecast,Weighted Ensemble,Negative adaptive forecast plus below-sector profitability,153.97999572753906,0.0,153.97999572753906,160.9259989420573,144.26600174676804,238.45785086964472,160.9499969482422,129.2624,165.1134,2026-11-10,152.02965026396123,-5.54230932178864,152.11591520711772,-5.488711965595937,,,160.9499969482422,160.33955058795573,172.36800079345704,135.9886083433805,126.72423368708954,2026-09-29,160.9499969482422,160.9499969482422,0.3238493102827566,0.3238493102827566,1113843.3333333333,751,1.613256,0.0,4.314148333333333,31.369,20.0,7.241,14.4849,1.4894,25.4157,1.648106,1.616825,5.561262,1.613256,13.779073,1.666368,Weak Fundamentals / Negative Forecast,-5.54230932178864,152.02965026396123,152.02965026396123,Weighted Ensemble,Adaptive Momentum,Constrained dynamic ensemble excluding XGBoost,2026-07-03,2026-05-22,150.49000549316406,131.2289560642009,175.4241888024292,150.49000549316406,154.1556660970052,150.46532447979442,147.66693043280216,153.49953146997095,151.30553266941146,151.72584870400976,0.8212128152934638,2026-07-07,2026-05-26,146.9499969482422,140.59932293724393,141.90298837087215,144.09281157151236,-1.9443248969485656,naive,2.550110880533855,3.215436237534624,1.6132562677031672,2026-11-10,2026-09-29,160.9499969482422,131.8740013095533,175.26589266923227,160.9499969482422,172.36800079345704,160.33955058795573,126.72423368708954,135.9886083433805,152.11591520711772,152.02965026396123,-5.54230932178864
CDNS,"Cadence Design Systems, Inc.",Technology,Software - Application,2010-01-04,2026-09-29,4106,324.1700134277344,2026-11-10,High,5285.457557206825,0.1167021982454863,44.03784911724965,31.546915850446123,-0.3176562376843778,Medium Risk,Near-Sector Volatility,5296759000.0,1108888000.0,1983139000.0,4.09,20.935217177145496,17.9578567128236,16.57970943824149,37.440612268747735,29.446075091513418,27.149754771692503,Above-Sector Profitability,378.83056813252574,16.861693691781447,Positive Forecast,Potential Opportunity,Weighted Ensemble,Positive adaptive forecast with manageable risk and no weak fundamentals flag,329.5899963378906,0.0,329.5899963378906,297.7280008951823,332.8483290899368,380.6732620160933,324.1700134277344,305.5258,426.7411,2026-11-10,378.83056813252574,16.861693691781447,362.1460635181303,11.714855945138716,,,324.1700134277344,328.28515231901395,307.87233479817706,508.3997822292274,337.46122940378666,2026-09-29,324.1700134277344,324.1700134277344,0.4403784911724965,0.4403784911724965,2521793.333333333,751,1.915357,0.0,4.190538666666667,32.0042,20.0,7.2333,15.1065,2.576,23.0799,1.978331,1.92081,7.008316,1.915357,10.270085,2.050333,Potential Opportunity,16.861693691781447,378.83056813252574,378.83056813252574,Weighted Ensemble,Adaptive Momentum,Constrained dynamic ensemble excluding XGBoost,2026-07-03,2026-05-22,373.5899963378906,319.914827113808,474.9227306812089,373.5899963378906,336.99066670735675,382.5859822644212,309.9090960006021,408.261327751345,406.6850840606396,389.7881774480808,4.335817679534407,2026-07-07,2026-05-26,381.75,439.6391047890587,421.4914195655969,405.10185646515777,6.117054738744667,naive,6.62355448404948,9.779492035826102,1.9153572500340954,2026-11-10,2026-09-29,324.1700134277344,312.212158624392,459.66371067651335,324.1700134277344,307.87233479817706,328.28515231901395,337.46122940378666,508.3997822292274,362.1460635181303,378.83056813252574,16.861693691781447
CDW,CDW Corporation,Technology,Information Technology Services,2013-06-27,2026-09-29,3230,129.7100067138672,2026-11-10,Moderate,756.2594439583419,0.0828838107927589,52.325399255987534,31.546915850446123,-9.200590289553162,Medium Risk,Near-Sector Volatility,22424100000.0,1066600000.0,1950400000.0,8.13,4.75648966959655,17.9578567128236,-73.51304364623886,8.697784972418068,29.446075091513418,-70.46198875270532,Below-Sector Profitability,113.80842739256252,-12.25933119900505,Negative Forecast,Weak Fundamentals / Negative Forecast,Weighted Ensemble,Positive adaptive forecast with manageable risk and no weak fundamentals flag,138.0334538683946,0.8205756893103745,136.91000366210938,128.0496676127116,134.48027946835472,133.2493857228499,129.7100067138672,125.6687,161.2275,2026-11-10,113.80842739256252,-12.25933119900505,108.93162600159876,-16.019103875389,,,129.7100067138672,127.4577676464952,144.04966684977214,82.70675182781095,129.2526162914827,2026-09-29,129.7100067138672,129.7100067138672,0.5232539925598754,0.5232539925598754,1656160.0,751,2.458748,0.0,5.0823825000000005,28.2971,20.0,10.101,15.7719,2.4085,23.4215,2.601054,2.459411,5.87057,2.458748,14.461278,2.643234,Weak Fundamentals / Negative Forecast,-12.25933119900505,113.80842739256252,113.80842739256252,Weighted Ensemble,Adaptive Momentum,Constrained dynamic ensemble excluding XGBoost,2026-07-03,2026-05-22,110.81999969482422,92.87220887275888,146.67834218946336,110.81999969482422,122.02133407592774,108.93923269991636,102.8327095653873,131.07294156352378,113.77134037809384,116.71478755037788,5.319245507838574,2026-07-07,2026-05-26,108.58999633789062,128.96721543750846,109.37912224648288,113.99220811669552,4.974870578312999,naive,3.377110544840494,4.498589986378102,2.4587482380439836,2026-11-10,2026-09-29,129.7100067138672,90.4423906107058,143.21114311672105,129.7100067138672,144.04966684977214,127.4577676464952,129.2526162914827,82.70675182781095,108.93162600159876,113.80842739256252,-12.25933119900505
CRM,"Salesforce, Inc.",Technology,Software - Application,2010-01-04,2026-09-29,4106,225.3099975585937,2026-11-10,Moderate,857.6142974947516,0.0808914639956012,56.949612517914304,31.546915850446123,14.657086511612578,High Risk,Near-Sector Volatility,41525000000.0,7457000000.0,12548000000.0,7.85,17.9578567128236,17.9578567128236,0.0,30.21794099939796,29.446075091513418,2.621286217214724,Above-Sector Profitability,200.3714422827241,-11.068552459321802,Negative Forecast,Weak Fundamentals / Negative Forecast,Weighted Ensemble,Classified,176.52999877929688,0.0,176.52999877929688,181.775043741862,165.9054020472935,182.0651943645737,225.3099975585937,147.9918,201.1785,2026-11-10,200.3714422827241,-11.068552459321802,204.3350334289385,-9.30938012380054,,,225.3099975585937,226.2200983473697,236.79933217366536,154.23555173771547,173.82240495938464,2026-09-29,225.3099975585937,225.3099975585937,0.569496125179143,0.569496125179143,15312083.333333334,751,2.46655,0.505618,5.640141833333334,30.6049,20.0,6.9047,14.4923,2.0675,25.9306,2.520834,2.46655,8.964051,2.467895,14.903432,2.518089,Weak Fundamentals / Negative Forecast,-11.068552459321802,200.3714422827241,200.3714422827241,Weighted Ensemble,Adaptive Momentum,Constrained dynamic ensemble excluding XGBoost,2026-07-03,2026-05-22,180.07000732421875,148.1828502110489,216.78769793715483,180.07000732421875,179.19100138346354,179.08401422935762,170.3024773207041,174.92042189854808,182.774927765437,179.232304485044,-0.4652095324605848,2026-07-07,2026-05-26,179.0800018310547,183.9359636957264,179.4306484194809,179.7998501936969,0.401970267635646,drift,4.878144454410194,7.363716196370091,2.4665497593962544,2026-11-10,2026-09-29,225.3099975585937,156.03193086888464,257.3108892448203,225.3099975585937,236.79933217366536,226.2200983473697,173.82240495938464,154.23555173771547,204.3350334289385,200.3714422827241,-11.068552459321802
CSCO,"Cisco Systems, Inc.",Technology,Communication Equipment,2010-01-04,2026-09-29,4106,106.94000244140624,2026-11-10,High,475.8482917608336,0.0560757370172191,36.0293614059277,31.546915850446123,-17.85399438306319,Medium Risk,Near-Sector Volatility,56654000000.0,10180000000.0,16166000000.0,2.63,17.968722420305717,17.9578567128236,0.0605067055377437,28.53461361951495,29.446075091513418,-3.0953581051661265,Above-Sector Profitability,105.42655237535736,-1.4152328702985844,Neutral Forecast,Stable Watchlist,Weighted Ensemble,Positive adaptive forecast with manageable risk and no weak fundamentals flag,92.05257294732674,0.6039048604663798,91.5,83.21132965087891,95.72025226411364,82.94973763641659,106.94000244140624,88.1284,114.5065,2026-11-10,105.42655237535736,-1.4152328702985844,104.89510288581418,-1.912193294284316,,,106.94000244140624,109.87149530164774,109.45133310953776,98.07399419868544,127.58664819434964,2026-09-29,106.94000244140624,106.94000244140624,0.360293614059277,0.360293614059277,17043330.0,751,1.650043,0.0,3.868984,31.2592,20.0,7.7146,15.3574,2.106,23.5628,1.706859,1.662739,5.729594,1.650043,10.723906,1.740763,Stable Watchlist,-1.4152328702985844,105.42655237535736,105.42655237535736,Weighted Ensemble,Adaptive Momentum,Constrained dynamic ensemble excluding XGBoost,2026-07-03,2026-05-22,120.41000366210938,120.00975021664078,171.96332650718378,120.41000366210938,96.63533325195311,124.816368286983,93.56582686467983,188.840475998202,146.7544017962005,143.65679886642943,19.306365332862608,2026-07-07,2026-05-26,118.33000183105467,185.57838378071705,139.07450786973328,139.93205558254223,18.255770655974324,naive,1.9172220018174904,2.6587458763262046,1.650042583950626,2026-11-10,2026-09-29,106.94000244140624,89.99734959144173,123.50094748580152,106.94000244140624,109.45133310953776,109.87149530164774,127.58664819434964,98.07399419868544,104.89510288581418,105.42655237535736,-1.4152328702985844
CTSH,Cognizant Technology Solutions Corporation,Technology,Information Technology Services,2010-01-04,2026-09-29,4106,56.84000015258789,2026-11-10,Moderate,156.29386985055118,0.0399295751561298,49.12894259437584,31.546915850446123,-7.658303997925903,Medium Risk,Near-Sector Volatility,21108000000.0,2230000000.0,4066000000.0,4.57,10.5647148000758,17.9578567128236,-41.16940028521555,19.26283873412924,29.446075091513418,-34.58266110419267,Below-Sector Profitability,51.32060222294256,-9.7104115320697,Negative Forecast,Weak Fundamentals / Negative Forecast,Weighted Ensemble,Negative adaptive forecast plus below-sector profitability,52.900001525878906,0.0,52.900001525878906,59.47033322652181,50.62563632783436,66.94101089098228,56.84000015258789,40.0857,53.7293,2026-11-10,51.32060222294256,-9.7104115320697,52.24813120134768,-8.078587155019815,,,56.84000015258789,56.44185735190213,60.92266654968262,41.19238096198386,45.39480494663397,2026-09-29,56.84000015258789,56.84000015258789,0.4912894259437584,0.4912894259437584,6048740.0,751,2.271582,0.0,6.447155,31.9288,20.0,6.1919,14.4936,1.3986,25.9871,2.277389,2.272429,10.280282,2.271582,19.302868,2.27838,Weak Fundamentals / Negative Forecast,-9.7104115320697,51.32060222294256,51.32060222294256,Weighted Ensemble,Adaptive Momentum,Constrained dynamic ensemble excluding XGBoost,2026-07-03,2026-05-22,52.75,45.30207312509423,65.44299304134768,52.75,53.85866673787435,52.367716622683815,59.269602129089336,56.09476503477234,55.230314494895865,54.44908866348605,3.221021163006733,2026-07-07,2026-05-26,51.810001373291016,60.31644139254169,52.60270677378865,54.20939413563431,4.631138194835524,naive,1.1748890346950949,1.571082368493205,2.2715815988580994,2026-11-10,2026-09-29,56.84000015258789,41.36052934832107,63.67917079456842,56.84000015258789,60.92266654968262,56.44185735190213,45.39480494663397,41.19238096198386,52.24813120134768,51.32060222294256,-9.7104115320697
DXC,DXC Technology Company,Technology,Information Technology Services,2010-01-04,2026-09-29,4106,10.329999923706056,2026-11-10,Moderate,-35.9345915251888,0.028694862550538,53.12736983898333,31.546915850446123,41.7860475753549,Medium Risk,Above-Sector Volatility,12871000000.0,389000000.0,2373000000.0,2.15,3.022298189728848,17.9578567128236,-83.17005064657498,18.43679589775464,29.446075091513418,-37.38793424775219,Below-Sector Profitability,9.06646482486475,-12.23170482258815,Negative Forecast,Weak Fundamentals / Negative Forecast,Weighted Ensemble,Negative adaptive forecast plus below-sector profitability,11.273596955274986,-0.4099182049488151,11.31999969482422,12.248333231608074,10.794999712989446,8.205678282913226,10.329999923706056,8.2073,12.5008,2026-11-10,9.06646482486475,-12.23170482258815,9.153758957653316,-11.386650287899949,,,10.329999923706056,10.0381092144832,11.064666716257731,6.5866987576057525,8.992288706649862,2026-09-29,10.329999923706056,10.329999923706056,0.5312736983898333,0.5312736983898333,2469700.0,751,2.549755,0.022472,5.386579666666666,30.9174,20.0,8.2915,15.2572,2.2199,23.314,2.674165,2.549899,6.973058,2.549755,14.858134,2.714467,Weak Fundamentals / Negative Forecast,-12.23170482258815,9.06646482486475,9.06646482486475,Weighted Ensemble,Adaptive Momentum,Constrained dynamic ensemble excluding XGBoost,2026-07-03,2026-05-22,9.5,7.032317783096726,13.20299202344919,9.5,10.98133331934611,9.146166509548404,11.36746923297337,9.713132223804012,9.3497209327424,9.63574779643936,1.4289241730458864,2026-07-07,2026-05-26,9.25,10.45509580527088,8.98702704026063,9.596723620449334,3.74836346431712,naive,0.2581110848320855,0.3361200049943505,2.549755001699508,2026-11-10,2026-09-29,10.329999923706056,7.179694421600416,11.449064485698065,10.329999923706056,11.064666716257731,10.0381092144832,8.992288706649862,6.5866987576057525,9.153758957653316,9.06646482486475,-12.23170482258815
FFIV,"F5, Inc.",Technology,Software - Infrastructure,2010-01-04,2026-09-29,4106,438.0700073242188,2026-11-10,High,500.0370445410078,0.0666096345316271,34.434217970171574,31.546915850446123,7.492374567583643,Low Risk,Near-Sector Volatility,3088072000.0,692380000.0,909316000.0,11.96,22.42110935237261,17.9578567128236,24.85403860228949,29.446075091513418,29.446075091513418,0.0,Above-Sector Profitability,446.6692231015507,1.9629775226696928,Neutral Forecast,Stable Watchlist,Weighted Ensemble,Positive adaptive forecast with manageable risk and no weak fundamentals flag,325.872612612837,0.6090209180377543,323.8999938964844,300.2983337402344,331.1833263578869,296.8213203417515,438.0700073242188,309.2732,401.4231,2026-11-10,446.6692231015507,1.9629775226696928,444.7942961212129,1.534980410566519,,,438.0700073242188,455.8573372425898,411.3589986165365,460.3679244404838,446.07872537693936,2026-09-29,438.0700073242188,438.0700073242188,0.3443421797017157,0.3443421797017157,517430.0,751,1.744467,0.539326,4.046478833333333,31.4535,20.0,8.6851,15.1069,1.9117,22.8429,1.82573,1.744467,4.938508,1.747564,12.152254,1.87035,Stable Watchlist,1.9629775226696928,446.6692231015507,446.6692231015507,Weighted Ensemble,Adaptive Momentum,Constrained dynamic ensemble excluding XGBoost,2026-07-03,2026-05-22,393.6300048828125,377.10488740744455,525.1511440388933,393.6300048828125,335.41899922688805,409.71164516117904,295.12434218421265,541.044007996592,457.9767956543245,445.0135537763738,13.053768324612008,2026-07-07,2026-05-26,397.0,540.0346758447379,453.56599071216704,445.3237546228688,12.172230383594162,drift,7.091214067260699,8.783106959227997,1.7444672818492417,2026-11-10,2026-09-29,438.0700073242188,383.9796665749521,519.5936457932161,438.0700073242188,411.3589986165365,455.8573372425898,446.07872537693936,460.3679244404838,444.7942961212129,446.6692231015507,1.9629775226696928
FIS,"Fidelity National Information Services, Inc.",Technology,Information Technology Services,2010-01-04,2026-09-29,4106,33.349998474121094,2026-11-10,High,156.5165611408606,0.0378860372604478,35.439889957265905,31.546915850446123,-13.923186770911638,Medium Risk,Near-Sector Volatility,10677000000.0,382000000.0,3468000000.0,0.73,3.5777840217289505,17.9578567128236,-80.07677598199079,32.48103399831413,29.446075091513418,10.306836810571795,Below-Sector Profitability,29.840779505107257,-10.52239619062327,Negative Forecast,Weak Fundamentals / Negative Forecast,Weighted Ensemble,Classified,46.52999877929688,0.0,46.52999877929688,47.10199966430664,42.94337136404855,59.58102079072464,33.349998474121094,39.8061,51.6928,2026-11-10,29.840779505107257,-10.52239619062327,29.376820195297,-11.91357859253636,,,33.349998474121094,32.70746334428308,38.57066650390625,23.76075998378625,29.461295906816066,2026-09-29,33.349998474121094,33.349998474121094,0.354398899572659,0.354398899572659,6064750.0,751,1.806803,0.573034,3.582121666666666,30.568,20.0,6.994,14.268,2.9815,25.1885,1.820022,1.806803,6.468985,1.81228,7.739866,1.844774,Weak Fundamentals / Negative Forecast,-10.52239619062327,29.840779505107257,29.840779505107257,Weighted Ensemble,Adaptive Momentum,Constrained dynamic ensemble excluding XGBoost,2026-07-03,2026-05-22,43.560001373291016,36.8752529646921,51.60243283723734,43.560001373291016,45.47599983215332,43.13209749823912,38.71038475525451,43.77067719499704,43.78555543302666,43.621700614105606,0.1416419625101792,2026-07-07,2026-05-26,42.220001220703125,41.802773119700014,40.85656336608968,41.72789596208315,-1.1655737669156248,drift,0.7365256119212973,0.9209195121624919,1.806803066575279,2026-11-10,2026-09-29,33.349998474121094,25.53960651978089,34.86632109162459,33.349998474121094,38.57066650390625,32.70746334428308,29.461295906816066,23.76075998378625,29.376820195297,29.840779505107257,-10.52239619062327
FTNT,"Fortinet, Inc.",Technology,Software - Infrastructure,2010-01-04,2026-09-29,4106,175.9600067138672,2026-11-10,Moderate,4583.888877335889,0.1276317296916937,44.30144062125468,31.546915850446123,30.61852234634715,Medium Risk,Above-Sector Volatility,6799600000.0,1853400000.0,2454300000.0,2.45,27.257485734454967,17.9578567128236,51.78585156540735,36.09477028060474,29.446075091513418,22.57922377915668,Above-Sector Profitability,181.1890813580304,2.9717404209164178,Positive Forecast,Needs Further Review,Weighted Ensemble,Classified,84.91299388701965,0.7152133150126498,84.30999755859375,82.04199956258138,81.94094975789388,70.0795866805642,175.9600067138672,75.9315,98.5899,2026-11-10,181.1890813580304,2.9717404209164178,181.74835103704532,3.2895795080246453,,,175.9600067138672,183.8678223831357,164.5366663614909,187.18492576250875,176.8707446518318,2026-09-29,175.9600067138672,175.9600067138672,0.4430144062125468,0.4430144062125468,4312470.0,751,2.162832,0.0,6.300380499999999,30.1324,20.0,7.6012,16.1881,1.5086,24.5696,2.272779,2.167356,8.266031,2.162832,20.621039,2.312246,Needs Further Review,2.9717404209164178,181.1890813580304,181.1890813580304,Weighted Ensemble,Adaptive Momentum,Constrained dynamic ensemble excluding XGBoost,2026-07-03,2026-05-22,133.92999267578125,129.74716922419833,197.0306091669825,133.92999267578125,99.39299952189128,137.59364373130026,82.55966961786056,210.0440395160368,165.38123421510866,159.8879726243827,19.38175268286674,2026-07-07,2026-05-26,133.9600067138672,209.330090269064,163.9346030345583,159.5583634976856,19.10895453931665,naive,3.394889322916667,4.380324787863961,2.162831547644366,2026-11-10,2026-09-29,175.9600067138672,149.15371017774476,220.10503905162295,175.9600067138672,164.5366663614909,183.86782238313572,176.8707446518318,187.18492576250875,181.74835103704535,181.1890813580304,2.9717404209164178
FTV,Fortive Corporation,Technology,Scientific & Technical Instruments,2016-07-05,2026-09-29,2470,55.40999984741211,2026-11-10,High,103.17521099067424,0.0427029900808603,25.821872699897508,31.546915850446123,-15.87177208160853,Low Risk,Near-Sector Volatility,4159100000.0,579200000.0,1160300000.0,1.74,13.926089779038731,17.9578567128236,-22.45127020590272,27.89786251833329,29.446075091513418,-5.257789258393648,Below-Sector Profitability,54.64308640054168,-1.3840704728069966,Neutral Forecast,Stable Watchlist,Weighted Ensemble,Classified,59.790000915527344,0.0,59.790000915527344,58.21500002543131,60.73785918099539,43.87037045757253,55.40999984741211,53.6086,67.9078,2026-11-10,54.64308640054168,-1.3840704728069966,53.82460827206121,-2.861201190609536,,,55.40999984741211,55.4048536307354,57.09766629536946,52.40355372301507,63.105183920621926,2026-09-29,55.40999984741211,55.40999984741211,0.2582187269989751,0.2582187269989751,2199926.6666666665,751,1.221221,0.0,2.0822736666666666,29.3816,20.0,9.6943,14.1691,3.1836,23.5714,1.260969,1.222045,2.617588,1.221221,4.895494,1.276325,Stable Watchlist,-1.3840704728069966,54.64308640054168,54.64308640054168,Weighted Ensemble,Adaptive Momentum,Constrained dynamic ensemble excluding XGBoost,2026-07-03,2026-05-22,59.130001068115234,50.73469735107311,66.84634966230753,59.130001068115234,60.10033340454102,59.57469281914612,59.83968836364266,55.395407062961006,58.34237121499982,58.23597959287008,-1.5119591731704507,2026-07-07,2026-05-26,60.31999969482422,60.35000460578232,60.86657824008231,60.551999184206856,0.3846145400470623,naive,0.729999923706055,0.9784145343981073,1.2212205699613183,2026-11-10,2026-09-29,55.40999984741211,48.78475185845406,61.20492116143936,55.40999984741211,57.09766629536946,55.4048536307354,63.105183920621926,52.40355372301507,53.82460827206121,54.64308640054168,-1.3840704728069966
GLW,Corning Incorporated,Technology,Electronic Components,2010-01-04,2026-09-29,4106,158.7100067138672,2026-11-10,Moderate,1139.2869309288997,0.0810379705499077,89.50217586139837,31.546915850446123,0.0,High Risk,Near-Sector Volatility,15629000000.0,1596000000.0,3735000000.0,1.87,10.211785782839591,17.9578567128236,-43.13471843470375,23.897882142171603,29.446075091513418,-18.84187597871352,Below-Sector Profitability,178.2048048170084,12.283282262275826,Positive Forecast,High Volatility Speculative,Weighted Ensemble,Positive adaptive forecast with manageable risk and no weak fundamentals flag,165.34344439210324,0.6718453860409188,164.24000549316406,154.46666819254557,178.57812690734863,108.64338943285748,158.7100067138672,132.298,216.7212,2026-11-10,178.2048048170084,12.283282262275826,167.63935752260053,5.626205299601408,,,158.7100067138672,169.59867459026307,152.90600077311197,214.40063754688924,205.22057681916425,2026-09-29,158.7100067138672,158.7100067138672,0.8950217586139837,0.8950217586139837,8638060.0,751,4.275929,0.573034,7.842200166666667,29.185,20.0,9.096,13.9645,2.3708,25.3836,4.371129,4.312445,9.543637,4.278867,20.271194,4.275929,High Volatility Speculative,12.283282262275826,178.2048048170084,178.2048048170084,Weighted Ensemble,Adaptive Momentum,Constrained dynamic ensemble excluding XGBoost,2026-07-03,2026-05-22,194.0500030517578,147.97360390341473,284.2362446005413,194.0500030517578,176.44566752115887,208.8430447981257,179.5338570310339,217.04404943396503,206.5687897837879,205.0840351502637,5.686179811892529,2026-07-07,2026-05-26,196.1699981689453,166.0224892487285,204.14018151794795,192.1811743215712,-2.033350606415812,recent_momentum_10d,7.534301214561418,10.663914661678547,4.275928858849752,2026-11-10,2026-09-29,158.7100067138672,120.28410007349775,264.0162119553912,158.7100067138672,152.90600077311197,169.59867459026307,205.22057681916425,214.40063754688924,167.63935752260053,178.2048048170084,12.283282262275826
GRMN,Garmin Ltd.,Technology,Scientific & Technical Instruments,2010-01-04,2026-09-29,4106,290.2300109863281,2026-11-10,High,1237.3592135858223,0.0791225273894196,35.0618539395657,31.546915850446123,-9.808613554220148,Medium Risk,Near-Sector Volatility,7245519000.0,1663887000.0,2064835000.0,8.65,22.964359074898567,17.9578567128236,27.87917535002857,28.49809654767312,29.446075091513418,-3.219371481238636,Above-Sector Profitability,304.239003687178,4.826858757039364,Positive Forecast,Needs Further Review,Weighted Ensemble,Classified,252.8381324006056,0.6761698714200016,251.13999938964844,249.82066650390624,257.1333919706799,231.87195394265217,290.2300109863281,216.6025,277.0214,2026-11-10,304.239003687178,4.826858757039364,301.9405230432821,4.034907354052239,,,290.2300109863281,302.4493937413191,284.2933349609375,326.81107092363806,285.19897130247625,2026-09-29,290.2300109863281,290.2300109863281,0.350618539395657,0.350618539395657,880360.0,751,1.317587,0.0,2.736968833333333,29.2034,20.0,7.5933,15.8226,3.4127,23.9679,1.404941,1.333829,4.970925,1.317587,5.98573,1.408801,Needs Further Review,4.826858757039364,304.239003687178,304.239003687178,Weighted Ensemble,Adaptive Momentum,Constrained dynamic ensemble excluding XGBoost,2026-07-03,2026-05-22,240.7100067138672,209.8503103879672,284.777968920352,240.7100067138672,247.9459996541341,248.90033244809223,239.62161533234143,242.5796611107396,244.39899077829435,244.4601095671659,1.5579339240999894,2026-07-07,2026-05-26,238.52999877929688,227.34303535940137,237.91029873541385,238.1293786332813,-0.1679537785879287,naive,3.524444240993927,5.950101102707625,1.3175870325154562,2026-11-10,2026-09-29,290.2300109863281,260.81944843386987,354.88676906712885,290.2300109863281,284.2933349609375,302.4493937413191,285.19897130247625,326.81107092363806,301.9405230432821,304.239003687178,4.826858757039364
HPE,Hewlett Packard Enterprise Company,Technology,Communication Equipment,2015-10-19,2026-09-29,2648,61.4900016784668,2026-11-10,Moderate,298.13919039552167,0.0787789286373569,73.7184028386976,31.546915850446123,15.82889306035988,High Risk,Near-Sector Volatility,34296000000.0,57000000.0,6214000000.0,-0.04,0.1662001399580125,17.9578567128236,-99.07449901947749,18.11873104735246,29.446075091513418,-38.46809467461279,Below-Sector Profitability,68.75632942652052,11.8170882252526,Positive Forecast,High Volatility Speculative,Weighted Ensemble,Positive adaptive forecast with manageable risk and no weak fundamentals flag,28.770000457763672,0.0,28.770000457763672,25.478543980916346,30.30124230611892,25.676325794840167,61.4900016784668,27.366,37.9537,2026-11-10,68.75632942652052,11.8170882252526,67.7226546284746,10.13604290108585,,,61.4900016784668,64.66880344338797,56.73533350626628,81.93110314444819,58.89365860244099,2026-09-29,61.4900016784668,61.4900016784668,0.737184028386976,0.737184028386976,23130856.666666668,751,3.411817,0.0,7.7960545,30.3548,20.0,7.8407,14.7289,1.8366,25.2391,3.514296,3.413322,10.572547,3.411817,22.374104,3.490241,High Volatility Speculative,11.8170882252526,68.75632942652052,68.75632942652052,Weighted Ensemble,Adaptive Momentum,Constrained dynamic ensemble excluding XGBoost,2026-07-03,2026-05-22,37.58000183105469,36.17917257712513,55.53251258884841,37.58000183105469,29.70433343251546,39.04813808765381,27.83799890284983,58.93717480238592,46.405043115855705,44.823212252061104,19.27410874956611,2026-07-07,2026-05-26,38.060001373291016,59.689963933504856,46.9977626040879,45.40114758991118,19.288349846912748,naive,1.7281111823187931,2.3536159535084002,3.411816668501648,2026-11-10,2026-09-29,61.4900016784668,49.7400866957384,95.04271404121307,61.4900016784668,56.73533350626628,64.66880344338797,58.89365860244099,81.93110314444819,67.7226546284746,68.75632942652052,11.8170882252526
HPQ,HP Inc.,Technology,Computer Hardware,2010-01-04,2026-09-29,4106,30.729999542236328,2026-11-10,Moderate,39.48659450125558,0.0315722492170312,56.71763857946025,31.546915850446123,8.534020251511363,High Risk,Near-Sector Volatility,55295000000.0,2529000000.0,4537000000.0,2.67,4.573650420472014,17.9578567128236,-74.53120105805279,8.205081833800525,29.446075091513418,-72.1352275021356,Below-Sector Profitability,28.383319623987564,-7.636446316972474,Negative Forecast,Weak Fundamentals / Negative Forecast,Weighted Ensemble,Positive adaptive forecast with manageable risk and no weak fundamentals flag,20.86000061035156,0.0,20.86000061035156,19.35933322906494,20.4514038449242,20.99987730651884,30.729999542236328,19.5482,25.1952,2026-11-10,28.383319623987564,-7.636446316972474,28.91996461818653,-5.890123498251364,,,30.729999542236328,30.951950426805983,31.62533327738444,23.053104403265703,27.20663577044169,2026-09-29,30.729999542236328,30.729999542236328,0.5671763857946025,0.5671763857946025,16229720.0,751,2.688281,0.0,6.8924875000000005,29.822,20.0,8.3471,15.8149,1.7143,24.3017,2.823876,2.691651,8.489129,2.688281,21.814421,2.847567,Weak Fundamentals / Negative Forecast,-7.636446316972474,28.383319623987564,28.383319623987564,Weighted Ensemble,Adaptive Momentum,Constrained dynamic ensemble excluding XGBoost,2026-07-03,2026-05-22,25.239999771118164,23.51096519826141,34.566285459299,25.239999771118164,20.737999852498373,25.04814815596548,18.05643140650104,34.78790042804465,30.440522186659628,28.507660978529053,12.946359893196336,2026-07-07,2026-05-26,24.43000030517578,35.003957755988466,29.1117108792058,27.825870200990785,13.90040873268245,naive,0.7537776099310981,0.997307312089093,2.6882811213425177,2026-11-10,2026-09-29,30.729999542236328,22.12500104285328,36.41187773582786,30.729999542236328,31.62533327738444,30.951950426805983,27.20663577044169,23.053104403265703,28.91996461818653,28.383319623987564,-7.636446316972474
IBM,International Business Machines Corporation,Technology,Information Technology Services,2010-01-04,2026-09-29,4106,219.9900054931641,2026-11-10,Moderate,218.7324276106519,0.0391805598856091,68.7814372092704,31.546915850446123,-25.77188221749884,High Risk,Below-Sector Volatility,67536000000.0,10593000000.0,18313000000.0,11.36,15.68496801705757,17.9578567128236,-12.65679269031573,27.11590855247572,29.446075091513418,-7.913334907270104,Below-Sector Profitability,198.50752366670872,-9.765208095839114,Negative Forecast,Weak Fundamentals / Negative Forecast,Weighted Ensemble,Negative adaptive forecast plus below-sector profitability,232.13842463057745,0.5015278052065081,230.97999572753903,241.46133371988927,230.6700606573195,333.22461811844903,219.9900054931641,183.927,255.8716,2026-11-10,198.50752366670872,-9.765208095839114,197.323338858306,-10.303498372139655,,,219.9900054931641,223.9520086399364,233.87133178710937,152.86723697376968,216.5508174004884,2026-09-29,219.9900054931641,219.9900054931641,0.6878143720927039,0.6878143720927039,5196193.333333333,751,2.517087,0.0,4.3505845,29.6569,20.0,7.3834,14.3303,4.1444,24.485,2.585476,2.519104,8.299427,2.517087,7.563877,2.618536,Weak Fundamentals / Negative Forecast,-9.765208095839114,198.50752366670872,198.50752366670872,Weighted Ensemble,Adaptive Momentum,Constrained dynamic ensemble excluding XGBoost,2026-07-03,2026-05-22,253.83999633789065,230.60597282466912,352.5165227172201,253.83999633789065,234.0110000610352,260.85434626163766,253.72158523319243,342.3079414526301,291.0526282307218,285.11824855307685,12.322034614888349,2026-07-07,2026-05-26,250.69000244140625,353.52816405972703,285.3617318521776,284.91572710700166,13.652608533359832,naive,6.331223042805992,11.112380492136964,2.517086679082224,2026-11-10,2026-09-29,219.9900054931641,146.75310666297642,268.51381785589325,219.9900054931641,233.87133178710937,223.9520086399364,216.5508174004884,152.86723697376968,197.323338858306,198.50752366670872,-9.765208095839114
INTC,Intel Corporation,Technology,Semiconductors,2010-01-04,2026-09-29,4106,115.93000030517578,2026-11-10,Moderate,598.8464421420158,0.0741586956545754,78.47817204741631,31.546915850446123,16.564526495347202,High Risk,Near-Sector Volatility,52853000000.0,-267000000.0,14354000000.0,-0.06,-0.5051747299112632,17.9578567128236,-102.81311260018308,27.15834484324447,29.446075091513418,-7.769219636773542,Below-Sector Profitability,137.23155442553062,18.37449673447798,Positive Forecast,High Volatility Speculative,Weighted Ensemble,Positive adaptive forecast with manageable risk and no weak fundamentals flag,95.0716762984133,0.6262414484093891,94.4800033569336,60.6406665802002,103.3061942145938,44.6559220130244,115.93000030517578,89.7574,151.6444,2026-11-10,137.23155442553062,18.37449673447798,130.08853057916673,12.212999427861496,,,115.93000030517578,121.55536218616572,101.6523338317871,181.81443214248617,131.90376835197864,2026-09-29,115.93000030517578,115.93000030517578,0.7847817204741631,0.7847817204741631,102657236.66666669,751,3.783378,0.0,7.557815666666666,30.6597,20.0,7.6276,14.2342,2.3633,25.1153,3.848416,3.804992,11.203221,3.783378,18.887913,3.818974,High Volatility Speculative,18.37449673447798,137.23155442553062,137.23155442553062,Weighted Ensemble,Adaptive Momentum,Constrained dynamic ensemble excluding XGBoost,2026-07-03,2026-05-22,119.83999633789062,82.86732518351677,176.47353370002665,119.83999633789062,95.28766670227051,126.73084829548785,82.47326385309307,105.80623012617528,139.28092102235905,120.929275625898,0.9089446940036204,2026-07-07,2026-05-26,123.5199966430664,107.33554045201817,140.88346888947586,123.375175996299,-0.1172446977843478,naive,4.117888726128472,5.402524563135734,3.783378034938099,2026-11-10,2026-09-29,115.93000030517578,97.22307052817888,193.70401930053228,115.93000030517578,101.6523338317871,121.55536218616572,131.90376835197864,181.81443214248617,130.08853057916673,137.23155442553062,18.37449673447798
INTU,Intuit Inc.,Technology,Software - Application,2010-01-04,2026-09-29,4106,268.0299987792969,2026-11-10,Moderate,1335.693618812512,0.0826144582891046,61.98946852589772,31.546915850446123,-5.27985246395879,High Risk,Near-Sector Volatility,18831000000.0,3869000000.0,5905000000.0,13.82,20.54590834262652,17.9578567128236,14.411806883138848,31.3578673463969,29.446075091513418,6.49251979743297,Above-Sector Profitability,226.71464853485887,-15.414450036414816,Negative Forecast,Weak Fundamentals / Negative Forecast,Weighted Ensemble,Classified,388.5,0.0,388.5,405.8312021891276,361.1642136346726,749.2108369883139,268.0299987792969,315.8745,460.3701,2026-11-10,226.71464853485887,-15.414450036414816,218.47322138956585,-18.489265237260778,,,268.0299987792969,261.0623596483137,326.2979990641276,170.90347270082924,166.0217226015244,2026-09-29,268.0299987792969,268.0299987792969,0.6198946852589772,0.6198946852589772,4028386.6666666665,751,2.763629,0.617978,7.353585166666666,31.7457,20.0,5.7761,14.191,1.6563,26.631,2.775055,2.777004,13.092396,2.784471,19.928956,2.763629,Weak Fundamentals / Negative Forecast,-15.414450036414816,226.71464853485887,226.71464853485887,Weighted Ensemble,Adaptive Momentum,Constrained dynamic ensemble excluding XGBoost,2026-07-03,2026-05-22,319.94000244140625,205.6819950065683,362.83450125731656,319.94000244140625,387.05466512044273,315.6212586640116,322.23505312553294,204.00275238657952,259.0956730189427,273.1822177152424,-14.614547843146656,2026-07-07,2026-05-26,304.3500061035156,194.0621318378601,246.47049153896072,261.0704860798467,-14.22031186322653,recent_momentum_10d,8.59371343711139,12.864497833439259,2.7636292450288704,2026-11-10,2026-09-29,268.0299987792969,172.6809842586414,297.65600468954034,268.0299987792969,326.2979990641276,261.0623596483137,166.0217226015244,170.90347270082924,218.47322138956585,226.71464853485887,-15.414450036414816
IPGP,IPG Photonics Corporation,Technology,Semiconductor Equipment & Materials,2010-01-04,2026-09-29,4106,78.5199966430664,2026-11-10,Moderate,584.6286265015154,0.0861891797712393,62.128550860569355,31.546915850446123,41.90363705932303,High Risk,Above-Sector Volatility,1003777000.0,31096000.0,99868000.0,0.73,3.0978992345909497,17.9578567128236,-82.7490591770968,9.949221789301808,29.446075091513418,-66.21206134134579,Below-Sector Profitability,81.85320333780494,4.245041820226401,Positive Forecast,Needs Further Review,Weighted Ensemble,Classified,119.66214187659244,0.6240697267693913,118.91999816894533,119.80666631062826,126.03071240016394,93.2145153115164,78.5199966430664,86.5857,160.5516,2026-11-10,81.85320333780494,4.245041820226401,80.09868525761432,2.010556141162696,,,78.5199966430664,77.74092093407603,76.68366673787435,89.59990059538586,102.77648462162048,2026-09-29,78.5199966430664,78.5199966430664,0.6212855086056935,0.6212855086056935,518526.6666666667,751,3.047458,0.0,7.861542833333332,30.4056,20.0,8.1865,14.6312,1.461,25.3156,3.144667,3.051578,8.638195,3.047458,26.146243,3.141116,Needs Further Review,4.245041820226401,81.85320333780494,81.85320333780494,Weighted Ensemble,Adaptive Momentum,Constrained dynamic ensemble excluding XGBoost,2026-07-03,2026-05-22,119.0,90.5508459097144,209.71904201580483,119.0,114.90833333333332,119.19395388135362,125.99406742893176,175.7776624060255,135.2661639197468,137.80506760604294,15.80257782020415,2026-07-07,2026-05-26,119.81999969482422,186.01499470559463,135.97253794507515,140.8244227208704,17.52998087092591,naive,2.9270000033908428,3.9371272768774896,3.0474578551003284,2026-11-10,2026-09-29,78.5199966430664,62.30678413947733,107.53157925245868,78.5199966430664,76.68366673787435,77.74092093407603,102.77648462162048,89.59990059538586,80.09868525761432,81.85320333780494,4.245041820226401
IT,"Gartner, Inc.",Technology,Information Technology Services,2010-01-04,2026-09-29,4106,185.8500061035156,2026-11-10,Moderate,694.064168101258,0.0683925380380272,65.49321980524527,31.546915850446123,-5.618107045897951,High Risk,Near-Sector Volatility,6497226000.0,729231000.0,1443704000.0,9.68,11.223728403475576,17.9578567128236,-37.49962156975683,22.220313715422552,29.446075091513418,-24.53896267544798,Below-Sector Profitability,176.48891767582464,-5.036905095648464,Negative Forecast,Weak Fundamentals / Negative Forecast,Weighted Ensemble,Negative adaptive forecast plus below-sector profitability,149.43853171530944,0.6387811886699956,148.49000549316406,153.58499959309896,116.09714944022042,26.80207316196083,185.8500061035156,113.1654,175.8089,2026-11-10,176.48891767582464,-5.036905095648464,183.04020637925527,-1.5118642087615846,,,185.8500061035156,181.286739841178,187.91266733805332,159.3714733443558,127.02836894520767,2026-09-29,185.8500061035156,185.8500061035156,0.6549321980524527,0.6549321980524527,1105673.3333333333,751,2.856589,0.52809,7.497004833333334,30.6583,20.0,7.2977,14.6806,1.5215,25.8419,2.980714,2.856589,9.667278,2.864708,23.656974,2.955766,Weak Fundamentals / Negative Forecast,-5.036905095648464,176.48891767582464,176.48891767582464,Weighted Ensemble,Adaptive Momentum,Constrained dynamic ensemble excluding XGBoost,2026-07-03,2026-05-22,160.00999450683594,123.53603836418954,208.6865830410872,160.00999450683594,152.31200002034504,155.54460230849998,82.99894213957958,164.1603472229522,168.76597928150616,160.56249166183045,0.3452891531540602,2026-07-07,2026-05-26,157.88999938964844,170.82422535545837,162.1457538977082,159.19720065532323,0.8279189756970093,drift,4.6898063453403385,6.786527227389124,2.8565889066961385,2026-11-10,2026-09-29,185.8500061035156,132.3730343929776,235.30727542222476,185.8500061035156,187.91266733805335,181.286739841178,127.02836894520767,159.3714733443558,183.04020637925532,176.48891767582464,-5.036905095648464
JKHY,"Jack Henry & Associates, Inc.",Technology,Information Technology Services,2010-01-04,2026-09-29,4106,146.22000122070312,2026-11-10,High,695.0474443696063,0.0602238706582251,33.08526443426836,31.546915850446123,-30.072490465434715,Low Risk,Below-Sector Volatility,2375288000.0,455748000.0,801225000.0,6.257147,19.18706278985959,17.9578567128236,6.844948685653677,33.73169906133488,29.446075091513418,14.554143316222865,Above-Sector Profitability,138.92858963647942,-4.986603421797351,Negative Forecast,Needs Further Review,Weighted Ensemble,Classified,153.75,0.0,153.75,155.50633188883464,151.67955307733445,156.46068140659605,146.22000122070312,137.8166,170.967,2026-11-10,138.92858963647942,-4.986603421797351,137.5534821459619,-5.92704076213216,,,146.22000122070312,146.07586503220583,160.2826665242513,124.98929635281988,144.94238766349963,2026-09-29,146.22000122070312,146.22000122070312,0.3308526443426836,0.3308526443426836,1065553.3333333333,751,1.605388,0.0,3.641977833333333,31.3774,20.0,6.3851,14.3369,2.4173,25.4833,1.646433,1.607108,6.741029,1.605388,8.567246,1.684663,Needs Further Review,-4.986603421797351,138.92858963647942,138.92858963647942,Weighted Ensemble,Adaptive Momentum,Constrained dynamic ensemble excluding XGBoost,2026-07-03,2026-05-22,140.19000244140625,119.2503921977628,155.9731383764775,140.19000244140625,147.77566528320312,139.85367585412305,155.04863588524609,124.51974969369036,136.305262666967,136.38129609191603,-2.716817378672996,2026-07-07,2026-05-26,137.36000061035156,120.09482695226178,130.49978426816725,132.51717772290317,-3.525642738737316,naive,2.3828889634874124,3.101748015554155,1.605388400113783,2026-11-10,2026-09-29,146.22000122070312,120.13975430144386,160.6558389486346,146.22000122070312,160.2826665242513,146.07586503220583,144.94238766349963,124.98929635281988,137.5534821459619,138.92858963647942,-4.986603421797351
KEYS,"Keysight Technologies, Inc.",Technology,Scientific & Technical Instruments,2014-10-20,2026-09-29,2899,360.6499938964844,2026-11-10,Moderate,1138.6194819897676,0.1066060387788193,45.204667601654016,31.546915850446123,0.4243232072068978,Medium Risk,Near-Sector Volatility,5375000000.0,869000000.0,1454000000.0,4.91,16.167441860465118,17.9578567128236,-9.970092093896463,27.05116279069767,29.446075091513418,-8.133213996679551,Below-Sector Profitability,421.3606904567552,16.833688503456994,Positive Forecast,Potential Opportunity,Weighted Ensemble,Positive adaptive forecast with manageable risk and no weak fundamentals flag,353.2398173646157,0.9516200359112232,349.9100036621094,313.88999633789064,374.3576227823893,192.9427833789414,360.6499938964844,315.7668,463.5218,2026-11-10,421.3606904567552,16.833688503456994,406.2472814857604,12.643085640080065,,,360.6499938964844,375.4792448410871,331.1073333740234,549.8105917457319,405.40150809730073,2026-09-29,360.6499938964844,360.6499938964844,0.4520466760165402,0.4520466760165402,1306693.3333333333,751,2.190974,0.539326,3.839222833333333,29.1035,20.0,9.9663,13.8869,2.5876,24.4558,2.249459,2.190974,4.188242,2.194802,9.946309,2.265551,Potential Opportunity,16.833688503456994,421.3606904567552,421.3606904567552,Weighted Ensemble,Adaptive Momentum,Constrained dynamic ensemble excluding XGBoost,2026-07-03,2026-05-22,346.5599975585937,272.15813067616506,417.9955429647357,346.5599975585937,345.6199961344401,357.6374670581395,339.129486244935,308.4046981276792,342.3724545077887,337.2845765881552,-2.6764257374714338,2026-07-07,2026-05-26,355.739990234375,325.6916739271384,360.78611802582776,350.96354048991634,-1.3426800122504512,drift,7.287182513841055,9.499189836604371,2.1909744976910943,2026-11-10,2026-09-29,360.6499938964844,345.4882587980967,513.895413059321,360.6499938964844,331.1073333740234,375.4792448410871,405.40150809730073,549.8105917457319,406.2472814857604,421.3606904567552,16.833688503456994
KLAC,KLA Corporation,Technology,Semiconductor Equipment & Materials,2010-01-04,2026-09-29,4106,196.52999877929688,2026-11-10,Moderate,8293.087265061004,0.1351139955384602,75.54886604293874,31.546915850446123,17.349254081682535,High Risk,Near-Sector Volatility,12156162000.0,4061643000.0,5582707000.0,0.0,33.41221513829776,17.9578567128236,86.05903629044047,45.92491445902087,29.446075091513418,55.96277030569953,Above-Sector Profitability,234.53482521225575,19.337926356799255,Positive Forecast,High Volatility Speculative,Weighted Ensemble,Classified,1762.989405405507,0.7221087208767081,1750.3499755859375,1663.7076619466145,1877.4424423944383,1456.0275698918267,196.52999877929688,1459.638,2201.3377,2026-11-10,234.53482521225573,19.33792635679925,220.7748987403932,12.336488124809565,,,196.52999877929688,208.2724936332878,181.27100016276043,308.2203918999393,234.14056349634225,2026-09-29,196.52999877929688,196.52999877929688,0.7554886604293874,0.7554886604293874,9344583.333333334,751,3.49195,0.516854,6.897074833333334,30.6407,20.0,7.3894,14.1247,2.3562,25.4891,3.584851,3.49195,10.59855,3.492145,16.652658,3.562295,High Volatility Speculative,19.337926356799255,234.53482521225573,234.53482521225575,Weighted Ensemble,Adaptive Momentum,Constrained dynamic ensemble excluding XGBoost,2026-07-03,2026-05-22,1888.3800048828125,1513.829988940077,2494.4653848402777,1888.3800048828125,1804.985986328125,2006.1065109621104,1885.601507109303,1947.140396964969,1969.1705155017253,1943.2438102163512,2.905337124502313,2026-07-07,2026-05-26,2011.3900146484373,2605.3251007020785,2277.405778236629,2236.605396049714,11.19700206131531,drift,7.54818294744873,10.825277655257372,3.4919501709675793,2026-11-10,2026-09-29,196.52999877929688,168.30998254540444,326.817122819821,196.52999877929688,181.27100016276043,208.2724936332878,234.14056349634225,308.2203918999393,220.7748987403932,234.53482521225575,19.337926356799255
LDOS,"Leidos Holdings, Inc.",Technology,Information Technology Services,2010-01-04,2026-09-29,4106,123.0999984741211,2026-11-10,High,528.5082012926014,0.0596610078859475,37.38569151705876,31.546915850446123,-13.747310488550724,Medium Risk,Near-Sector Volatility,17174000000.0,1448000000.0,2425000000.0,11.31,8.43134971468499,17.9578567128236,-53.04924273805898,14.120181669966229,29.446075091513418,-52.04732166822541,Below-Sector Profitability,117.42740295069288,-4.608119897435048,Negative Forecast,Needs Further Review,Weighted Ensemble,Negative adaptive forecast plus below-sector profitability,149.22000122070312,0.0,149.22000122070312,155.3240005493164,149.5855999901181,225.7937208882264,123.0999984741211,125.1342,165.9394,2026-11-10,117.42740295069288,-4.608119897435048,117.3946978328816,-4.634687824499767,,,123.0999984741211,124.477751119671,132.5516665140788,106.3754197466494,98.42092485039076,2026-09-29,123.0999984741211,123.0999984741211,0.3738569151705876,0.3738569151705876,1219656.6666666667,751,1.71062,0.505618,6.355431833333333,32.1177,20.0,5.7108,14.8262,1.0322,26.3132,1.71062,1.719929,9.499089,1.718832,21.760741,1.72338,Needs Further Review,-4.608119897435048,117.42740295069288,117.42740295069288,Weighted Ensemble,Adaptive Momentum,Constrained dynamic ensemble excluding XGBoost,2026-07-03,2026-05-22,126.01000213623048,103.82025682258744,145.59383489462604,126.01000213623048,140.25233306884766,128.2461387765855,167.26994191285544,114.46903957648422,120.34288768993116,122.94547299736362,-2.43197292827102,2026-07-07,2026-05-26,128.1199951171875,129.44909800153957,125.8060282040717,129.31784935849413,0.934947148734269,adaptive_blended_momentum,2.0959564787526332,2.884291910147646,1.7106197908866716,2026-11-10,2026-09-29,123.0999984741211,99.64653161967314,138.381083010239,123.0999984741211,132.5516665140788,124.477751119671,98.42092485039076,106.3754197466494,117.3946978328816,117.42740295069288,-4.608119897435048
LRCX,Lam Research Corporation,Technology,Semiconductor Equipment & Materials,2010-01-04,2026-09-29,4106,323.8599853515625,2026-11-10,Moderate,7515.968601632294,0.1370267284057152,77.23832819037985,31.546915850446123,26.22871447677511,High Risk,Above-Sector Volatility,18435591000.0,5358217000.0,6549021000.0,4.17,29.06452524358997,17.9578567128236,61.8485196111135,35.52379199560242,29.446075091513418,20.6401596314636,Above-Sector Profitability,388.2124125907271,19.870447153052123,Positive Forecast,High Volatility Speculative,Weighted Ensemble,Positive adaptive forecast with manageable risk and no weak fundamentals flag,259.7197237543299,0.721220239050216,257.8599853515625,244.10366617838545,280.17851929437546,194.6699765058088,323.8599853515625,215.7527,327.548,2026-11-10,388.2124125907271,19.870447153052123,367.2523899259516,13.39850754556324,,,323.8599853515625,345.75917464207106,302.7616668701172,507.91356141952303,382.9021930752033,2026-09-29,323.8599853515625,323.8599853515625,0.7723832819037985,0.7723832819037985,8694410.0,751,3.550832,0.561798,6.4838008333333335,29.9689,20.0,7.8924,13.8788,2.7036,25.5563,3.650489,3.668188,9.610644,3.646212,14.77644,3.550832,High Volatility Speculative,19.870447153052123,388.2124125907271,388.2124125907271,Weighted Ensemble,Adaptive Momentum,Constrained dynamic ensemble excluding XGBoost,2026-07-03,2026-05-22,305.3500061035156,250.74332753648977,420.12186203641687,305.3500061035156,274.95433095296227,326.41608655189407,300.9743597545136,341.92293672333744,334.3040921127654,324.565484390804,6.292935288422491,2026-07-07,2026-05-26,322.67999267578125,417.82364277015097,377.2139165313824,361.9864084476758,12.181237344761064,recent_momentum_10d,11.739442294839627,16.381756350328075,3.5508322905289313,2026-11-10,2026-09-29,323.8599853515625,276.5346604395516,544.9909137970672,323.8599853515625,302.7616668701172,345.75917464207106,382.9021930752033,507.91356141952303,367.2523899259516,388.2124125907271,19.870447153052123
MCHP,Microchip Technology Incorporated,Technology,Semiconductors,2010-01-04,2026-09-29,4106,78.77999877929688,2026-11-10,Moderate,874.6660187781619,0.0811870886714239,56.987844484381334,31.546915850446123,14.184583152349267,High Risk,Near-Sector Volatility,4401600000.0,-500000.0,1121300000.0,-0.01,-0.0113595056343147,17.9578567128236,-100.06325646660386,25.47482733551436,29.446075091513418,-13.486509640612836,Below-Sector Profitability,87.10270155257237,10.564487055390352,Positive Forecast,Potential Opportunity,Weighted Ensemble,Positive adaptive forecast with manageable risk and no weak fundamentals flag,93.51933989019544,0.6558348983625956,92.91000366210938,73.59033368428548,98.66278466724214,71.7904947340163,78.77999877929688,95.7715,130.6228,2026-11-10,87.10270155257237,10.564487055390352,85.3985501823113,8.401309349542355,,,78.77999877929688,78.79644316027432,74.24399998982747,105.42121729935062,90.30241680258754,2026-09-29,78.77999877929688,78.77999877929688,0.5698784448438133,0.5698784448438133,8398206.666666666,751,2.793933,0.0,5.2224825,28.9814,20.0,9.6515,14.3569,2.3598,24.6503,2.889592,2.797394,5.965443,2.793933,14.020568,2.867965,Potential Opportunity,10.564487055390352,87.10270155257237,87.10270155257237,Weighted Ensemble,Adaptive Momentum,Constrained dynamic ensemble excluding XGBoost,2026-07-03,2026-05-22,93.43000030517578,73.3361596566979,106.76388625645976,93.43000030517578,89.83366673787435,94.12354872455391,80.32744318144574,78.31698573442642,91.346969325878,88.48532877304162,-5.292380944004175,2026-07-07,2026-05-26,98.0500030517578,95.16782085686916,102.29451416163084,98.03234704033189,-0.0180071503073723,naive,2.354665883382162,3.069811813403717,2.793932514285066,2026-11-10,2026-09-29,78.77999877929688,67.81665462385719,111.87341309943513,78.77999877929688,74.24399998982747,78.79644316027432,90.30241680258754,105.42121729935062,85.3985501823113,87.10270155257237,10.564487055390352
MSFT,Microsoft Corporation,Technology,Software - Infrastructure,2010-01-04,2026-09-29,4106,508.9599914550781,2026-11-10,High,1667.011441670293,0.0830634476793758,39.46431806695393,31.546915850446123,-18.61242481099868,Medium Risk,Near-Sector Volatility,281724000000.0,101832000000.0,160603000000.0,13.7,36.14601524896708,17.9578567128236,101.28245718296338,57.00721273302949,29.446075091513418,93.59868014959795,Above-Sector Profitability,522.177014470315,2.5968687592614987,Positive Forecast,Needs Further Review,Weighted Ensemble,Classified,407.7799987792969,0.0,407.7799987792969,392.9796661376953,409.77210635230654,593.812364507,508.9599914550781,364.0329,447.4588,2026-11-10,522.177014470315,2.5968687592614987,524.0558245607704,2.966015671002821,,,508.9599914550781,518.3791787563168,497.6589986165365,546.1989777003637,413.9782062331101,2026-09-29,508.9599914550781,508.9599914550781,0.3946431806695393,0.3946431806695393,21666980.0,751,1.695657,0.0,4.248063,31.2318,20.0,7.235,14.96,1.8601,24.7131,1.734021,1.69723,6.348483,1.695657,12.234404,1.778583,Needs Further Review,2.5968687592614987,522.177014470315,522.177014470315,Weighted Ensemble,Adaptive Momentum,Constrained dynamic ensemble excluding XGBoost,2026-07-03,2026-05-22,418.5700073242187,365.28776527024354,488.2319036636622,418.5700073242187,415.9846669514974,423.3299340103081,388.8803010038447,429.0930349168482,420.39549307208,422.3092954493613,0.8933483192087024,2026-07-07,2026-05-26,416.0299987792969,426.3060117166591,413.957970216515,418.5216871173152,0.5989203531786899,naive,7.4260006374782925,10.624178541499937,1.6956566094553553,2026-11-10,2026-09-29,508.9599914550781,439.08220011691145,620.9972400806271,508.9599914550781,497.6589986165365,518.3791787563168,413.9782062331101,546.1989777003637,524.0558245607704,522.177014470315,2.5968687592614987
MSI,"Motorola Solutions, Inc.",Technology,Communication Equipment,2010-01-04,2026-09-29,4106,446.1199951171875,2026-11-10,High,1647.722998952026,0.0817033935465364,24.23551533406696,31.546915850446123,-22.114554455561656,Low Risk,Near-Sector Volatility,11682000000.0,2154000000.0,3597000000.0,12.93,18.438623523369284,17.9578567128236,2.677194824716316,30.7909604519774,29.446075091513418,4.567282248259951,Above-Sector Profitability,428.9852439779484,-3.840839085174418,Negative Forecast,Needs Further Review,Weighted Ensemble,Classified,442.05491877008734,0.6890007514750972,439.0299987792969,441.9780039469401,439.9801018124535,391.68122329719984,446.1199951171875,401.4588,473.9191,2026-11-10,428.9852439779484,-3.840839085174418,424.0622613795665,-4.944349945988598,,,446.1199951171875,454.9758457429633,469.6820017496745,383.61830657694594,455.16879295886383,2026-09-29,446.1199951171875,446.1199951171875,0.2423551533406696,0.2423551533406696,964846.6666666666,751,1.145358,0.0,2.255309833333333,31.6152,20.0,8.0236,14.7994,3.01,22.5517,1.174751,1.150301,3.649259,1.145358,5.193773,1.218417,Needs Further Review,-3.840839085174418,428.9852439779484,428.9852439779484,Weighted Ensemble,Adaptive Momentum,Constrained dynamic ensemble excluding XGBoost,2026-07-03,2026-05-22,404.0799865722656,371.56915914316426,488.7440966749011,404.0799865722656,423.4116678873698,409.7226661171105,423.0600297213317,470.87935950122056,412.5118088192402,426.1481350864725,5.461331728256766,2026-07-07,2026-05-26,410.4800109863281,470.7007647541118,415.0720418650255,429.1763924028816,4.5547605038375805,naive,5.025110880533852,6.735936344195647,1.145357538127127,2026-11-10,2026-09-29,446.1199951171875,385.6709763281712,477.1640876450821,446.1199951171875,469.6820017496745,454.9758457429633,455.16879295886383,383.61830657694594,424.0622613795665,428.9852439779484,-3.840839085174418
MU,"Micron Technology, Inc.",Technology,Semiconductors,2010-01-04,2026-09-29,4106,1065.0799560546875,2026-11-10,Moderate,4787.227076970994,0.1423192927115229,94.4226629646052,31.546915850446123,55.20065262277465,High Risk,Above-Sector Volatility,37378000000.0,8539000000.0,18653000000.0,7.65,22.84498903098079,17.9578567128236,27.2144521270588,49.90368666060249,29.446075091513418,69.47483325200483,Above-Sector Profitability,1255.7656441739512,17.903415329080957,Positive Forecast,High Volatility Speculative,Weighted Ensemble,Positive adaptive forecast but high volatility risk,520.8621273760964,0.7158624843014486,517.1599731445312,428.25001118977866,569.5961105709985,283.7385034277231,1065.0799560546875,486.3403,793.9702,2026-11-10,1255.7656441739512,17.903415329080957,1170.2647808202066,9.875767933437508,,,1065.0799560546875,1189.0150878712786,984.602667236328,1612.302996587377,1205.8083429873486,2026-09-29,1065.0799560546875,1065.0799560546875,0.944226629646052,0.944226629646052,24997263.33333333,751,4.327487,0.0,7.541489666666666,29.996,20.0,7.6091,14.264,3.3132,24.8178,4.398815,4.335741,12.405597,4.327487,15.395016,4.386282,High Volatility Speculative,17.903415329080957,1255.7656441739512,1255.7656441739512,Weighted Ensemble,Adaptive Momentum,Constrained dynamic ensemble excluding XGBoost,2026-07-03,2026-05-22,751.0,565.9934355943824,1091.2109224577632,751.0,599.9803365071615,827.501521506227,606.1155643405616,763.7115845293098,844.417642833008,785.8868995981449,4.645392756077876,2026-07-07,2026-05-26,895.8800048828125,1280.4341645763586,1106.2625925383882,1052.037712107543,17.430649905525804,naive,41.87633599175349,57.07848788710628,4.327486694591631,2026-11-10,2026-09-29,1065.0799560546875,829.4923085536059,1901.0994277178504,1065.0799560546875,984.602667236328,1189.0150878712786,1205.8083429873486,1612.302996587377,1170.2647808202066,1255.7656441739512,17.903415329080957
NOW,"ServiceNow, Inc.",Technology,Software - Application,2012-06-29,2026-09-29,3478,129.94000244140625,2026-11-10,Moderate,1694.918621731291,0.1168318450074638,65.15748763703098,31.546915850446123,30.70593206414903,High Risk,Above-Sector Volatility,13278000000.0,1748000000.0,3022000000.0,1.69,13.164633227895768,17.9578567128236,-26.691512030525445,22.75945172465733,29.446075091513418,-22.70802932504652,Below-Sector Profitability,119.058498260442,-8.37425271395622,Negative Forecast,Weak Fundamentals / Negative Forecast,Weighted Ensemble,Negative adaptive forecast plus below-sector profitability,88.30999755859375,0.0,88.30999755859375,97.810999806722,76.37404414585659,158.53613127858455,129.94000244140625,65.1991,103.6855,2026-11-10,119.058498260442,-8.37425271395622,119.4359712129678,-8.083754833831886,,,129.94000244140625,130.75926447928404,135.35499954223633,99.775600903733,88.24626031223667,2026-09-29,129.94000244140625,129.94000244140625,0.6515748763703099,0.6515748763703099,14824256.666666666,751,3.142272,0.0,7.9279425,30.6049,20.0,8.1855,14.3232,1.4202,25.4662,3.192708,3.145419,8.255516,3.142272,26.61495,3.21679,Weak Fundamentals / Negative Forecast,-8.37425271395622,119.058498260442,119.058498260442,Weighted Ensemble,Adaptive Momentum,Constrained dynamic ensemble excluding XGBoost,2026-07-03,2026-05-22,102.12999725341795,87.22884423001221,154.21530084915796,102.12999725341795,93.75333353678386,102.21476366369872,74.59186866064576,143.52068977037104,115.43580117390364,115.98285414515227,13.56394523086186,2026-07-07,2026-05-26,99.91999816894533,130.16337991268304,104.8744972302573,108.35303814709278,8.439791966257658,naive,3.68933342827691,4.800669091443333,3.1422715793407123,2026-11-10,2026-09-29,129.94000244140625,89.4299196641747,158.50317277775767,129.94000244140625,135.35499954223633,130.75926447928404,88.24626031223667,99.775600903733,119.4359712129678,119.058498260442,-8.37425271395622
NTAP,"NetApp, Inc.",Technology,Software - Infrastructure,2010-01-04,2026-09-29,4106,209.17999267578125,2026-11-10,Moderate,341.33605056253174,0.0590042545605975,56.6324349918858,31.546915850446123,7.443106025364046,High Risk,Near-Sector Volatility,6572000000.0,1186000000.0,1778000000.0,5.81,18.04625684723068,17.9578567128236,0.4922643933557588,27.05416920267803,29.446075091513418,-8.123004106325705,Above-Sector Profitability,235.8357905589071,12.742995896572682,Positive Forecast,Potential Opportunity,Weighted Ensemble,Positive adaptive forecast with manageable risk and no weak fundamentals flag,111.39609561506636,0.5652243305715959,110.7699966430664,103.46975886027018,113.69588216145831,116.75665277746566,209.17999267578125,104.573,133.5711,2026-11-10,235.8357905589071,12.742995896572682,235.32334139523604,12.49801588815222,,,209.17999267578125,217.84830252918272,192.3596669514974,279.4473009588225,191.65359833965823,2026-09-29,209.17999267578125,209.17999267578125,0.566324349918858,0.566324349918858,2449653.333333333,751,2.299252,0.52809,6.3721565,31.0212,20.0,7.1006,14.5464,1.3656,25.9663,2.337987,2.299252,8.37855,2.303379,20.569766,2.344005,Potential Opportunity,12.742995896572682,235.8357905589071,235.8357905589071,Weighted Ensemble,Adaptive Momentum,Constrained dynamic ensemble excluding XGBoost,2026-07-03,2026-05-22,139.36000061035156,136.75677114356267,198.7329823342512,139.36000061035156,112.81533355712892,143.53804985674424,107.64821717018356,218.5599871271317,171.7945485910519,164.85775985304082,18.296325438445287,2026-07-07,2026-05-26,138.9499969482422,217.91697338775,170.45894286737845,164.38054005016664,18.301938582551493,drift,4.013847080064438,5.956207688878638,2.2992518901737204,2026-11-10,2026-09-29,209.17999267578125,183.90449264675163,302.4315464406742,209.17999267578125,192.3596669514974,217.84830252918272,191.65359833965823,279.4473009588225,235.32334139523604,235.8357905589071,12.742995896572682
NVDA,NVIDIA Corporation,Technology,Semiconductors,2010-01-04,2026-09-29,4106,227.2100067138672,2026-11-10,High,46992.42289336836,0.1908159879016456,39.628127474606636,31.546915850446123,44.332088783677584,Medium Risk,Above-Sector Volatility,215938000000.0,120067000000.0,144552000000.0,4.93,55.60253406070261,17.9578567128236,209.62789685807644,66.94143689392325,29.446075091513418,127.33568628715577,Above-Sector Profitability,242.907107086414,6.90863074191738,Positive Forecast,Potential Opportunity,Weighted Ensemble,High volatility risk without a strong enough positive signal,201.0253999451772,0.7292642018066632,199.57000732421875,188.60933329264324,210.3528277079264,233.8913914486716,227.2100067138672,179.6794,235.1515,2026-11-10,242.907107086414,6.90863074191738,238.195131548828,4.834789186373608,,,227.2100067138672,242.46017411536064,220.64000040690104,279.0344981787596,222.8620856824722,2026-09-29,227.2100067138672,227.2100067138672,0.3962812747460664,0.3962812747460664,123081843.33333331,751,1.946325,0.0,2.588822166666666,26.4223,20.0,10.8617,14.5993,7.3225,20.7943,2.052178,1.969845,3.871934,1.946325,3.591834,2.100817,Potential Opportunity,6.90863074191738,242.907107086414,242.907107086414,Weighted Ensemble,Adaptive Momentum,Constrained dynamic ensemble excluding XGBoost,2026-07-03,2026-05-22,215.3300018310547,184.61997875069653,257.97341438987075,215.3300018310547,209.7326670328776,232.7340719860803,209.3144775945248,215.72048789429687,215.15766628906616,218.23621670772835,1.3496562726794752,2026-07-07,2026-05-26,214.8600006103516,201.6856003626426,211.4482243100452,213.0822201759304,-0.827413399130165,naive,4.121777513292102,5.263495039961858,1.9463250455008922,2026-11-10,2026-09-29,227.2100067138672,204.1060425451853,289.0843501609131,227.2100067138672,220.64000040690104,242.46017411536064,222.8620856824722,279.0344981787596,238.195131548828,242.907107086414,6.90863074191738
ORCL,Oracle Corporation,Technology,Software - Infrastructure,2010-01-04,2026-09-29,4106,137.7899932861328,2026-11-10,Moderate,709.0791444694988,0.069548246875046,61.75450979642421,31.546915850446123,-2.032721724121693,High Risk,Near-Sector Volatility,57399000000.0,12443000000.0,24711000000.0,4.46,21.678078015296435,17.9578567128236,20.716399300681847,43.05127267025558,29.446075091513418,46.20377261302063,Above-Sector Profitability,133.3310690124285,-3.236029095701446,Negative Forecast,Needs Further Review,Weighted Ensemble,Negative adaptive forecast but fundamentals are not clearly weak,161.38999938964844,0.0,161.38999938964844,157.18741607666016,164.00886898949034,327.206527925709,137.7899932861328,122.1245,182.5466,2026-11-10,133.3310690124285,-3.236029095701446,129.25433955973762,-6.1946833168575415,,,137.7899932861328,139.2060727699619,146.87466634114585,130.38673439717377,110.95814948843464,2026-09-29,137.7899932861328,137.7899932861328,0.6175450979642421,0.6175450979642421,30180926.666666668,751,3.062334,0.52809,6.811194333333333,31.3877,20.0,5.9819,14.2474,2.6001,25.7829,3.062334,3.14482,14.376201,3.131959,14.06777,3.084082,Needs Further Review,-3.236029095701446,133.3310690124285,133.3310690124285,Weighted Ensemble,Adaptive Momentum,Constrained dynamic ensemble excluding XGBoost,2026-07-03,2026-05-22,192.0800018310547,148.43765755733742,242.46809222063987,192.0800018310547,180.6963333129883,197.26321072194904,153.60405339936142,180.92260055535417,194.0803729583444,189.7139837798686,-1.2317878116573124,2026-07-07,2026-05-26,193.0599975585937,190.7387827203226,200.6448046032626,194.6641626399359,0.8309153121455393,adaptive_blended_momentum,4.948627208080304,6.786435276695641,3.062333781279224,2026-11-10,2026-09-29,137.7899932861328,101.65867415787744,174.87119629741335,137.7899932861328,146.87466634114585,139.2060727699619,110.95814948843464,130.38673439717377,129.25433955973762,133.3310690124285,-3.236029095701446
PAYC,"Paycom Software, Inc.",Technology,Software - Application,2014-04-15,2026-09-29,3029,218.5800018310547,2026-11-10,Moderate,744.8225581787796,0.1125679280982761,54.39492869910504,31.546915850446123,44.69473761946576,Medium Risk,Above-Sector Volatility,2051700000.0,453400000.0,799100000.0,8.13,22.09874738022128,17.9578567128236,23.05893589428573,38.948189306428816,29.446075091513418,32.26954419352814,Above-Sector Profitability,210.60251062807407,-3.649689420876936,Negative Forecast,Needs Further Review,Weighted Ensemble,High volatility risk without a strong enough positive signal,126.76000213623048,0.0,126.76000213623048,123.2263328552246,114.8603564671108,181.2131077418337,218.5800018310547,109.6694,150.2713,2026-11-10,210.60251062807407,-3.649689420876936,211.71237685225185,-3.14192740473622,,,218.5800018310547,217.0667157720413,226.68500010172525,195.7683081667392,170.71690451226212,2026-09-29,218.5800018310547,218.5800018310547,0.5439492869910504,0.5439492869910504,721516.6666666666,751,2.189548,0.0,8.278410666666668,32.6847,20.0,6.5402,15.7019,0.9605,24.1127,2.283,2.195041,9.684079,2.189548,31.017212,2.301584,Needs Further Review,-3.649689420876936,210.60251062807407,210.60251062807407,Weighted Ensemble,Adaptive Momentum,Constrained dynamic ensemble excluding XGBoost,2026-07-03,2026-05-22,137.8000030517578,112.61909818096387,167.73356591596993,137.8000030517578,131.0279993693034,133.88184987569096,85.81414921259693,140.62811435786884,141.49425265402377,137.44090704056703,-0.2605921649042931,2026-07-07,2026-05-26,132.82000732421875,117.2922195331959,128.72463935436065,126.1617663496496,-5.012980430211942,naive,3.7122217814127603,6.104429690284625,2.189547550527237,2026-11-10,2026-09-29,218.5800018310547,165.84938156581669,267.43191360798994,218.5800018310547,226.68500010172525,217.0667157720413,170.71690451226212,195.76830816673916,211.71237685225185,210.60251062807407,-3.649689420876936
PAYX,"Paychex, Inc.",Technology,Software - Application,2010-01-04,2026-09-29,4106,99.30999755859376,2026-11-10,High,416.1210911354753,0.0501237416528775,34.3779599835982,31.546915850446123,-28.54973977877036,Low Risk,Below-Sector Volatility,5571700000.0,1657300000.0,2490800000.0,4.6,29.74496114291868,17.9578567128236,65.63759037946872,44.704488755676,29.446075091513418,51.81815782491223,Above-Sector Profitability,85.3165561886548,-14.090667318446677,Negative Forecast,Weak Fundamentals / Negative Forecast,Weighted Ensemble,Classified,92.62999725341795,0.0,92.62999725341795,91.42399978637695,86.82150940668014,105.933958231418,99.30999755859376,83.4519,104.3004,2026-11-10,85.3165561886548,-14.090667318446677,81.25292525024555,-18.18253222460748,,,99.30999755859376,98.77113697972408,117.58100051879885,63.32285018084897,103.64347145991448,2026-09-29,99.30999755859376,99.30999755859376,0.343779599835982,0.343779599835982,3045196.6666666665,751,1.595209,0.0,5.2820675,31.6926,20.0,6.5903,14.493,1.0667,26.1573,1.629915,1.596025,6.322139,1.595209,18.902399,1.646718,Weak Fundamentals / Negative Forecast,-14.090667318446677,85.3165561886548,85.3165561886548,Weighted Ensemble,Adaptive Momentum,Constrained dynamic ensemble excluding XGBoost,2026-07-03,2026-05-22,97.0,87.0424548810445,114.16087297602832,97.0,92.4009994506836,96.55500523373207,73.36250549951157,106.82526179819207,102.3799697049901,99.68371298861514,2.766714421252724,2026-07-07,2026-05-26,94.8000030517578,97.61447000038056,96.28280837388203,94.96735328612398,0.1765297774039252,naive,1.7496665106879343,2.368844438212065,1.595209451311805,2026-11-10,2026-09-29,99.30999755859376,73.36059040335033,99.22104933822165,99.30999755859376,117.58100051879885,98.77113697972408,103.64347145991448,63.32285018084897,81.25292525024555,85.3165561886548,-14.090667318446677
QCOM,QUALCOMM Incorporated,Technology,Semiconductors,2010-01-04,2026-09-29,4106,184.1000061035156,2026-11-10,Moderate,476.20201664133015,0.0655207308979902,63.524449178104604,31.546915850446123,7.687597017717131,High Risk,Near-Sector Volatility,44284000000.0,5541000000.0,14929000000.0,5.05,12.51241983560654,17.9578567128236,-30.323423136172504,33.71195014000542,29.446075091513418,14.487075222196468,Below-Sector Profitability,180.27913784246283,-2.075430817152918,Negative Forecast,Needs Further Review,Weighted Ensemble,Positive adaptive forecast with manageable risk and no weak fundamentals flag,179.5800018310547,0.0,179.5800018310547,134.828000386556,183.87318020775209,173.9016781953608,184.1000061035156,189.3983,259.6311,2026-11-10,180.27913784246283,-2.075430817152918,179.90728309645195,-2.277416006551443,,,184.1000061035156,187.8570044769226,176.19466756184897,173.43167824410958,182.5434459720749,2026-09-29,184.1000061035156,184.1000061035156,0.635244491781046,0.635244491781046,13388593.333333334,751,3.111268,0.0,5.785375500000001,30.2016,20.0,6.8748,14.2256,3.2823,25.4157,3.140947,3.117309,10.834338,3.111268,11.373549,3.134842,Needs Further Review,-2.075430817152918,180.27913784246283,180.27913784246283,Weighted Ensemble,Adaptive Momentum,Constrained dynamic ensemble excluding XGBoost,2026-07-03,2026-05-22,238.1600036621093,209.9310286211656,349.67611383086114,238.1600036621093,175.25500081380207,246.20531490324657,159.83242660665584,305.91985796708053,294.08793773074615,270.93886074309177,13.763376124014334,2026-07-07,2026-05-26,248.82000732421875,286.0130139896971,307.2512667741892,273.88427004234705,10.073250534660156,naive,6.087888760036889,8.174458871383823,3.111268328554388,2026-11-10,2026-09-29,184.1000061035156,136.39004550919512,238.2913461160961,184.1000061035156,176.19466756184897,187.8570044769226,182.5434459720749,173.43167824410958,179.90728309645195,180.27913784246283,-2.075430817152918
QRVO,"Qorvo, Inc.",Technology,Semiconductors,2015-01-02,2026-09-29,2848,116.75,2026-11-10,Moderate,33.835226105880174,0.0475969228083798,44.843095125664,31.546915850446123,37.30749768367719,Medium Risk,Above-Sector Volatility,3718971000.0,55615000.0,633632000.0,0.59,1.495440539869765,17.9578567128236,-91.67249987688186,17.037831163512703,29.446075091513418,-42.13887212281431,Below-Sector Profitability,115.9108784680102,-0.7187336462439433,Neutral Forecast,Stable Watchlist,Weighted Ensemble,Positive adaptive forecast with manageable risk and no weak fundamentals flag,94.47100227122814,0.2663989039196344,94.22000122070312,81.27800013224284,97.978334517706,103.01033200755936,116.75,100.4038,122.9884,2026-11-10,115.9108784680102,-0.7187336462439433,120.26691194153614,3.0123442754056846,,,116.75,117.7107943964281,106.46949971516928,112.90657860831422,100.78292655068408,2026-09-29,116.75,116.75,0.44843095125664,0.44843095125664,1255093.3333333333,751,2.11757,0.0,4.3181848333333335,30.7031,20.0,6.8751,14.4384,2.7118,25.2715,2.171923,2.117988,7.73713,2.11757,9.558787,2.205711,Stable Watchlist,-0.7187336462439433,115.9108784680102,115.9108784680102,Weighted Ensemble,Adaptive Momentum,Constrained dynamic ensemble excluding XGBoost,2026-07-03,2026-05-22,106.43000030517578,106.7240246293693,148.13624449645147,106.43000030517578,89.32116724650065,106.95317209858176,84.82930373765728,166.91546638032955,129.73103560692672,125.73661442134332,18.140199249091463,2026-07-07,2026-05-26,108.2300033569336,168.3489919938365,130.22510364069666,126.9801426265194,17.324345087331647,naive,2.132722218831381,2.899624011775307,2.11756983724026,2026-11-10,2026-09-29,116.75,95.19039195986365,141.1416790141041,116.75,106.46949971516928,117.7107943964281,100.78292655068408,112.90657860831422,120.26691194153614,115.9108784680102,-0.7187336462439433
ROP,"Roper Technologies, Inc.",Technology,Software - Application,2010-01-04,2026-09-29,4106,349.45001220703125,2026-11-10,High,645.4467319662701,0.0592371008869463,31.73129736640135,31.546915850446123,-27.947917169723024,Low Risk,Below-Sector Volatility,7902500000.0,1536300000.0,3159300000.0,14.3,19.44068332806074,17.9578567128236,8.257258307324964,39.97848782031003,29.446075091513418,35.768477449248024,Above-Sector Profitability,317.8606419102874,-9.0397393599256,Negative Forecast,Weak Fundamentals / Negative Forecast,Weighted Ensemble,Classified,357.0551598162076,0.6327787472344512,354.8099975585937,354.69981282552084,331.3471171061198,426.43740680809015,349.45001220703125,312.5887,384.3241,2026-11-10,317.8606419102874,-9.0397393599256,314.94841625274023,-9.873113392209753,,,349.45001220703125,344.9299896066487,392.9920013427735,263.4815138112517,319.7992105013888,2026-09-29,349.45001220703125,349.45001220703125,0.3173129736640135,0.3173129736640135,783376.6666666666,751,1.445218,0.0,4.579752,31.68,20.0,6.7649,14.4062,1.1342,26.0148,1.451154,1.450555,5.495493,1.445218,16.148326,1.487766,Weak Fundamentals / Negative Forecast,-9.0397393599256,317.8606419102874,317.8606419102874,Weighted Ensemble,Adaptive Momentum,Constrained dynamic ensemble excluding XGBoost,2026-07-03,2026-05-22,326.94000244140625,269.22629745461376,360.8341814873762,326.94000244140625,345.75766805013023,322.8002133636236,278.4405467674957,282.34162293886044,313.8978977574137,311.68261208625745,-4.666724855085057,2026-07-07,2026-05-26,320.29998779296875,296.0958430042584,304.9669656880048,309.7253493800175,-3.3014794929640536,naive,5.318777804904515,7.306262478149216,1.4452182473990058,2026-11-10,2026-09-29,349.45001220703125,276.5122306928774,365.3921109473098,349.45001220703125,392.9920013427735,344.9299896066487,319.7992105013888,263.4815138112517,314.94841625274023,317.8606419102874,-9.0397393599256
SNPS,"Synopsys, Inc.",Technology,Software - Infrastructure,2010-01-04,2026-09-29,4106,415.0899963378906,2026-11-10,High,2050.623861933802,0.0930159399951055,45.81443405950757,31.546915850446123,-5.193589573905588,Medium Risk,Near-Sector Volatility,7054178000.0,1336120000.0,2500301000.0,8.13,18.94083194384945,17.9578567128236,5.473789254170351,35.44425728979337,29.446075091513418,20.37005672110331,Above-Sector Profitability,466.1943702890301,12.31163709123446,Positive Forecast,Potential Opportunity,Weighted Ensemble,Positive adaptive forecast with manageable risk and no weak fundamentals flag,485.96292940852993,0.69683449284768,482.6000061035156,431.30933634440106,485.19881766183033,476.5013389056612,415.0899963378906,453.8782,635.4644,2026-11-10,466.1943702890301,12.31163709123446,441.10309393537074,6.266857266370975,,,415.0899963378906,413.2510622235261,406.1276682535808,597.1564605004618,417.88510743441697,2026-09-29,415.0899963378906,415.0899963378906,0.4581443405950757,0.4581443405950757,1930420.0,751,1.999987,0.0,3.5115356666666666,30.6024,20.0,7.4176,14.1154,3.6568,24.2077,2.02749,2.000591,6.18043,1.999987,6.785044,2.075672,Potential Opportunity,12.31163709123446,466.1943702890301,466.1943702890301,Weighted Ensemble,Adaptive Momentum,Constrained dynamic ensemble excluding XGBoost,2026-07-03,2026-05-22,524.739990234375,442.7398778192163,650.9959750893107,524.739990234375,485.3883341471354,530.8219875089931,417.7055265535944,550.3211128396629,555.2804177111212,536.8629978605743,2.310288495600375,2026-07-07,2026-05-26,534.5599975585938,593.6863429304112,570.7717971665778,555.9245236020292,3.996656341853133,naive,8.624442884657116,12.603431279227566,1.9999870688266497,2026-11-10,2026-09-29,415.0899963378906,381.2266631654293,570.0996595688644,415.0899963378906,406.1276682535808,413.2510622235261,417.88510743441697,597.1564605004618,441.10309393537074,466.1943702890301,12.31163709123446
STX,Seagate Technology Holdings plc,Technology,Computer Hardware,2010-01-04,2026-09-29,4106,913.4500122070312,2026-11-10,Moderate,6797.202169960163,0.1393476130116249,77.63855598794821,31.546915850446123,35.589340647708354,High Risk,Above-Sector Volatility,9097000000.0,1469000000.0,2109000000.0,0.0,16.148180718918326,17.9578567128236,-10.077349557049278,23.18346707705837,29.446075091513418,-21.26805693115948,Below-Sector Profitability,1094.337305118948,19.802648256018536,Positive Forecast,High Volatility Speculative,Weighted Ensemble,Positive adaptive forecast with manageable risk and no weak fundamentals flag,678.4917064067362,0.7202202441656758,673.6400146484375,495.4657857259115,744.24457967849,360.1031342189658,913.4500122070312,652.8913,1059.8188,2026-11-10,1094.337305118948,19.802648256018536,1022.5811401719968,11.947137391928926,,,913.4500122070312,1014.5664141494924,852.0526672363281,1432.5747849804304,1093.892133787993,2026-09-29,913.4500122070312,913.4500122070312,0.7763855598794821,0.7763855598794821,3683870.0,751,3.820895,0.573034,6.5854333333333335,29.9036,20.0,8.6511,13.947,2.7781,24.7202,3.958696,3.820895,8.813806,3.855189,15.170291,3.893723,High Volatility Speculative,19.802648256018536,1094.337305118948,1094.337305118948,Weighted Ensemble,Adaptive Momentum,Constrained dynamic ensemble excluding XGBoost,2026-07-03,2026-05-22,812.72998046875,639.7273710621329,1194.2475268075325,812.72998046875,682.3976664225261,900.3813453273829,642.4833899242816,910.1206667540176,909.2570889247193,874.0668342421171,7.547015029270914,2026-07-07,2026-05-26,845.760009765625,882.012615011498,987.1409938933238,905.1966092096952,7.02759633439528,drift,33.16143282189272,42.695093376674755,3.8208952220381325,2026-11-10,2026-09-29,913.4500122070312,778.1583623196743,1538.9851158381916,913.4500122070312,852.0526672363281,1014.5664141494924,1093.892133787993,1432.5747849804304,1022.5811401719968,1094.337305118948,19.802648256018536
SWKS,"Skyworks Solutions, Inc.",Technology,Semiconductors,2010-01-04,2026-09-29,4106,88.04000091552734,2026-11-10,Moderate,499.8073862027283,0.0775777148782976,62.66984431984406,31.546915850446123,30.833382558376897,High Risk,Above-Sector Volatility,4086900000.0,477100000.0,1041000000.0,3.09,11.673884851599013,17.9578567128236,-34.992883403158245,25.47162886295236,29.446075091513418,-13.49737177606573,Below-Sector Profitability,86.315411615,-1.9588701528774983,Neutral Forecast,Stable Watchlist,Weighted Ensemble,Positive adaptive forecast with manageable risk and no weak fundamentals flag,70.59731541307197,0.6089742842771947,70.16999816894531,57.71866671244303,71.49667176746186,65.89147032247466,88.04000091552734,75.5949,98.7712,2026-11-10,86.315411615,-1.9588701528774983,91.1518712089883,3.534609565084775,,,88.04000091552734,87.65444364704221,77.90299962361654,82.41241204932821,69.96415782822588,2026-09-29,88.04000091552734,88.04000091552734,0.6266984431984406,0.6266984431984406,6979140.0,751,2.928883,0.0,5.924683833333333,30.7784,20.0,7.0627,14.5535,2.6976,24.9077,3.008757,2.928952,10.316503,2.928883,13.331304,3.033704,Stable Watchlist,-1.9588701528774983,86.315411615,86.315411615,Weighted Ensemble,Adaptive Momentum,Constrained dynamic ensemble excluding XGBoost,2026-07-03,2026-05-22,82.41999816894531,78.74763770109334,121.28204108520605,82.41999816894531,65.682666015625,81.75976380284587,56.47382926211919,129.26028745643433,101.7749702576668,97.72755103361038,18.57261975823816,2026-07-07,2026-05-26,83.41999816894531,130.82859964192448,103.00980370244616,99.74956442144295,19.57512180643592,naive,2.163000573052301,2.9954345770521122,2.928883088558305,2026-11-10,2026-09-29,88.04000091552734,65.54741526262065,113.6635251354533,88.04000091552734,77.90299962361654,87.65444364704221,69.96415782822588,82.41241204932821,91.1518712089883,86.315411615,-1.9588701528774983
TDY,Teledyne Technologies Incorporated,Technology,Scientific & Technical Instruments,2010-01-04,2026-09-29,4106,605.5900268554688,2026-11-10,High,1535.0632293314875,0.082156727808952,23.95296505229533,31.546915850446123,-15.954945568971002,Low Risk,Near-Sector Volatility,6115400000.0,894800000.0,1490400000.0,19.374013,14.631912875690878,17.9578567128236,-18.52082846143708,24.37125944337247,29.446075091513418,-17.234268514120394,Below-Sector Profitability,614.6824507631866,1.5014157275558708,Neutral Forecast,Stable Watchlist,Weighted Ensemble,Classified,650.281278696188,0.6861195754060786,645.8499755859375,633.9523315429688,667.663068498884,580.9729922473994,605.5900268554688,599.324,721.9489,2026-11-10,614.6824507631866,1.5014157275558708,602.4671613087287,-0.5156732126114368,,,605.5900268554688,615.5803175808866,615.1473388671875,627.3365671306934,678.4745142191837,2026-09-29,605.5900268554688,605.5900268554688,0.2395296505229533,0.2395296505229533,269200.0,751,1.167236,0.52809,2.1936515,31.0605,20.0,8.5824,15.0115,3.3875,21.958,1.214365,1.167236,3.44167,1.16812,4.940052,1.230466,Stable Watchlist,1.5014157275558708,614.6824507631866,614.6824507631866,Weighted Ensemble,Adaptive Momentum,Constrained dynamic ensemble excluding XGBoost,2026-07-03,2026-05-22,620.4500122070312,544.9967621547745,711.7059204318239,620.4500122070312,635.2373372395833,631.1190409436654,660.8043378039865,617.6683771299047,615.791926609143,622.7980589578997,0.3784425343979105,2026-07-07,2026-05-26,627.969970703125,614.3404334655485,625.6747901860747,627.9149886388453,-0.0087555244430092,drift,7.382881654786723,9.518202731376505,1.1672364556890475,2026-11-10,2026-09-29,605.5900268554688,553.3046721004222,682.8688321787063,605.5900268554688,615.1473388671875,615.5803175808866,678.4745142191837,627.3365671306934,602.4671613087287,614.6824507631866,1.5014157275558708
TEL,TE Connectivity plc,Technology,Electronic Components,2010-01-04,2026-09-29,4106,212.58999633789065,2026-11-10,High,1053.6529480989864,0.0742219313606737,32.589911815755315,31.546915850446123,-14.079121908546554,Low Risk,Near-Sector Volatility,17262000000.0,1843000000.0,4289000000.0,6.2,10.67663074962345,17.9578567128236,-40.546185881974814,24.84648360560769,29.446075091513418,-15.62038903864426,Below-Sector Profitability,222.70287004443708,4.7569847503421645,Positive Forecast,Needs Further Review,Weighted Ensemble,Negative adaptive forecast plus below-sector profitability,213.0727666188099,0.6674680772262829,211.6600036621093,217.0096659342448,219.7547658284505,294.22468868060105,212.58999633789065,168.2404,230.493,2026-11-10,222.70287004443708,4.7569847503421645,220.80914970509883,3.866199496115825,,,212.58999633789065,217.2787674896979,206.778000386556,249.95598194992937,197.75598293687872,2026-09-29,212.58999633789065,212.58999633789065,0.3258991181575532,0.3258991181575532,2023906.6666666667,751,1.578196,0.52809,2.544138333333333,29.7792,20.0,10.9491,14.5501,3.5892,21.1323,1.633826,1.578196,2.985745,1.581502,5.823751,1.66181,Needs Further Review,4.7569847503421645,222.70287004443708,222.70287004443708,Weighted Ensemble,Adaptive Momentum,Constrained dynamic ensemble excluding XGBoost,2026-07-03,2026-05-22,202.77999877929688,167.09793143306092,242.72832953631823,202.77999877929688,215.2566660563151,206.92078977607173,239.0969828986213,192.8565977072012,197.06519255137977,201.3936487720532,-0.6836719674471194,2026-07-07,2026-05-26,208.6000061035156,216.2205146317165,211.9456035970707,213.33895206710395,2.2717861097457,drift,3.279752710646755,4.26639546384331,1.578196345586293,2026-11-10,2026-09-29,212.58999633789065,193.00374362578563,256.97205346540875,212.58999633789065,206.778000386556,217.2787674896979,197.75598293687872,249.95598194992937,220.80914970509883,222.70287004443708,4.7569847503421645
TXN,Texas Instruments Incorporated,Technology,Semiconductors,2010-01-04,2026-09-29,4106,281.69000244140625,2026-11-10,Moderate,1551.0034117579444,0.0844901522960993,45.11085203662932,31.546915850446123,-9.31095554383047,Medium Risk,Near-Sector Volatility,17682000000.0,5001000000.0,8369000000.0,5.50165,28.28299966067187,17.9578567128236,57.496521511251096,47.33061870829091,29.446075091513418,60.736595832196194,Above-Sector Profitability,303.1753503440434,7.627302252981549,Positive Forecast,Potential Opportunity,Weighted Ensemble,Positive adaptive forecast with manageable risk and no weak fundamentals flag,283.0097443491184,0.6865511132208111,281.0799865722656,220.02900034586588,295.9884756179083,175.11563349719205,281.69000244140625,291.6512,403.8583,2026-11-10,303.1753503440434,7.627302252981549,301.525583588836,7.041634767125156,,,281.69000244140625,288.1395817657221,264.6953358968099,344.4213580713305,324.59093331458274,2026-09-29,281.69000244140625,281.69000244140625,0.4511085203662932,0.4511085203662932,5909516.666666667,751,2.17256,0.0,4.375729499999999,29.6302,20.0,9.7936,14.4412,2.079,24.0559,2.265046,2.179136,4.604874,2.17256,12.757372,2.275389,Potential Opportunity,7.627302252981549,303.1753503440434,303.1753503440434,Weighted Ensemble,Adaptive Momentum,Constrained dynamic ensemble excluding XGBoost,2026-07-03,2026-05-22,309.2099914550781,273.80154958271777,405.770610006861,309.2099914550781,272.76900177001954,316.69746095703044,234.7579392396437,383.4791548128656,333.62556500623054,333.317598987817,7.796516347771777,2026-07-07,2026-05-26,324.8900146484375,422.0329355331922,367.1702808646559,361.28849619021855,11.203324171463915,naive,6.303443739149306,8.378089868803276,2.1725599643353823,2026-11-10,2026-09-29,281.69000244140625,248.6864381512984,369.6031586584271,281.69000244140625,264.6953358968099,288.1395817657221,324.59093331458274,344.4213580713305,301.525583588836,303.1753503440434,7.627302252981549
TYL,"Tyler Technologies, Inc.",Technology,Software - Application,2010-01-04,2026-09-29,4106,316.260009765625,2026-11-10,Moderate,1580.4927461555649,0.0855496796334762,43.28280353983858,31.546915850446123,-7.867295060196658,Medium Risk,Near-Sector Volatility,2332340000.0,315603000.0,543177000.0,7.32,13.531603454041862,17.9578567128236,-24.64800409962607,23.2889287153674,29.446075091513418,-20.90990516396718,Below-Sector Profitability,284.8529385267732,-9.930775396524862,Negative Forecast,Weak Fundamentals / Negative Forecast,Weighted Ensemble,Classified,341.1400146484375,0.0,341.1400146484375,337.96533203125,318.16263253348217,426.09513240179695,316.260009765625,285.0859,410.9847,2026-11-10,284.8529385267732,-9.930775396524862,282.9361699371039,-10.53684904810344,,,316.260009765625,313.8680821894516,348.0226684570313,227.1816548605882,249.92665319101772,2026-09-29,316.260009765625,316.260009765625,0.4328280353983858,0.4328280353983858,904970.0,751,2.209659,0.0,5.059773333333333,30.6077,20.0,8.5812,14.0637,1.6334,25.114,2.257392,2.210477,5.434205,2.209659,15.99618,2.250727,Weak Fundamentals / Negative Forecast,-9.930775396524862,284.8529385267732,284.8529385267732,Weighted Ensemble,Adaptive Momentum,Constrained dynamic ensemble excluding XGBoost,2026-07-03,2026-05-22,313.25,241.7280642187238,377.10829029815096,313.25,327.7029968261719,310.51985740205095,262.59091308941913,281.5782495678277,303.1541655326393,301.92326345381963,-3.6158775885651617,2026-07-07,2026-05-26,307.3900146484375,293.20291156329347,292.7305109394373,299.189781290415,-2.6676967263888263,naive,7.054888916015629,8.677624390949719,2.2096590321036187,2026-11-10,2026-09-29,316.260009765625,235.54052036809503,344.4893322836037,316.260009765625,348.0226684570313,313.8680821894516,249.92665319101775,227.1816548605882,282.9361699371039,284.8529385267732,-9.930775396524862
VRSN,"VeriSign, Inc.",Technology,Software - Infrastructure,2010-01-04,2026-09-29,4106,279.8399963378906,2026-11-10,High,1194.8023493288738,0.0758360018463565,32.02411753161779,31.546915850446123,-17.61954519024859,Low Risk,Near-Sector Volatility,1656600000.0,825700000.0,1176700000.0,8.83,49.8430520342871,17.9578567128236,177.55568401820733,71.0310274055294,29.446075091513418,141.22409246317886,Above-Sector Profitability,265.9311170636296,-4.970297118452958,Negative Forecast,Needs Further Review,Weighted Ensemble,Classified,270.4717763094606,0.6743737894196857,268.6600036621094,262.5003336588542,267.91361636207216,300.9582346114294,279.8399963378906,237.1624,299.5829,2026-11-10,265.9311170636296,-4.970297118452958,261.75756924206866,-6.4617021628275335,,,279.8399963378906,283.4933711773734,290.5603322347005,233.4692470183037,293.74396931120305,2026-09-29,279.8399963378906,279.8399963378906,0.3202411753161779,0.3202411753161779,694653.3333333334,751,1.481884,0.52809,2.872303666666667,29.4845,20.0,8.451,15.7699,3.2832,23.0113,1.559277,1.481884,4.687861,1.48311,6.380938,1.640752,Needs Further Review,-4.970297118452958,265.9311170636296,265.9311170636296,Weighted Ensemble,Adaptive Momentum,Constrained dynamic ensemble excluding XGBoost,2026-07-03,2026-05-22,310.0,291.9169902199795,383.3937665081375,310.0,281.78900044759115,314.09946315943137,244.78618229078617,385.7622070007575,338.4531485487829,334.5432025735347,7.917162120495064,2026-07-07,2026-05-26,306.8599853515625,377.1582310672979,330.0440745151006,328.8030757149548,7.15084775170426,drift,4.162725614204148,5.62225246849218,1.481883860797407,2026-11-10,2026-09-29,279.8399963378906,231.0405658736735,306.0906588212618,279.8399963378906,290.5603322347005,283.4933711773734,293.74396931120305,233.4692470183037,261.75756924206866,265.9311170636296,-4.970297118452958
WDC,Western Digital Corporation,Technology,Computer Hardware,2010-01-04,2026-09-29,4106,453.4800109863281,2026-11-10,Moderate,1488.983741720062,0.1072472731602033,90.00721418825044,31.546915850446123,41.9226947007584,High Risk,Above-Sector Volatility,9520000000.0,1861000000.0,2606000000.0,5.31,19.548319327731093,17.9578567128236,8.856639410491312,27.373949579831937,29.446075091513418,-7.0370176848414,Above-Sector Profitability,511.0661767513873,12.698721965673435,Positive Forecast,High Volatility Speculative,Weighted Ensemble,Positive adaptive forecast with manageable risk and no weak fundamentals flag,437.4956836026711,0.684823406111606,434.5199890136719,340.3496658325195,481.4336291721889,202.82801576594693,453.4800109863281,412.2901,698.2862,2026-11-10,511.0661767513873,12.698721965673435,471.4592617707566,3.9647284001169623,,,453.4800109863281,502.7752263350056,453.7066660563151,604.877559137474,646.6364123877013,2026-09-29,453.4800109863281,453.4800109863281,0.9000721418825045,0.9000721418825045,6458116.666666667,751,4.395224,0.0,8.4514505,29.7495,20.0,8.5592,14.3412,2.2789,25.0711,4.59362,4.403804,10.857423,4.395224,21.958146,4.500486,High Volatility Speculative,12.698721965673435,511.0661767513873,511.0661767513873,Weighted Ensemble,Adaptive Momentum,Constrained dynamic ensemble excluding XGBoost,2026-07-03,2026-05-22,484.2799987792969,367.9871490148254,692.0397928517392,484.2799987792969,432.9866638183594,542.1660934123978,433.18018669253513,497.3503391785431,515.5092194809437,504.6402187463083,4.204224832397065,2026-07-07,2026-05-26,524.6500244140625,552.0252674838301,602.4179270266305,561.3553207797618,6.996148795893477,naive,23.38222418891059,30.83413283634231,4.395223752609047,2026-11-10,2026-09-29,453.4800109863281,344.19350669549056,758.8424300239775,453.4800109863281,453.7066660563151,502.7752263350056,646.6364123877013,604.877559137474,471.4592617707566,511.0661767513873,12.698721965673435
ZBRA,Zebra Technologies Corporation,Technology,Communication Equipment,2010-01-04,2026-09-29,4106,375.9700012207031,2026-11-10,Moderate,689.187282541799,0.0771067171303923,53.75718669452154,31.546915850446123,15.963253818810314,Medium Risk,Near-Sector Volatility,5396000000.0,419000000.0,971000000.0,8.24,7.765011119347664,17.9578567128236,-56.7598113543098,17.994810971089695,29.446075091513418,-38.88893200480923,Below-Sector Profitability,414.80739997831273,10.32991957643215,Positive Forecast,Potential Opportunity,Weighted Ensemble,Classified,226.2599945068359,0.0,226.2599945068359,217.95799916585287,222.71356673467724,224.1745615251976,375.9700012207031,192.5696,262.4496,2026-11-10,414.80739997831273,10.32991957643215,410.5463023287133,9.196558500877062,,,375.9700012207031,383.19353809193245,356.9426645914713,496.3138224469578,308.8902005275773,2026-09-29,375.9700012207031,375.9700012207031,0.5375718669452154,0.5375718669452154,578320.0,751,2.04452,0.0,6.283411,29.3879,20.0,7.8481,16.6591,1.4358,24.6692,2.195173,2.045849,7.707322,2.04452,21.482281,2.225321,Potential Opportunity,10.32991957643215,414.80739997831273,414.80739997831273,Weighted Ensemble,Adaptive Momentum,Constrained dynamic ensemble excluding XGBoost,2026-07-03,2026-05-22,255.5500030517578,232.14422999050404,350.4511363554116,255.5500030517578,234.2216654459635,254.94400682330345,199.0565747323869,369.3221148970149,278.18939160472723,285.2283457136127,11.613516848929176,2026-07-07,2026-05-26,252.44000244140625,395.9047319340253,276.528221308579,289.6432435046297,14.737458684607123,naive,6.091109890407983,10.405866585062437,2.0445201014043337,2026-11-10,2026-09-29,375.9700012207031,327.5768476231691,525.2666063711091,375.9700012207031,356.9426645914713,383.19353809193245,308.8902005275773,496.3138224469578,410.5463023287133,414.80739997831273,10.32991957643215
ABNB,ABNB,Unknown,Unknown,2020-12-10,2026-09-29,1305,156.9600067138672,2026-11-10,High,-13.938224630326827,0.0315269590661127,43.11932734733142,36.86284637007811,26.55627248529104,Medium Risk,Above-Sector Volatility,,,,,,16.420516208181944,,,42.2592365403671,,Unknown Fundamentals,147.6024864058013,-5.961722673167523,Negative Forecast,Weak Fundamentals / Negative Forecast,Weighted Ensemble,Missing or unknown fundamentals,124.54000091552734,0.0,124.54000091552734,128.3048329671224,120.87690607706706,120.21091120278813,156.9600067138672,113.0957,140.1878,2026-11-10,147.6024864058013,-5.961722673167523,144.880510018,-7.695907351665515,,,156.9600067138672,157.83656796378523,174.05116628011066,127.27667181753064,169.31804663844648,2026-09-29,156.9600067138672,156.9600067138672,0.4311932734733142,0.4311932734733142,4999790.0,751,1.782623,0.0,3.710966833333333,30.8922,20.0,6.86,14.635,2.9084,24.7044,1.855063,1.78444,7.018152,1.782623,7.980875,1.844648,Weak Fundamentals / Negative Forecast,-5.961722673167523,147.6024864058013,147.6024864058013,Weighted Ensemble,Adaptive Momentum,Constrained dynamic ensemble excluding XGBoost,2026-07-03,2026-05-22,132.35000610351562,107.64621853758206,146.22690247843104,132.35000610351562,137.95333404541014,133.5148641911515,131.46193844506746,108.32247447948124,126.06591203648276,125.46223774613176,-5.204207056852491,2026-07-07,2026-05-26,132.67999267578125,120.38839009682854,128.23852162098373,129.06702880536903,-2.723066076164857,naive,2.813666110568575,4.3214940339744805,1.78262317690336,2026-11-10,2026-09-29,156.9600067138672,122.13788758222724,178.3762141662011,156.9600067138672,174.05116628011066,157.83656796378523,169.31804663844648,127.27667181753064,144.880510018,147.6024864058013,-5.961722673167523
ACGL,ACGL,Unknown,Unknown,2010-01-04,2026-09-29,4059,95.12000274658205,2026-11-10,High,1208.7508930615622,0.0746578789982101,22.19981220952443,36.86284637007811,-35.50769876813028,Low Risk,Below-Sector Volatility,,,,,,16.420516208181944,,,42.2592365403671,,Unknown Fundamentals,93.9290424095642,-1.2520608732432472,Neutral Forecast,Stable Watchlist,Weighted Ensemble,Missing or unknown fundamentals,100.1693085561896,0.6827929510565078,99.48999786376952,95.843665822347,100.732854389009,84.56758127384515,95.12000274658205,93.9539,107.8143,2026-11-10,93.9290424095642,-1.2520608732432472,93.49364426794368,-1.7097965009224163,,,95.12000274658205,95.81124256187827,97.47466634114583,89.584946926898,100.11438096360662,2026-09-29,95.12000274658205,95.12000274658205,0.2219981220952443,0.2219981220952443,3564650.0,751,1.053507,0.0,1.8335968333333328,30.741,20.0,8.0601,14.7505,4.2253,22.2232,1.097688,1.055687,3.300532,1.053507,3.354659,1.139508,Stable Watchlist,-1.2520608732432472,93.9290424095642,93.9290424095642,Weighted Ensemble,Adaptive Momentum,Constrained dynamic ensemble excluding XGBoost,2026-07-03,2026-05-22,96.3000030517578,90.5770084720262,108.33206351544356,96.3000030517578,95.61599934895834,97.36107050025414,97.6515314836304,104.20694068229396,98.39660536469869,99.05752992494014,2.863475374658369,2026-07-07,2026-05-26,95.37000274658205,100.14332482423455,95.81265621085866,96.99082388507075,1.6995083273674445,naive,1.0275562710232207,1.360805053047454,1.0535070138857112,2026-11-10,2026-09-29,95.12000274658205,85.2034693047404,103.54818976234868,95.12000274658205,97.47466634114583,95.81124256187827,100.11438096360662,89.584946926898,93.49364426794368,93.9290424095642,-1.2520608732432472
AMTM,AMTM,Unknown,Unknown,2024-09-24,2026-09-29,354,18.14999961853028,2026-11-10,Moderate,3.727551246824925,0.0855979549123381,41.79829170372923,36.86284637007811,68.71469599883861,Medium Risk,Above-Sector Volatility,,,,,,16.420516208181944,,,42.2592365403671,,Unknown Fundamentals,16.361486271571334,-9.85406823443102,Negative Forecast,Weak Fundamentals / Negative Forecast,Weighted Ensemble,Missing or unknown fundamentals,30.70348506203453,0.3054049324369009,30.61000061035156,34.07633323669434,31.783810206821983,21.63450583694572,18.14999961853028,21.9991,32.2884,2026-11-10,16.361486271571334,-9.85406823443102,16.156118607692004,-10.9855705385394,,,18.14999961853028,17.632406313051607,19.94533322652181,13.283977208707883,20.41123067334427,2026-09-29,18.14999961853028,18.14999961853028,0.4179829170372923,0.4179829170372923,1953490.0,505,2.051205,0.52809,5.897581333333332,31.2769,20.0,7.421,14.8969,1.2667,25.1385,2.106121,2.051205,6.633061,2.054515,20.407631,2.132955,Weak Fundamentals / Negative Forecast,-9.85406823443102,16.361486271571334,16.361486271571334,Weighted Ensemble,Adaptive Momentum,Constrained dynamic ensemble excluding XGBoost,2026-07-03,2026-05-22,23.229999542236328,18.375548885577057,26.5036296148232,23.229999542236328,25.308666547139484,22.832579035056224,30.42527993503533,19.728956892304147,21.95710640451556,22.06850111884383,-4.999993311582656,2026-07-07,2026-05-26,22.90999984741211,20.078343409760755,21.59878172577284,21.91481286417931,-4.34389781694045,drift,0.44276001071159654,0.5761392615549558,2.0512047439720202,2026-11-10,2026-09-29,18.14999961853028,13.61755534605458,19.65831797352508,18.14999961853028,19.94533322652181,17.632406313051607,20.41123067334427,13.283977208707883,16.156118607692004,16.361486271571334,-9.85406823443102
AXON,AXON,Unknown,Unknown,2010-01-04,2026-09-29,4059,419.5799865722656,2026-11-10,Moderate,9048.817305435316,0.1589799704968103,71.71523514792132,36.86284637007811,34.044828169846745,High Risk,Above-Sector Volatility,,,,,,16.420516208181944,,,42.2592365403671,,Unknown Fundamentals,396.9683729343008,-5.389106811954767,Negative Forecast,Weak Fundamentals / Negative Forecast,Weighted Ensemble,Missing or unknown fundamentals,425.4200134277344,0.0,425.4200134277344,517.1949971516927,411.5640629359654,928.6552519907772,419.5799865722656,342.2677,472.9672,2026-11-10,396.9683729343008,-5.389106811954767,365.5892007913628,-12.867817224071478,,,419.5799865722656,432.5375573637955,517.3496643066406,358.72074738564345,429.9048677684009,2026-09-29,419.5799865722656,419.5799865722656,0.7171523514792132,0.7171523514792132,950436.6666666666,751,3.456523,0.0,7.799512166666667,31.2207,20.0,7.1861,14.1986,1.8256,25.569,3.459361,3.471677,11.108408,3.456523,21.831606,3.469498,Weak Fundamentals / Negative Forecast,-5.389106811954767,396.9683729343008,396.9683729343008,Weighted Ensemble,Adaptive Momentum,Constrained dynamic ensemble excluding XGBoost,2026-07-03,2026-05-22,386.0,278.4969370415927,493.1348329392811,386.0,395.17433369954426,396.59472190858736,329.72590011930606,337.82316164609813,371.01801212884783,370.58945009553,-3.9923704415725454,2026-07-07,2026-05-26,385.2999877929687,359.34983980196074,370.2715799499478,375.7040216348057,-2.490518157846175,naive,18.06711052788629,23.707529173597752,3.4565230529979423,2026-11-10,2026-09-29,419.5799865722656,289.7146693062465,543.9278911470309,419.5799865722656,517.3496643066406,432.5375573637955,429.9048677684009,358.72074738564345,365.5892007913628,396.9683729343008,-5.389106811954767
BALL,BALL,Unknown,Unknown,2010-01-04,2026-09-29,4059,56.650001525878906,2026-11-10,High,494.2580384989962,0.0568588505787276,22.49955616477104,36.86284637007811,-30.75053907657204,Low Risk,Below-Sector Volatility,,,,,,16.420516208181944,,,42.2592365403671,,Unknown Fundamentals,53.21330835640633,-6.066536764174002,Negative Forecast,Weak Fundamentals / Negative Forecast,Weighted Ensemble,Missing or unknown fundamentals,67.15036642028522,0.6148764903369361,66.73999786376953,60.909999720255534,68.77103987194243,46.23504781847706,56.650001525878906,63.1806,76.0396,2026-11-10,53.21330835640633,-6.066536764174002,51.90180489207851,-8.381635491450643,,,56.650001525878906,56.967629365176286,61.18066685994466,45.35202302329242,66.30428315513434,2026-09-29,56.650001525878906,56.650001525878906,0.2249955616477104,0.2249955616477104,1868323.3333333333,751,1.058402,0.011236,2.2837901666666665,32.1547,20.0,6.7712,15.1409,3.1008,22.8324,1.079814,1.062036,4.57656,1.058402,4.794944,1.130985,Weak Fundamentals / Negative Forecast,-6.066536764174002,53.21330835640633,53.21330835640633,Weighted Ensemble,Adaptive Momentum,Constrained dynamic ensemble excluding XGBoost,2026-07-03,2026-05-22,56.5099983215332,48.10480871348176,62.68793033159938,56.5099983215332,59.850999959309895,56.580960514665335,60.77934846037512,50.88481677320584,54.69289708261783,54.91439608377442,-2.8235750931721,2026-07-07,2026-05-26,56.54999923706055,53.18037786145542,55.23489162880246,55.65743601407506,-1.5783611583155208,naive,0.6402220408121744,0.8505645337927097,1.0584022362680885,2026-11-10,2026-09-29,56.650001525878906,48.20653656971179,58.74008770862656,56.650001525878906,61.18066685994466,56.967629365176286,66.30428315513434,45.35202302329242,51.90180489207851,53.21330835640633,-6.066536764174002
BG,BG,Unknown,Unknown,2010-01-04,2026-09-29,4059,108.13999938964844,2026-11-10,High,183.8148192216692,0.0426409950056521,34.247070314641746,36.86284637007811,-20.972078319497296,Low Risk,Near-Sector Volatility,,,,,,16.420516208181944,,,42.2592365403671,,Unknown Fundamentals,98.43291541465094,-8.976404688168234,Negative Forecast,Weak Fundamentals / Negative Forecast,Weighted Ensemble,Missing or unknown fundamentals,123.97577023870431,0.4788005772545781,123.38500213623048,114.1993153889974,129.84432819911413,76.32870277201789,108.13999938964844,121.6317,144.0937,2026-11-10,98.43291541465094,-8.976404688168234,99.49431572361468,-7.994898941030841,,,108.13999938964844,108.1984073928008,115.96833368937176,75.75852492074513,129.77266134486192,2026-09-29,108.13999938964844,108.13999938964844,0.3424707031464175,0.3424707031464175,1840240.0,751,1.692814,0.0,3.9526785,30.6892,20.0,8.296,14.3441,1.7059,24.9647,1.705634,1.694951,4.628014,1.692814,12.247111,1.747547,Weak Fundamentals / Negative Forecast,-8.976404688168234,98.43291541465094,98.43291541465094,Weighted Ensemble,Adaptive Momentum,Constrained dynamic ensemble excluding XGBoost,2026-07-03,2026-05-22,120.70999908447266,104.40809969872242,132.484823852205,120.70999908447266,124.22033360799152,122.03509216945596,135.22677748704018,108.86003164450187,116.98490373284665,117.61160103207804,-2.566811428957398,2026-07-07,2026-05-26,120.0999984741211,103.66055598930716,114.42463366094088,115.34548638902496,-3.958794459202788,naive,1.9683336046006956,2.5058342070560005,1.6928139729301692,2026-11-10,2026-09-29,108.13999938964844,84.68753668524093,114.40926512054756,108.13999938964844,115.96833368937176,108.1984073928008,129.77266134486192,75.75852492074513,99.49431572361468,98.43291541465094,-8.976404688168234
BLDR,BLDR,Unknown,Unknown,2010-01-04,2026-09-29,4059,57.52999877929688,2026-11-10,Moderate,2786.737463704407,0.1405720597877366,52.332564985063065,36.86284637007811,48.64413965202357,Medium Risk,Above-Sector Volatility,,,,,,16.420516208181944,,,42.2592365403671,,Unknown Fundamentals,54.2565072468921,-5.690060145773552,Negative Forecast,Weak Fundamentals / Negative Forecast,Weighted Ensemble,Missing or unknown fundamentals,108.83000183105467,0.0,108.83000183105467,120.34266713460286,104.59666878836494,82.00789492218416,57.52999877929688,81.5609,114.4748,2026-11-10,54.2565072468921,-5.690060145773552,52.49060547525488,-8.759592231827943,,,57.52999877929688,55.80767566390534,63.22900021870931,50.2097395923062,51.6420570977068,2026-09-29,57.52999877929688,57.52999877929688,0.5233256498506307,0.5233256498506307,3142626.6666666665,751,2.512665,0.561798,4.046708833333334,28.3961,20.0,8.2167,15.4727,5.3835,22.531,2.673077,2.512665,7.508725,2.521352,6.339896,2.724538,Weak Fundamentals / Negative Forecast,-5.690060145773552,54.2565072468921,54.2565072468921,Weighted Ensemble,Adaptive Momentum,Constrained dynamic ensemble excluding XGBoost,2026-07-03,2026-05-22,74.1500015258789,57.38358449494629,87.83010287452028,74.1500015258789,80.19466654459636,72.91391275180314,81.33419726175111,65.19611985394805,70.7757399835109,70.99300056695631,-4.257587179982428,2026-07-07,2026-05-26,74.41000366210938,73.0176487793724,72.72534780043847,73.67440925261286,-0.9885692424325052,drift,1.8248821683240857,2.422441211223399,2.512664767615197,2026-11-10,2026-09-29,57.52999877929688,43.11573323379788,68.27597161967019,57.52999877929688,63.22900021870931,55.80767566390534,51.6420570977068,50.2097395923062,52.49060547525488,54.2565072468921,-5.690060145773552
BRO,BRO,Unknown,Unknown,2010-01-04,2026-09-29,4059,60.59999847412109,2026-11-10,High,818.716330318939,0.0644135420769879,33.2158651855706,36.86284637007811,-40.0180105407857,Low Risk,Below-Sector Volatility,,,,,,16.420516208181944,,,42.2592365403671,,Unknown Fundamentals,55.251974090988575,-8.825122966655448,Negative Forecast,Weak Fundamentals / Negative Forecast,Weighted Ensemble,Missing or unknown fundamentals,69.44000244140625,0.0,69.44000244140625,73.75112126668294,64.51193128313336,93.32020586767923,60.59999847412109,59.4252,72.8381,2026-11-10,55.251974090988575,-8.825122966655448,54.485017276420606,-10.090728303090389,,,60.59999847412109,60.26804835699801,68.02600008646647,44.38140575163949,56.74460103468997,2026-09-29,60.59999847412109,60.59999847412109,0.332158651855706,0.332158651855706,2002496.6666666667,751,1.605688,0.0,4.395716833333333,32.6486,20.0,7.1437,15.3608,1.7321,23.1148,1.656526,1.606076,6.132504,1.605688,13.673099,1.700408,Weak Fundamentals / Negative Forecast,-8.825122966655448,55.251974090988575,55.251974090988575,Weighted Ensemble,Adaptive Momentum,Constrained dynamic ensemble excluding XGBoost,2026-07-03,2026-05-22,57.81999969482422,50.68125467305386,67.67580652451271,57.81999969482422,61.3,57.615141872315824,51.19162452527025,62.13273681421577,57.30946625627314,58.56530359925704,1.2890071054419818,2026-07-07,2026-05-26,56.9900016784668,62.207369811081975,55.377987396563256,57.67952507977242,1.2099024056813668,naive,1.064333089192708,1.3892087646315432,1.6056881881367897,2026-11-10,2026-09-29,60.59999847412109,47.75224694914358,63.929570564553785,60.59999847412109,68.02600008646647,60.26804835699801,56.74460103468997,44.38140575163949,54.485017276420606,55.251974090988575,-8.825122966655448
BX,BX,Unknown,Unknown,2010-01-04,2026-09-29,4059,114.0,2026-11-10,High,1804.057904173042,0.0970485071964614,37.19665354798008,36.86284637007811,-4.884692180060634,Medium Risk,Near-Sector Volatility,,,,,,16.420516208181944,,,42.2592365403671,,Unknown Fundamentals,102.97422972732733,-9.671728309362008,Negative Forecast,Weak Fundamentals / Negative Forecast,Weighted Ensemble,Missing or unknown fundamentals,116.57990264892578,0.0,116.57990264892578,140.55899988810222,111.58898072015673,150.36118251339815,114.0,88.6563,113.4942,2026-11-10,102.97422972732733,-9.671728309362008,99.61192750648144,-12.621116222384703,,,114.0,114.28250113815676,131.89633331298828,83.0404305168959,113.1844812710928,2026-09-29,114.0,114.0,0.3719665354798008,0.3719665354798008,3738390.0,751,1.834225,0.0,4.2335080000000005,30.8165,20.0,7.3025,14.376,1.8583,25.6467,1.871524,1.83719,5.9545,1.834225,12.015506,1.888103,Weak Fundamentals / Negative Forecast,-9.671728309362008,102.97422972732733,102.97422972732733,Weighted Ensemble,Adaptive Momentum,Constrained dynamic ensemble excluding XGBoost,2026-07-03,2026-05-22,118.51000213623048,95.45499773751558,137.606308160139,118.51000213623048,122.8780008951823,120.16387128610562,114.88628681232674,104.03366207991763,115.3436119015178,114.60894308078204,-3.291755113601343,2026-07-07,2026-05-26,118.12000274658205,108.80221002328146,116.16024471491406,115.81472402535948,-1.951641269572583,naive,2.3252217610677097,2.942300075067682,1.8342248415713187,2026-11-10,2026-09-29,114.0,87.45443588421483,121.2481891939149,114.0,131.89633331298828,114.28250113815676,113.1844812710928,83.0404305168959,99.61192750648144,102.97422972732733,-9.671728309362008
CEG,CEG,Unknown,Unknown,2022-01-19,2026-09-29,1027,264.5799865722656,2026-11-10,High,632.4536947927995,0.2419266750808749,39.18994264903736,36.86284637007811,33.87570110334363,Medium Risk,Above-Sector Volatility,,,,,,16.420516208181944,,,42.2592365403671,,Unknown Fundamentals,269.8952476938251,2.0089430007238005,Positive Forecast,Needs Further Review,Weighted Ensemble,Positive adaptive forecast but high volatility risk,297.44500732421875,0.0,297.44500732421875,291.71516774495444,296.2246311732701,377.1486807200454,264.5799865722656,271.4528,387.3331,2026-11-10,269.8952476938251,2.0089430007238005,265.90924422448234,0.5024029479469515,,,264.5799865722656,274.5721124270108,273.69949798583986,279.16385025180284,230.5462713604637,2026-09-29,264.5799865722656,264.5799865722656,0.3918994264903736,0.3918994264903736,2698640.0,751,1.898734,0.0,3.559289,28.6827,20.0,9.5132,16.1512,3.4415,22.2114,2.031163,1.90002,5.1598,1.898734,8.204711,2.161306,Needs Further Review,2.0089430007238005,269.8952476938251,269.8952476938251,Weighted Ensemble,Adaptive Momentum,Constrained dynamic ensemble excluding XGBoost,2026-07-03,2026-05-22,294.07000732421875,232.1689759164828,370.4045443187106,294.07000732421875,294.98166910807294,309.13732965162643,303.56296542383234,267.15842212119685,301.00283415833763,293.2515025183784,-0.2783367176027334,2026-07-07,2026-05-26,301.57000732421875,307.2810798559088,318.790699821976,311.0603205743221,3.146968537856042,naive,5.065220811631946,6.607127025081634,1.8987341221761802,2026-11-10,2026-09-29,264.5799865722656,227.22004731224573,320.5854658924957,264.5799865722656,273.69949798583986,274.5721124270108,230.54627136046372,279.16385025180284,265.90924422448234,269.8952476938251,2.0089430007238005
COR,COR,Unknown,Unknown,2010-01-04,2026-09-29,4059,307.6000061035156,2026-11-10,High,1900.640894061242,0.0856202798881909,26.17851816825189,36.86284637007811,-33.98774128342832,Low Risk,Below-Sector Volatility,,,,,,16.420516208181944,,,42.2592365403671,,Unknown Fundamentals,294.7276521486922,-4.184770383421757,Negative Forecast,Needs Further Review,Weighted Ensemble,Missing or unknown fundamentals,367.1153653879481,0.7023282532421278,364.5549926757813,354.1251576741536,379.1774321056548,351.9455318546627,307.6000061035156,334.3496,415.0646,2026-11-10,294.7276521486922,-4.184770383421757,294.7477753423995,-4.1782283829965206,,,307.6000061035156,314.3286083301625,319.8693359375,264.95279841024063,290.9944723855975,2026-09-29,307.6000061035156,307.6000061035156,0.2617851816825189,0.2617851816825189,1198760.0,751,1.274107,0.0,3.0410555,30.5721,20.0,7.4047,14.5504,1.993,25.4798,1.315566,1.274403,4.264264,1.274107,8.794341,1.323652,Needs Further Review,-4.184770383421757,294.7276521486922,294.7276521486922,Weighted Ensemble,Adaptive Momentum,Constrained dynamic ensemble excluding XGBoost,2026-07-03,2026-05-22,274.9100036621094,241.55346955102445,354.2604686174602,274.9100036621094,290.75699920654296,280.14963627065623,342.7297343720924,320.9529925567904,282.5760762715363,292.5283666917096,6.4087747971713975,2026-07-07,2026-05-26,270.7799987792969,306.9378294720538,272.87070232461906,284.3138694246838,4.998105733953373,naive,3.8801116943359375,5.041280632886829,1.2741065366429238,2026-11-10,2026-09-29,307.6000061035156,262.7178120484984,330.6376079481247,307.6000061035156,319.8693359375,314.3286083301625,290.9944723855975,264.95279841024063,294.7477753423995,294.7276521486922,-4.184770383421757
CPAY,CPAY,Unknown,Unknown,2010-12-15,2026-09-29,3819,392.7000122070313,2026-11-10,High,1185.98162449828,0.0862004657713643,26.54166041738754,36.86284637007811,-15.286707167429686,Low Risk,Near-Sector Volatility,,,,,,16.420516208181944,,,42.2592365403671,,Unknown Fundamentals,382.2163374457185,-2.669639530284963,Negative Forecast,Needs Further Review,Weighted Ensemble,Missing or unknown fundamentals,352.96938497024786,0.7246503859662666,350.42999267578125,329.47966817220055,348.22046915690106,276.6953866961775,392.7000122070313,310.5554,418.1715,2026-11-10,382.2163374457185,-2.669639530284963,384.1067152012602,-2.188259928354856,,,392.7000122070313,399.4863065822506,405.8826670328776,350.8017489787869,411.120655808807,2026-09-29,392.7000122070313,392.7000122070313,0.2654166041738754,0.2654166041738754,442983.3333333333,751,1.370611,0.550562,3.0116933333333336,30.639,20.0,7.3368,14.5526,2.2131,25.2585,1.412076,1.370611,4.632069,1.372467,7.862331,1.420606,Needs Further Review,-2.669639530284963,382.2163374457185,382.2163374457185,Weighted Ensemble,Adaptive Momentum,Constrained dynamic ensemble excluding XGBoost,2026-07-03,2026-05-22,347.8999938964844,287.18667035712355,434.5022065113261,347.8999938964844,325.7136678059896,353.2935104741367,311.308331504919,359.8986924815816,365.6738642093494,353.2467154140446,1.536855881391917,2026-07-07,2026-05-26,349.6099853515625,374.850471478167,361.7488840275178,356.4497757445695,1.95640590360398,drift,5.1253288252483635,6.169634109983709,1.3706110623297705,2026-11-10,2026-09-29,392.7000122070313,340.1615678424421,429.4704117723429,392.7000122070313,405.8826670328776,399.4863065822506,411.120655808807,350.8017489787869,384.1067152012602,382.2163374457185,-2.669639530284963
CPT,CPT,Unknown,Unknown,2010-01-04,2026-09-29,4059,98.45999908447266,2026-11-10,High,385.0467447400352,0.0502962550150857,19.5456889082782,36.86284637007811,-35.15948188458825,Low Risk,Below-Sector Volatility,,,,,,16.420516208181944,,,42.2592365403671,,Unknown Fundamentals,94.9527049703418,-3.5621512763998844,Negative Forecast,Needs Further Review,Weighted Ensemble,Missing or unknown fundamentals,109.76039112536648,0.5868661681320211,109.12000274658205,108.1576665242513,108.25853329613096,102.71315740147456,98.45999908447266,104.0055,119.4288,2026-11-10,94.9527049703418,-3.5621512763998844,94.08753249377702,-4.44085581083982,,,98.45999908447266,98.68282301232364,103.5836669921875,86.40784063324364,109.01326979540488,2026-09-29,98.45999908447266,98.45999908447266,0.195456889082782,0.195456889082782,1057193.3333333333,751,0.948959,0.0,2.215806666666667,32.5258,20.0,7.2487,15.0573,2.3544,22.8138,0.975932,0.951548,3.626989,0.948959,5.764514,1.026898,Needs Further Review,-3.5621512763998844,94.9527049703418,94.9527049703418,Weighted Ensemble,Adaptive Momentum,Constrained dynamic ensemble excluding XGBoost,2026-07-03,2026-05-22,107.47000122070312,101.8792510375072,121.5245027654588,107.47000122070312,103.8739995320638,107.53433010549344,100.188950815602,119.38055873595438,112.62464395818678,111.2691571121594,3.535084998886561,2026-07-07,2026-05-26,107.73999786376952,116.66296970363264,111.73565492454506,110.50809925355335,2.569242105688481,naive,1.0445558336046001,1.3613424860044614,0.9489594462257728,2026-11-10,2026-09-29,98.45999908447266,87.14190380130265,103.46361265806996,98.45999908447266,103.5836669921875,98.68282301232364,109.01326979540488,86.40784063324364,94.08753249377702,94.9527049703418,-3.5621512763998844
CRL,CRL,Unknown,Unknown,2010-01-04,2026-09-29,4059,295.9599914550781,2026-11-10,High,401.2809064911671,0.0627956121420789,43.24348914216256,36.86284637007811,-8.072326897290656,Medium Risk,Near-Sector Volatility,,,,,,16.420516208181944,,,42.2592365403671,,Unknown Fundamentals,324.3695739845279,9.599129392380013,Positive Forecast,Potential Opportunity,Weighted Ensemble,Missing or unknown fundamentals,168.27999877929688,0.0,168.27999877929688,198.2646677652995,168.9978557768322,121.13181685038228,295.9599914550781,131.8884,177.6077,2026-11-10,324.3695739845279,9.599129392380013,318.7478608122687,7.699645227435884,,,295.9599914550781,301.04052719946503,286.2676676432292,377.58686822866986,260.00327519238067,2026-09-29,295.9599914550781,295.9599914550781,0.4324348914216256,0.4324348914216256,942773.3333333334,751,1.965388,0.0,5.287468666666666,31.3639,20.0,6.1732,14.4781,1.6996,26.2852,1.990947,1.966307,9.166502,1.965388,14.654074,1.981594,Potential Opportunity,9.599129392380013,324.3695739845279,324.3695739845279,Weighted Ensemble,Adaptive Momentum,Constrained dynamic ensemble excluding XGBoost,2026-07-03,2026-05-22,160.3000030517578,119.11975340074252,187.525623972691,160.3000030517578,170.36266632080077,158.81875513863383,189.8967970695515,117.83072805820936,154.10103629543673,149.4590448382008,-6.7629182827006336,2026-07-07,2026-05-26,156.72999572753906,126.21705598350864,151.15840276114298,149.37504025451776,-4.692755486197569,naive,4.5985568576388856,6.368254831720705,1.965388309043615,2026-11-10,2026-09-29,295.9599914550781,268.2625340028252,392.21138694602826,295.9599914550781,286.2676676432292,301.04052719946503,260.00327519238067,377.58686822866986,318.7478608122687,324.3695739845279,9.599129392380013
CRWD,CRWD,Unknown,Unknown,2019-06-12,2026-09-29,1684,262.739990234375,2026-11-10,Moderate,533.1293040308459,0.1716625604104612,66.0044020127914,36.86284637007811,51.83808501753656,High Risk,Above-Sector Volatility,,,,,,16.420516208181944,,,42.2592365403671,,Unknown Fundamentals,289.0907435028578,10.029213004452352,Positive Forecast,High Volatility Speculative,Weighted Ensemble,Missing or unknown fundamentals,367.2149963378906,0.0,367.2149963378906,433.5098347981771,359.00963701520647,571.9742976943045,262.739990234375,271.2854,365.6522,2026-11-10,289.0907435028578,10.029213004452352,292.9927058454491,11.514317095044202,,,262.739990234375,282.63031321096577,223.92300059000647,334.2128837016113,218.386481499476,2026-09-29,262.739990234375,262.739990234375,0.6600440201279141,0.6600440201279141,11608983.333333334,751,2.92719,0.0,7.411165,29.8162,20.0,8.0356,16.0878,1.8602,24.2004,3.089894,2.945801,9.904713,2.92719,22.444598,3.154794,High Volatility Speculative,10.029213004452352,289.0907435028578,289.0907435028578,Weighted Ensemble,Adaptive Momentum,Constrained dynamic ensemble excluding XGBoost,2026-07-03,2026-05-22,663.4600219726562,630.9159697095565,1015.3273852657104,663.4600219726562,501.0083353678385,705.1707763067546,456.92270224096495,1040.5124370452918,819.2626244058812,800.3663297812973,20.635200807062866,2026-07-07,2026-05-26,671.5499877929688,1053.200029021487,829.2523847679249,810.3623188913148,20.670439076999923,naive,5.972472127278642,8.517444137523897,2.9271902436977624,2026-11-10,2026-09-29,262.739990234375,216.3422149234026,386.3021278978069,262.739990234375,223.92300059000647,282.63031321096577,218.38648149947596,334.2128837016113,292.9927058454491,289.0907435028578,10.029213004452352
CSGP,CSGP,Unknown,Unknown,2010-01-04,2026-09-29,4059,26.950000762939453,2026-11-10,Moderate,1058.343188908666,0.0798161087378852,45.49172806748315,36.86284637007811,-15.00107352865041,Medium Risk,Near-Sector Volatility,,,,,,16.420516208181944,,,42.2592365403671,,Unknown Fundamentals,23.201269561061743,-13.90994840724759,Negative Forecast,Weak Fundamentals / Negative Forecast,Weighted Ensemble,Missing or unknown fundamentals,49.2705678631955,0.6754582054812522,48.93999862670898,56.73633282979329,45.44118872142973,94.20781412016314,26.950000762939453,39.1449,56.4216,2026-11-10,23.201269561061743,-13.90994840724759,23.133668495677245,-14.160787232742022,,,26.950000762939453,25.855649257697912,30.55233332316081,17.184079172678466,12.072019554539956,2026-09-29,26.950000762939453,26.950000762939453,0.4549172806748315,0.4549172806748315,6783136.666666667,751,2.238235,0.629213,6.518870499999999,30.3745,20.0,8.26,14.7046,1.2624,25.3986,2.327221,2.238235,6.090072,2.272234,23.839356,2.346105,Weak Fundamentals / Negative Forecast,-13.90994840724759,23.201269561061743,23.201269561061743,Weighted Ensemble,Adaptive Momentum,Constrained dynamic ensemble excluding XGBoost,2026-07-03,2026-05-22,33.95000076293945,27.898111577752804,43.42158325392518,33.95000076293945,35.48066685994466,32.833510577489,29.342050123288843,37.75111742312268,34.19499643847609,34.80488722149071,2.5180749317816464,2026-07-07,2026-05-26,32.52000045776367,31.34893309559429,30.952479797743965,31.64135762186104,-2.70185370090568,drift,0.6826770194538613,0.8723757107454427,2.23823503139053,2026-11-10,2026-09-29,26.950000762939453,18.999558245619056,28.332180268937137,26.950000762939453,30.55233332316081,25.855649257697912,12.072019554539956,17.184079172678466,23.133668495677245,23.201269561061743,-13.90994840724759
CZR,CZR,Unknown,Unknown,2014-09-22,2026-09-29,2872,29.6200008392334,2026-11-10,High,381.3793331755569,0.1228542508382782,9.763299856609379,36.86284637007811,58.56719850913281,Low Risk,Above-Sector Volatility,,,,,,16.420516208181944,,,42.2592365403671,,Unknown Fundamentals,29.50834916880348,-0.3769468847618412,Neutral Forecast,Stable Watchlist,Weighted Ensemble,Positive adaptive forecast but high volatility risk,20.940000534057617,0.0,20.940000534057617,21.850666809082032,18.93761984507243,14.716238032075296,29.6200008392334,18.2529,26.575,2026-11-10,29.50834916880348,-0.3769468847618412,29.58196960293968,-0.1283971479276408,,,29.6200008392334,29.0814714896022,29.65500005086263,29.53018648850955,32.36168371527054,2026-09-29,29.6200008392334,29.6200008392334,0.0976329985660938,0.0976329985660938,3851153.3333333335,751,0.385041,0.05618,1.784749666666667,32.0943,20.0,7.688,15.7283,0.9735,23.5159,0.396079,0.389915,1.644048,0.385041,7.484306,0.409109,Stable Watchlist,-0.3769468847618412,29.50834916880348,29.50834916880348,Weighted Ensemble,Adaptive Momentum,Constrained dynamic ensemble excluding XGBoost,2026-07-03,2026-05-22,28.46999931335449,22.299814744503127,37.23040750979919,28.46999931335449,27.54299996693929,28.02516154214136,24.02695031847525,29.79996515559929,29.368132750558548,28.81373266917842,1.2073528771133233,2026-07-07,2026-05-26,28.3799991607666,30.291574823937985,29.367895514746472,28.91406908866221,1.8818532194811444,naive,0.11411126454671193,0.18216913958024836,0.3850409197578974,2026-11-10,2026-09-29,29.6200008392334,28.269815222309425,30.801144748228467,29.6200008392334,29.65500005086263,29.0814714896022,32.36168371527054,29.53018648850955,29.58196960293968,29.50834916880348,-0.3769468847618412
DECK,DECK,Unknown,Unknown,2010-01-04,2026-09-29,4059,77.68000030517578,2026-11-10,High,1917.0410194584588,0.1121854242911863,37.94030485254154,36.86284637007811,18.46109768807081,Medium Risk,Near-Sector Volatility,,,,,,16.420516208181944,,,42.2592365403671,,Unknown Fundamentals,77.67664546582368,-0.0043187942056113,Neutral Forecast,Stable Watchlist,Weighted Ensemble,Missing or unknown fundamentals,116.26000213623048,0.0,116.26000213623048,108.90400060017905,112.24095426286972,35.298408443949256,77.68000030517578,102.1449,142.2832,2026-11-10,77.67664546582368,-0.0043187942056113,74.73396493176075,-3.792527499795512,,,77.68000030517578,77.35520568849576,83.39666697184245,78.1922351672198,97.20627336630236,2026-09-29,77.68000030517578,77.68000030517578,0.3794030485254154,0.3794030485254154,3169480.0,751,1.944701,0.0,4.2161496666666665,32.2076,20.0,7.3559,15.1591,2.4217,22.8558,2.016317,1.949228,6.839597,1.944701,10.488461,2.058594,Stable Watchlist,-0.0043187942056113,77.67664546582368,77.67664546582368,Weighted Ensemble,Adaptive Momentum,Constrained dynamic ensemble excluding XGBoost,2026-07-03,2026-05-22,106.66999816894533,92.56786242114228,140.76042627690086,106.66999816894533,102.7279993693034,108.19119148014964,101.84676453409313,127.85229352583588,116.04871494439811,114.1485513440337,7.010924630601146,2026-07-07,2026-05-26,111.44000244140624,170.82792122208275,129.58505702938996,129.80147698251196,16.476556118849654,naive,1.9064449734157998,2.3714174286574585,1.9447009631072916,2026-11-10,2026-09-29,77.68000030517578,65.75448125341568,91.76045701843086,77.68000030517578,83.39666697184245,77.35520568849576,97.20627336630236,78.1922351672198,74.73396493176075,77.67664546582368,-0.0043187942056113
DELL,DELL,Unknown,Unknown,2016-08-17,2026-09-29,2392,539.5900268554688,2026-11-10,Moderate,1014.1672507445096,0.1341948640054885,92.12593940807916,36.86284637007811,11.33122224068894,High Risk,Near-Sector Volatility,,,,,,16.420516208181944,,,42.2592365403671,,Unknown Fundamentals,548.5553346738138,1.6615036179581717,Neutral Forecast,Stable Watchlist,Weighted Ensemble,Missing or unknown fundamentals,122.72000122070312,0.0,122.72000122070312,118.24551518758138,123.31703494843984,129.98250616789844,539.5900268554688,107.8244,149.762,2026-11-10,548.5553346738138,1.6615036179581717,555.5250171801937,2.9531662061265607,,,539.5900268554688,586.304091209547,509.0126698811849,527.9988976248885,539.7677674268749,2026-09-29,539.5900268554688,539.5900268554688,0.9212593940807916,0.9212593940807916,9187430.0,751,4.155193,0.550562,9.514496,30.6126,20.0,7.4499,14.4713,1.7504,25.7158,4.26332,4.155193,13.103117,4.158578,27.191603,4.215165,Stable Watchlist,1.6615036179581717,548.5553346738138,548.5553346738138,Weighted Ensemble,Adaptive Momentum,Constrained dynamic ensemble excluding XGBoost,2026-07-03,2026-05-22,295.19000244140625,255.914996769538,474.2234581568448,295.19000244140625,222.96033223470053,317.8177758110092,191.88915950345225,429.71796714634286,364.5104875791477,348.3689061357917,18.015143891921337,2026-07-07,2026-05-26,305.0799865722656,478.4606604904613,376.72297075226993,368.7802760601339,20.87986504902355,drift,18.242775046200375,24.308176180887724,4.155193395438526,2026-11-10,2026-09-29,539.5900268554688,366.0200234241733,822.1215669678758,539.5900268554688,509.0126698811849,586.304091209547,539.7677674268749,527.9988976248885,555.5250171801937,548.5553346738138,1.6615036179581717
DOC,DOC,Unknown,Unknown,2010-01-04,2026-09-29,4059,20.1299991607666,2026-11-10,High,47.20746634917226,0.0246597165287866,22.06990244706334,36.86284637007811,-25.465319805506347,Low Risk,Below-Sector Volatility,,,,,,16.420516208181944,,,42.2592365403671,,Unknown Fundamentals,20.073443361306733,-0.2809528157859826,Neutral Forecast,Stable Watchlist,Weighted Ensemble,Missing or unknown fundamentals,17.177600860595703,0.0,17.177600860595703,17.05536149342855,17.01463676634289,14.750596747135836,20.1299991607666,16.1155,19.0926,2026-11-10,20.073443361306733,-0.2809528157859826,19.756961659726823,-1.8531421589268084,,,20.1299991607666,20.22883866964076,20.702999941507976,20.040264704585955,21.484918080041066,2026-09-29,20.1299991607666,20.1299991607666,0.2206990244706334,0.2206990244706334,4898346.666666667,751,1.124633,0.022472,2.9584035000000006,31.2744,20.0,6.9003,14.9229,1.7266,25.1758,1.155394,1.126309,4.437212,1.124633,8.728205,1.178668,Stable Watchlist,-0.2809528157859826,20.073443361306733,20.073443361306733,Weighted Ensemble,Adaptive Momentum,Constrained dynamic ensemble excluding XGBoost,2026-07-03,2026-05-22,19.729999542236328,16.88383348901912,23.172308553754085,19.729999542236328,17.870666694641113,19.713427031422203,17.267419277852564,20.002482118618587,20.651210630491047,19.77972191861548,0.2520140777130073,2026-07-07,2026-05-26,20.030000686645508,20.86234009242804,21.207275261512898,20.259915303579056,1.147851268356862,naive,0.2345556259155272,0.28690507118942027,1.1246332248720774,2026-11-10,2026-09-29,20.1299991607666,18.219105180327222,22.116515843746413,20.1299991607666,20.702999941507976,20.22883866964076,21.484918080041066,20.040264704585955,19.756961659726823,20.073443361306733,-0.2809528157859826
EG,EG,Unknown,Unknown,2010-01-04,2026-09-29,4059,368.80999755859375,2026-11-10,High,463.0042622903603,0.0544332539838911,23.3867204631843,36.86284637007811,-33.86416509862606,Low Risk,Below-Sector Volatility,,,,,,16.420516208181944,,,42.2592365403671,,Unknown Fundamentals,360.2686154708623,-2.315930192856136,Negative Forecast,Needs Further Review,Weighted Ensemble,Missing or unknown fundamentals,346.59344522467734,0.6079705159667376,344.4989929199219,330.0793029785156,345.7051493326823,317.6413556428083,368.80999755859375,337.8273,387.5611,2026-11-10,360.2686154708623,-2.315930192856136,360.9845393873941,-2.1218129180341485,,,368.80999755859375,368.5401807690112,374.05432942708336,338.3793061244433,375.68761407030206,2026-09-29,368.80999755859375,368.80999755859375,0.233867204631843,0.233867204631843,369493.3333333333,751,1.096427,0.0,2.062358,28.7734,20.0,9.0698,15.6343,3.6441,22.8784,1.156086,1.096588,3.218895,1.096427,4.615709,1.190443,Needs Further Review,-2.315930192856136,360.2686154708623,360.2686154708623,Weighted Ensemble,Adaptive Momentum,Constrained dynamic ensemble excluding XGBoost,2026-07-03,2026-05-22,352.7099914550781,324.9809152289567,383.18197593575,352.7099914550781,349.45400085449216,352.22799095479934,334.01033808711924,356.3042245051725,354.60814145787384,352.883591625964,0.0492189546912633,2026-07-07,2026-05-26,352.2099914550781,356.5350417585693,353.4151599562622,352.61322885800126,0.1144877807859034,naive,3.987221611870661,5.3145565163339805,1.0964272121014678,2026-11-10,2026-09-29,368.80999755859375,325.1022501497372,399.2389324697419,368.80999755859375,374.05432942708336,368.5401807690112,375.68761407030206,338.3793061244433,360.9845393873941,360.2686154708623,-2.315930192856136
ELV,ELV,Unknown,Unknown,2010-01-04,2026-09-29,4059,392.7300109863281,2026-11-10,High,616.9777515564099,0.0651604295703621,33.84841080478847,36.86284637007811,-21.75782879866826,Low Risk,Near-Sector Volatility,,,,,,16.420516208181944,,,42.2592365403671,,Unknown Fundamentals,374.5461454760966,-4.630118656978452,Negative Forecast,Needs Further Review,Weighted Ensemble,Missing or unknown fundamentals,342.3099975585937,0.0,342.3099975585937,351.5253316243489,337.4556100027902,265.48093361858446,392.7300109863281,292.4395,390.9598,2026-11-10,374.5461454760966,-4.630118656978452,375.7766075502833,-4.3168087392829815,,,392.7300109863281,390.941924307399,404.0143341064453,326.80001787675616,411.8590143655785,2026-09-29,392.7300109863281,392.7300109863281,0.3384841080478847,0.3384841080478847,1109346.6666666667,751,1.516984,0.0,2.6104661666666664,31.6981,20.0,9.2917,14.4493,3.165,21.3959,1.553079,1.51818,3.47603,1.516984,5.987375,1.611149,Needs Further Review,-4.630118656978452,374.5461454760966,374.5461454760966,Weighted Ensemble,Adaptive Momentum,Constrained dynamic ensemble excluding XGBoost,2026-07-03,2026-05-22,394.6900024414063,342.2356964700422,494.0398738313753,394.6900024414063,363.2866668701172,392.3712433420261,334.9733105909374,449.06357145105454,415.9714565407081,411.19105085671856,4.180761689742059,2026-07-07,2026-05-26,387.8500061035156,406.7411135448255,398.2731281483934,392.404540134601,1.1743029417072626,naive,6.050446234809034,8.493750985017996,1.5169840896283078,2026-11-10,2026-09-29,392.7300109863281,322.8084273591177,434.57606184158686,392.7300109863281,404.0143341064453,390.941924307399,411.8590143655785,326.80001787675616,375.7766075502833,374.5461454760966,-4.630118656978452
ENPH,ENPH,Unknown,Unknown,2012-03-30,2026-09-29,3494,31.82999992370605,2026-11-10,Moderate,531.1989219062884,0.1789494713171346,77.793220271048,36.86284637007811,117.23937303233092,High Risk,Above-Sector Volatility,,,,,,16.420516208181944,,,42.2592365403671,,Unknown Fundamentals,27.89195104578909,-12.372129712083396,Negative Forecast,Weak Fundamentals / Negative Forecast,Weighted Ensemble,Missing or unknown fundamentals,46.33000183105469,0.0,46.33000183105469,41.598000081380206,43.96809750511533,2.637180045053583,31.82999992370605,35.4838,63.1669,2026-11-10,27.89195104578909,-12.372129712083396,27.34127817202428,-14.102173303301532,,,31.82999992370605,30.216658872978048,36.07000001271566,20.731870596926992,45.509404535842336,2026-09-29,31.82999992370605,31.82999992370605,0.77793220271048,0.77793220271048,4433943.333333333,751,3.619445,0.539326,8.455306833333333,31.2295,20.0,6.8077,14.7909,2.0718,25.1,3.744936,3.619445,14.413004,3.627839,21.5642,3.762417,Weak Fundamentals / Negative Forecast,-12.372129712083396,27.89195104578909,27.89195104578909,Weighted Ensemble,Adaptive Momentum,Constrained dynamic ensemble excluding XGBoost,2026-07-03,2026-05-22,64.02999877929688,48.05228681897497,114.0058486632754,64.02999877929688,39.08666661580404,61.68968868772098,38.824309352677446,100.41902732249191,79.06638396185701,74.01514533531879,15.594481877845142,2026-07-07,2026-05-26,66.9000015258789,104.92008760234675,82.6103593399451,78.00990110632567,16.606725451492142,drift,1.7048366124861798,2.5872792544282506,3.6194454862482326,2026-11-10,2026-09-29,31.82999992370605,19.819864513120866,39.25157675147984,31.82999992370605,36.07000001271566,30.216658872978048,45.509404535842336,20.731870596926992,27.34127817202428,27.89195104578909,-12.372129712083396
EPAM,EPAM,Unknown,Unknown,2012-02-08,2026-09-29,3530,107.13999938964844,2026-11-10,Moderate,857.0357186453682,0.1041714905664955,57.7440560004778,36.86284637007811,19.5469820213838,High Risk,Near-Sector Volatility,,,,,,16.420516208181944,,,42.2592365403671,,Unknown Fundamentals,93.28676391881643,-12.930031313935649,Negative Forecast,Weak Fundamentals / Negative Forecast,Weighted Ensemble,Missing or unknown fundamentals,135.00499211454837,0.7612729033476648,133.98500061035156,193.00716705322264,123.14154743012928,101.83696308010916,107.13999938964844,87.7305,134.1977,2026-11-10,93.28676391881643,-12.930031313935649,96.74746051674188,-9.699961668947568,,,107.13999938964844,103.53917899784136,113.1833330790202,69.93590038780823,71.48206436961611,2026-09-29,107.13999938964844,107.13999938964844,0.577440560004778,0.577440560004778,1161043.3333333333,751,2.530905,0.516854,7.647987,30.5192,20.0,6.9266,14.6042,1.2024,26.7476,2.574324,2.530905,9.117596,2.534209,26.578683,2.552205,Weak Fundamentals / Negative Forecast,-12.930031313935649,93.28676391881643,93.28676391881643,Weighted Ensemble,Adaptive Momentum,Constrained dynamic ensemble excluding XGBoost,2026-07-03,2026-05-22,102.69000244140624,82.56637364931541,137.44760653288998,102.69000244140624,111.62466634114584,98.88119804124756,137.4836582230094,113.8108425814781,105.28444079256737,106.52957541546236,3.738993945634511,2026-07-07,2026-05-26,99.69000244140624,107.05293520463655,96.84687427420565,100.93884741544852,1.2527284015027542,drift,2.4781171984731367,3.533137979267614,2.5309048480120415,2026-11-10,2026-09-29,107.13999938964844,72.39063923851916,120.2147185601094,107.13999938964844,113.1833330790202,103.53917899784136,71.48206436961611,69.93590038780823,96.74746051674188,93.28676391881643,-12.930031313935649
EQT,EQT,Unknown,Unknown,2010-01-04,2026-09-29,4059,48.880001068115234,2026-11-10,High,189.1004021672749,0.0629397355783826,27.148253805945398,36.86284637007811,17.410842293120833,Low Risk,Near-Sector Volatility,,,,,,16.420516208181944,,,42.2592365403671,,Unknown Fundamentals,45.63359790412608,-6.64157752260527,Negative Forecast,Weak Fundamentals / Negative Forecast,Weighted Ensemble,Missing or unknown fundamentals,61.2598042720759,0.4835628946939191,60.96500015258789,55.29759038289388,62.03896731422061,63.99897089958836,48.880001068115234,58.3443,74.5918,2026-11-10,45.63359790412608,-6.64157752260527,44.929857934827645,-8.081307379234685,,,48.880001068115234,49.31895070543801,53.063666661580406,38.08471009252239,53.08019479454942,2026-09-29,48.880001068115234,48.880001068115234,0.271482538059454,0.271482538059454,7234376.666666667,751,1.199439,0.0,2.9086746666666663,32.2343,20.0,7.5724,15.306,2.0604,22.8269,1.256589,1.205269,4.274943,1.199439,8.206185,1.309623,Weak Fundamentals / Negative Forecast,-6.64157752260527,45.63359790412608,45.63359790412608,Weighted Ensemble,Adaptive Momentum,Constrained dynamic ensemble excluding XGBoost,2026-07-03,2026-05-22,57.91999816894531,52.61089911662256,69.1328968385164,57.91999816894531,57.78300018310547,59.03913034096953,60.10105357972409,64.22159119118643,59.606563831708485,60.30873785125221,4.124205382982311,2026-07-07,2026-05-26,56.209999084472656,55.49609903211677,55.07255902426202,56.15750862088771,-0.0933827867637256,naive,0.6296664343939885,0.8959370266504155,1.19943851626873,2026-11-10,2026-09-29,48.880001068115234,40.50454227531244,51.41214147097523,48.880001068115234,53.063666661580406,49.31895070543801,53.08019479454942,38.08471009252239,44.929857934827645,45.63359790412608,-6.64157752260527
ERIE,ERIE,Unknown,Unknown,2010-01-04,2026-09-29,4059,222.42999267578125,2026-11-10,Moderate,980.5776988412892,0.0717639050314314,45.45335252851161,36.86284637007811,-30.264512126100712,Medium Risk,Below-Sector Volatility,,,,,,16.420516208181944,,,42.2592365403671,,Unknown Fundamentals,201.02240989668056,-9.62441374095842,Negative Forecast,Weak Fundamentals / Negative Forecast,Weighted Ensemble,Missing or unknown fundamentals,273.6586376442117,0.6708651374762368,271.8349914550781,280.2641662597656,258.85211254301527,259.5949173305208,222.42999267578125,233.1724,284.5625,2026-11-10,201.02240989668056,-9.62441374095842,197.4483209233518,-11.231251438668744,,,222.42999267578125,220.0444626176286,247.4940017700196,155.5171173148794,208.5364776784145,2026-09-29,222.42999267578125,222.42999267578125,0.4545335252851161,0.4545335252851161,269520.0,751,2.100732,0.539326,4.120166666666667,32.0508,20.0,8.4855,14.9512,2.5492,21.9633,2.177002,2.100732,5.620323,2.102443,10.460828,2.259672,Weak Fundamentals / Negative Forecast,-9.62441374095842,201.02240989668056,201.02240989668056,Weighted Ensemble,Adaptive Momentum,Constrained dynamic ensemble excluding XGBoost,2026-07-03,2026-05-22,224.22999572753903,198.1759744403845,270.6288607330333,224.22999572753903,228.81699930826824,224.4756220785096,207.93841769555297,251.19844371533063,228.53309193986823,231.5861355683021,3.2806225665282884,2026-07-07,2026-05-26,223.07000732421875,242.01667623268472,224.1256199199531,227.5125423082657,1.9915429408625145,drift,4.940492815952729,6.623635553248927,2.1007324293596747,2026-11-10,2026-09-29,222.42999267578125,164.64533262697185,245.43671318168404,222.42999267578125,247.49400177001957,220.0444626176286,208.5364776784145,155.5171173148794,197.4483209233518,201.02240989668056,-9.62441374095842
FB,ProShares S&P 500 Dynamic Daily Buffer ETF,Unknown,Unknown,2025-06-26,2026-09-29,213,45.525001525878906,2026-11-10,High,11.0129079765818,0.0497444866191314,5.26056613525312,36.86284637007811,-87.03386728951014,Low Risk,Below-Sector Volatility,,,,,,16.420516208181944,,,42.2592365403671,,Unknown Fundamentals,45.78006319059356,0.5602672293589306,Neutral Forecast,Stable Watchlist,Weighted Ensemble,Missing or unknown fundamentals,43.72999954223633,0.0,43.72999954223633,42.82963727315267,44.3438935549754,44.06877240951652,45.525001525878906,43.7033,45.1046,2026-11-10,45.78006319059356,0.5602672293589306,45.68131121279704,0.3433491085756034,,,45.525001525878906,46.09749584619459,45.276899846394855,45.97798793320668,45.98606148364976,2026-09-29,45.525001525878906,45.525001525878906,0.0526056613525312,0.0526056613525312,880.0,317,0.208408,0.0,0.3646033333333333,27.1888,19.2283,10.4155,14.9581,6.6731,21.5361,0.228547,0.219807,0.666926,0.208408,0.629935,0.233997,Stable Watchlist,0.5602672293589306,45.78006319059356,45.78006319059356,Weighted Ensemble,Adaptive Momentum,Constrained dynamic ensemble excluding XGBoost,2026-07-03,2026-05-22,44.57899856567383,43.98405452961045,45.87414985842975,44.57899856567383,43.900900014241536,45.23269769399503,44.085310384879925,45.35897433424822,44.99970523070515,44.919161934220185,0.7630574474328478,2026-07-07,2026-05-26,44.55500030517578,45.34419953985487,44.951033202860174,44.89976319210459,0.7737916834639894,naive,0.09305534362792953,0.14688380585805796,0.20840826484996972,2026-11-10,2026-09-29,45.525001525878906,44.73451089595153,46.85005253794807,45.525001525878906,45.276899846394855,46.09749584619459,45.98606148364976,45.97798793320668,45.68131121279704,45.78006319059356,0.5602672293589306
FDS,FDS,Unknown,Unknown,2010-01-04,2026-09-29,4059,259.9700012207031,2026-11-10,Moderate,244.81042595178647,0.0432907102323577,51.24871435040246,36.86284637007811,-31.296267971134977,Medium Risk,Below-Sector Volatility,,,,,,16.420516208181944,,,42.2592365403671,,Unknown Fundamentals,242.74476679421667,-6.625854654615701,Negative Forecast,Weak Fundamentals / Negative Forecast,Weighted Ensemble,Missing or unknown fundamentals,192.7899932861328,0.0,192.7899932861328,244.0959976196289,160.8873040335519,287.8472891775432,259.9700012207031,140.6812,196.289,2026-11-10,242.74476679421667,-6.625854654615701,238.09822719096272,-8.413191494034049,,,259.9700012207031,254.6466205563224,287.6529998779297,214.69918908587252,247.86126995652208,2026-09-29,259.9700012207031,259.9700012207031,0.5124871435040246,0.5124871435040246,871553.3333333334,751,2.421249,0.505618,6.6404295,30.8709,20.0,8.0876,14.3913,1.2584,25.3918,2.467771,2.421249,6.534619,2.422005,23.486732,2.510201,Weak Fundamentals / Negative Forecast,-6.625854654615701,242.74476679421667,242.74476679421667,Weighted Ensemble,Adaptive Momentum,Constrained dynamic ensemble excluding XGBoost,2026-07-03,2026-05-22,232.0,191.00869356105989,301.68173770654084,232.0,224.61399993896484,227.2645081218184,141.55910394346665,259.1064780754492,247.0039148972915,240.0496502612672,3.469676836753105,2026-07-07,2026-05-26,230.9199981689453,270.01255417251326,242.0423987660324,240.93093034912064,4.3352382901246695,drift,6.364177457274455,8.344020973776543,2.421248529002093,2026-11-10,2026-09-29,259.9700012207031,193.82111713540752,304.0175532824547,259.9700012207031,287.6529998779297,254.6466205563224,247.86126995652208,214.69918908587255,238.09822719096272,242.74476679421667,-6.625854654615701
FICO,FICO,Unknown,Unknown,2010-01-04,2026-09-29,4059,617.8699951171875,2026-11-10,Moderate,5972.945740682198,0.1253250950531025,79.76714972164359,36.86284637007811,-4.889564251903822,High Risk,Near-Sector Volatility,,,,,,16.420516208181944,,,42.2592365403671,,Unknown Fundamentals,567.0761233827693,-8.22080245615171,Negative Forecast,Weak Fundamentals / Negative Forecast,Weighted Ensemble,Missing or unknown fundamentals,1297.8199462890625,0.0,1297.8199462890625,1461.1853352864584,1246.900887625558,1142.273348530036,617.8699951171875,1045.5552,1336.1219,2026-11-10,567.0761233827693,-8.22080245615171,500.3670719556768,-19.01741856540949,,,617.8699951171875,609.6501501458035,1012.1940002441406,393.9713029291264,818.1292220034192,2026-09-29,617.8699951171875,617.8699951171875,0.7976714972164359,0.7976714972164359,531636.6666666666,751,2.933569,0.0,4.476284166666667,29.495,20.0,7.4999,13.8179,5.0178,24.1694,2.963559,2.934444,8.568273,2.933569,6.454291,3.003569,Weak Fundamentals / Negative Forecast,-8.22080245615171,567.0761233827693,567.0761233827693,Weighted Ensemble,Adaptive Momentum,Constrained dynamic ensemble excluding XGBoost,2026-07-03,2026-05-22,1239.9100341796875,1063.8206991746622,1815.645650047917,1239.9100341796875,1076.5880025227864,1264.3457009799758,1121.784240569233,1655.5622950844534,1429.6115275889986,1389.791863872936,12.088121360547644,2026-07-07,2026-05-26,1259.8900146484375,1934.9182485913016,1456.0095832576155,1471.7082140842865,16.812435766066056,naive,30.81956515842014,50.129707185539,2.9335688066776786,2026-11-10,2026-09-29,617.8699951171875,399.48289816518326,804.9789645259376,617.8699951171875,1012.1940002441406,609.6501501458035,818.1292220034192,393.9713029291264,500.3670719556768,567.0761233827693,-8.22080245615171
FISV,"Fiserv, Inc.",Unknown,Unknown,2010-01-04,2026-09-29,4105,45.36000061035156,2026-11-10,Moderate,406.9795762822917,0.0555480190023138,42.16715475266341,36.86284637007811,-25.9960761253721,Medium Risk,Below-Sector Volatility,21193000000.0,3480000000.0,8956000000.0,6.516854,16.420516208181944,16.420516208181944,0.0,42.2592365403671,42.2592365403671,0.0,Above-Sector Profitability,41.17024943132816,-9.23666473246754,Negative Forecast,Weak Fundamentals / Negative Forecast,Weighted Ensemble,Classified,62.650001525878906,0.0,62.650001525878906,58.76766662597656,48.91428756713867,-1.1919076497119931,45.36000061035156,56.0198,73.4737,2026-11-10,41.17024943132816,-9.23666473246754,41.24047622993135,-9.081843749975825,,,45.36000061035156,43.733956884256415,50.11300036112468,33.82681691269499,33.54917231250362,2026-09-29,45.36000061035156,45.36000061035156,0.4216715475266341,0.4216715475266341,6863563.333333333,750,2.02552,0.505618,8.617833833333334,30.1326,20.0,8.9238,14.5369,0.6618,25.7449,2.063829,2.02552,5.0603,2.029364,38.47864,2.04935,Weak Fundamentals / Negative Forecast,-9.23666473246754,41.17024943132816,41.17024943132816,Weighted Ensemble,Adaptive Momentum,Constrained dynamic ensemble excluding XGBoost,2026-07-03,2026-05-22,57.130001068115234,48.73016640093289,69.23060894219479,57.130001068115234,58.97366663614909,55.49331251159611,14.167495733890036,62.38031769988645,57.82941292984314,58.08286402882578,1.6678854242877803,2026-07-07,2026-05-26,55.61000061035156,59.43666560768402,54.67893773113164,55.884906655328805,0.4943464160402659,drift,1.0497420910623203,1.3771143848560765,2.025519527048294,2026-11-10,2026-09-29,45.36000061035156,34.21025782769533,49.5462339621883,45.36000061035156,50.11300036112468,43.733956884256415,33.54917231250362,33.82681691269499,41.24047622993135,41.17024943132816,-9.23666473246754
FSLR,FSLR,Unknown,Unknown,2010-01-04,2026-09-29,4059,176.92999267578125,2026-11-10,Moderate,79.70617201428284,0.0715792008625513,58.14820581504117,36.86284637007811,46.659599763252,High Risk,Above-Sector Volatility,,,,,,16.420516208181944,,,42.2592365403671,,Unknown Fundamentals,156.7656000892302,-11.396819884292702,Negative Forecast,Weak Fundamentals / Negative Forecast,Weighted Ensemble,Positive adaptive forecast but high volatility risk,243.42999267578125,0.0,243.42999267578125,235.08233337402345,252.8752303350539,184.0505348815073,176.92999267578125,222.5244,322.4258,2026-11-10,156.7656000892302,-11.396819884292702,150.50952171905928,-14.932725965312546,,,176.92999267578125,177.80776131424037,201.49566650390625,118.29343002449068,206.82016107189227,2026-09-29,176.92999267578125,176.92999267578125,0.5814820581504118,0.5814820581504118,2196856.6666666665,751,2.807901,0.550562,5.3306675,30.9937,20.0,6.5414,14.1562,3.2092,25.0995,2.807901,2.815,10.856564,2.809602,9.861667,2.833271,Weak Fundamentals / Negative Forecast,-11.396819884292702,156.7656000892302,156.7656000892302,Weighted Ensemble,Adaptive Momentum,Constrained dynamic ensemble excluding XGBoost,2026-07-03,2026-05-22,257.8500061035156,240.7968917011355,385.5821382950046,257.8500061035156,212.5903345743815,260.4305729006067,245.6554699190847,404.38930660085794,309.0050285764506,304.70802483182894,18.172587791020582,2026-07-07,2026-05-26,269.95001220703125,418.3663188825104,330.9851470554859,319.7463172032096,18.446491107393733,adaptive_blended_momentum,6.504579394029636,9.035147576998153,2.807900716461465,2026-11-10,2026-09-29,176.92999267578125,121.4345594182897,202.37610684356017,176.92999267578125,201.49566650390625,177.80776131424037,206.82016107189227,118.29343002449068,150.50952171905928,156.7656000892302,-11.396819884292702
GDDY,GDDY,Unknown,Unknown,2015-03-31,2026-09-29,2741,94.05999755859376,2026-11-10,Moderate,341.74999237060547,0.0793418761249731,63.50389970514749,36.86284637007811,-2.920100803020654,High Risk,Near-Sector Volatility,,,,,,16.420516208181944,,,42.2592365403671,,Unknown Fundamentals,87.65082957871955,-6.813914678109239,Negative Forecast,Weak Fundamentals / Negative Forecast,Weighted Ensemble,Missing or unknown fundamentals,88.3499984741211,0.0,88.3499984741211,99.34066569010416,77.84761646815709,128.1500106564797,94.05999755859376,72.2957,88.3686,2026-11-10,87.65082957871955,-6.813914678109239,87.57431623319873,-6.895259933804318,,,94.05999755859376,94.96220247479977,98.37499923706056,72.94147006634839,72.727963687692,2026-09-29,94.05999755859376,94.05999755859376,0.6350389970514749,0.6350389970514749,2364083.333333333,751,2.924905,0.0,6.572163833333334,28.3465,20.0,11.4055,15.4375,1.7205,23.09,3.072491,2.925722,5.510063,2.924905,21.906866,3.092936,Weak Fundamentals / Negative Forecast,-6.813914678109239,87.65082957871955,87.65082957871955,Weighted Ensemble,Adaptive Momentum,Constrained dynamic ensemble excluding XGBoost,2026-07-03,2026-05-22,90.45999908447266,72.42946082807094,111.21994250311393,90.45999908447266,86.94833297729492,91.2682656409583,58.8667285999997,88.80059394929437,92.34647084006735,89.75299699079464,-0.7815632332892317,2026-07-07,2026-05-26,88.98999786376953,91.77678508352332,88.63279774095035,88.74983823563099,-0.2698726080499418,naive,2.6751107957628033,3.6703811063099936,2.924905060404986,2026-11-10,2026-09-29,94.05999755859376,66.3181537951802,115.84562425493957,94.05999755859376,98.37499923706056,94.96220247479977,72.727963687692,72.94147006634839,87.57431623319873,87.65082957871955,-6.813914678109239
GEHC,GEHC,Unknown,Unknown,2022-12-15,2026-09-29,798,66.45999908447266,2026-11-10,High,40.84539437157654,0.0633670725597335,34.06477982946452,36.86284637007811,-13.439638893962163,Low Risk,Near-Sector Volatility,,,,,,16.420516208181944,,,42.2592365403671,,Unknown Fundamentals,68.45163523633067,2.9967441758862923,Positive Forecast,Needs Further Review,Weighted Ensemble,Missing or unknown fundamentals,85.01298193650383,1.0915996224216882,84.09500122070312,81.48549982706706,83.16323961530414,61.90404979925692,66.45999908447266,79.9989,97.875,2026-11-10,68.45163523633067,2.9967441758862923,67.10549996730794,0.971262250567936,,,66.45999908447266,66.40538692742851,68.54849942525227,74.17834816914504,62.17956482439215,2026-09-29,66.45999908447266,66.45999908447266,0.3406477982946452,0.3406477982946452,3280326.6666666665,751,1.41251,0.022472,3.147274166666667,31.9121,20.0,7.6092,15.4659,2.4413,22.5715,1.471471,1.41434,4.879797,1.41251,8.185354,1.520173,Needs Further Review,2.9967441758862923,68.45163523633067,68.45163523633067,Weighted Ensemble,Adaptive Momentum,Constrained dynamic ensemble excluding XGBoost,2026-07-03,2026-05-22,64.2300033569336,54.81918702699657,77.5722079459282,64.2300033569336,66.01733385721842,63.76076398125648,73.92489529777836,66.56504943109158,64.77746370526904,65.21077652876791,1.526970450840621,2026-07-07,2026-05-26,64.18000030517578,72.23428046609264,65.52935679365159,66.71974892466959,3.957227496754919,naive,0.9377781338161891,1.4116952141940353,1.412509908291494,2026-11-10,2026-09-29,66.45999908447266,58.94007306704286,79.49814315971214,66.45999908447266,68.54849942525227,66.40538692742851,62.17956482439215,74.17834816914504,67.10549996730794,68.45163523633067,2.9967441758862923
GEN,GEN,Unknown,Unknown,2010-01-04,2026-09-29,4059,20.850000381469727,2026-11-10,Moderate,228.90461240444137,0.0486903318914205,45.17569436123478,36.86284637007811,-16.166451749993264,Medium Risk,Near-Sector Volatility,,,,,,16.420516208181944,,,42.2592365403671,,Unknown Fundamentals,18.508631327447883,-11.229587583618065,Negative Forecast,Weak Fundamentals / Negative Forecast,Weighted Ensemble,Missing or unknown fundamentals,21.6299991607666,0.0,21.6299991607666,24.32802975972493,21.011732328505744,29.627503882081307,20.850000381469727,16.9122,21.2937,2026-11-10,18.508631327447883,-11.229587583618065,16.884868538036155,-19.01741856540948,,,20.850000381469727,20.995152456629448,28.562999979654947,13.294547204549811,25.552167769790795,2026-09-29,20.850000381469727,20.850000381469727,0.4517569436123478,0.4517569436123478,9201353.333333334,751,2.04518,0.011236,5.859964166666667,30.3609,20.0,7.5589,16.3611,1.5797,24.1395,2.155334,2.048994,7.758074,2.04518,18.949622,2.202581,Weak Fundamentals / Negative Forecast,-11.229587583618065,18.508631327447883,18.508631327447883,Weighted Ensemble,Adaptive Momentum,Constrained dynamic ensemble excluding XGBoost,2026-07-03,2026-05-22,24.81999969482422,22.704899345739545,33.15739959118924,24.81999969482422,21.03633346557617,25.199923160274857,19.104314609228567,32.52953978483735,28.10433574985317,27.43784649502248,10.547328091805594,2026-07-07,2026-05-26,24.76000022888184,33.439405259234206,27.6454040831221,27.494459868806736,11.04385950988494,naive,0.5432221942477755,0.7442736922963366,2.0451803447276324,2026-11-10,2026-09-29,20.850000381469727,15.17780058153039,22.57042657631516,20.850000381469727,28.562999979654947,20.995152456629448,25.552167769790795,13.294547204549811,16.884868538036155,18.508631327447883,-11.229587583618065
GEV,GEV,Unknown,Unknown,2024-03-27,2026-09-29,478,962.489990234375,2026-11-10,Moderate,526.4963506543819,0.442027618905172,53.875476795551656,36.86284637007811,44.64616510338952,Medium Risk,Above-Sector Volatility,,,,,,16.420516208181944,,,42.2592365403671,,Unknown Fundamentals,1073.59055517382,11.543035882626803,Positive Forecast,Potential Opportunity,Weighted Ensemble,Positive adaptive forecast but high volatility risk,819.72998046875,0.0,819.72998046875,734.0983317057292,874.5983479817709,808.8201439698901,962.489990234375,736.9329,1082.3205,2026-11-10,1073.59055517382,11.543035882626803,1021.7595960246272,6.1579451621953485,,,962.489990234375,1058.6004182091945,941.0006713867188,1247.3351417168883,1179.2844862359923,2026-09-29,962.489990234375,962.489990234375,0.5387547679555166,0.5387547679555166,2170753.333333333,629,2.562657,0.011236,4.417034,29.6582,20.0,8.8907,13.9951,2.9335,24.5224,2.596976,2.575653,5.803634,2.562657,10.39653,2.566754,Potential Opportunity,11.543035882626803,1073.59055517382,1073.59055517382,Weighted Ensemble,Adaptive Momentum,Constrained dynamic ensemble excluding XGBoost,2026-07-03,2026-05-22,1038.739990234375,862.6731282929501,1302.0179429780069,1038.739990234375,1054.1489888509116,1165.2480417044485,1026.0775603327836,1034.5213460434863,1026.032021499453,1059.8188014761718,2.0292673277208344,2026-07-07,2026-05-26,1070.469970703125,1062.678041551692,1091.41949696572,1099.3433554233693,2.697262465128207,naive,25.644997829861122,34.06874697313728,2.562656893147063,2026-11-10,2026-09-29,962.489990234375,847.3830378260005,1360.1837996609777,962.489990234375,941.0006713867188,1058.6004182091945,1179.2844862359923,1247.3351417168883,1021.7595960246272,1073.59055517382,11.543035882626803
GNRC,GNRC,Unknown,Unknown,2010-02-11,2026-09-29,4031,212.22000122070312,2026-11-10,Moderate,2608.900434329184,0.1192061869624704,62.82202485412822,36.86284637007811,17.854215284683566,High Risk,Near-Sector Volatility,,,,,,16.420516208181944,,,42.2592365403671,,Unknown Fundamentals,251.21573827405985,18.3751469366934,Positive Forecast,Potential Opportunity,Weighted Ensemble,Missing or unknown fundamentals,230.83314914561385,0.7169364661216611,229.19000244140625,181.6583323160808,239.5197648547945,154.89085783996592,212.22000122070312,234.7695,341.1665,2026-11-10,251.21573827405985,18.3751469366934,243.3941216602949,14.689529855940169,,,212.22000122070312,218.1871402550632,195.5796666463216,332.8272139191672,251.0295288327316,2026-09-29,212.22000122070312,212.22000122070312,0.6282202485412822,0.6282202485412822,1336193.3333333333,751,2.829694,0.0,6.5900195,32.4073,20.0,7.3742,14.9952,1.8268,23.3964,2.936146,2.841589,9.363166,2.829694,18.594482,2.97504,Potential Opportunity,18.3751469366934,251.21573827405985,251.21573827405985,Weighted Ensemble,Adaptive Momentum,Constrained dynamic ensemble excluding XGBoost,2026-07-03,2026-05-22,270.1400146484375,214.0898245145445,351.4297579133693,270.1400146484375,242.228000386556,279.2576807311728,233.51972743667253,272.3419375751552,285.54699080440446,274.29461387504875,1.5379429189778064,2026-07-07,2026-05-26,274.82000732421875,285.34080802593377,299.5401790603831,283.78562709203493,3.262360646559111,naive,6.616777886284722,9.255457605041304,2.8296943790047693,2026-11-10,2026-09-29,212.22000122070312,190.64429274203724,331.0319246848625,212.22000122070312,195.5796666463216,218.1871402550632,251.0295288327316,332.8272139191672,243.3941216602949,251.21573827405985,18.3751469366934
HUBB,HUBB,Unknown,Unknown,2010-01-04,2026-09-29,4059,459.0899963378906,2026-11-10,High,1457.7308425580477,0.0819251910896887,34.29110247761988,36.86284637007811,-27.42065896248128,Low Risk,Below-Sector Volatility,,,,,,16.420516208181944,,,42.2592365403671,,Unknown Fundamentals,480.050025389996,4.565559959768492,Positive Forecast,Needs Further Review,Weighted Ensemble,Missing or unknown fundamentals,530.7969623018569,0.6918216293071423,527.1500244140625,497.06700134277344,544.1542445591518,392.4065896408148,459.0899963378906,505.6455,607.1694,2026-11-10,480.050025389996,4.565559959768492,469.60447954662897,2.2902880247034774,,,459.0899963378906,466.4024166880203,459.3296671549479,526.7364770647472,505.7111524073143,2026-09-29,459.0899963378906,459.0899963378906,0.3429110247761988,0.3429110247761988,479150.7333333333,751,1.683951,0.550562,3.0996666666666663,31.1743,20.0,9.1537,14.777,3.0573,21.8377,1.747707,1.683951,4.276269,1.687309,7.421991,1.780773,Needs Further Review,4.565559959768492,480.050025389996,480.050025389996,Weighted Ensemble,Adaptive Momentum,Constrained dynamic ensemble excluding XGBoost,2026-07-03,2026-05-22,475.010009765625,399.5214418153769,532.6134501050892,475.010009765625,511.7866678873698,485.4255275053655,531.8314286345125,425.9717109682909,450.4814281621985,461.2921997132051,-2.8878991537859093,2026-07-07,2026-05-26,478.0499877929687,443.4857135739139,462.1742514024414,470.1201578929352,-1.658786759234844,drift,8.168073450376205,10.561494198186923,1.6839505965876387,2026-11-10,2026-09-29,459.0899963378906,412.9349715918178,558.0734079958997,459.0899963378906,459.3296671549479,466.4024166880203,505.7111524073143,526.7364770647472,469.60447954662897,480.050025389996,4.565559959768492
INFO,Harbor PanAgora Dynamic Large Cap Core ETF,Unknown,Unknown,2024-10-10,2026-09-29,389,28.08099937438965,2026-11-10,High,29.95791266551944,0.0737767342542355,12.30991444399842,36.86284637007811,-51.76573314745574,Low Risk,Below-Sector Volatility,,,,,,16.420516208181944,,,42.2592365403671,,Unknown Fundamentals,28.38161981293887,1.0705475063091645,Neutral Forecast,Stable Watchlist,Weighted Ensemble,Missing or unknown fundamentals,26.030000686645508,0.0,26.030000686645508,24.554533386230467,26.82472701299758,26.737321568381567,28.08099937438965,25.7197,28.6368,2026-11-10,28.38161981293887,1.0705475063091645,28.07052075536176,-0.0373156912550842,,,28.08099937438965,28.656542097166803,28.11399987538656,28.7545698047588,28.778589143679344,2026-09-29,28.08099937438965,28.08099937438965,0.1230991444399842,0.1230991444399842,85886.66666666667,493,0.606529,0.011236,1.022848166666667,28.7435,20.0,9.6848,14.1913,3.751,23.6295,0.625567,0.61319,1.421005,0.606529,2.241141,0.629657,Stable Watchlist,1.0705475063091645,28.38161981293887,28.38161981293887,Weighted Ensemble,Adaptive Momentum,Constrained dynamic ensemble excluding XGBoost,2026-07-03,2026-05-22,26.888999938964844,25.608537041490777,29.142643931788285,26.888999938964844,26.08653322855632,27.47301329876971,26.453214560660413,27.731165793183457,27.44176249744916,27.318500628954304,1.5973100188343965,2026-07-07,2026-05-26,27.100000381469727,28.46405436183383,27.894561554819607,27.726968095024908,2.313533965792435,naive,0.1669777552286786,0.21182189494171058,0.6065289193599152,2026-11-10,2026-09-29,28.08099937438965,26.88796730328084,29.95824615972052,28.08099937438965,28.11399987538656,28.656542097166803,28.778589143679344,28.7545698047588,28.07052075536176,28.38161981293887,1.0705475063091645
INVH,INVH,Unknown,Unknown,2017-02-01,2026-09-29,2277,26.56999969482422,2026-11-10,High,60.33686086724431,0.0340350004326972,17.40146782779153,36.86284637007811,-30.38905595040985,Low Risk,Below-Sector Volatility,,,,,,16.420516208181944,,,42.2592365403671,,Unknown Fundamentals,25.626202286655275,-3.552116744483041,Negative Forecast,Needs Further Review,Weighted Ensemble,Missing or unknown fundamentals,25.747080916889104,0.4960190222207181,25.6200008392334,26.662333297729493,24.97620709737141,29.42164237831066,26.56999969482422,22.3877,26.5883,2026-11-10,25.626202286655275,-3.552116744483041,25.24763538698745,-4.97690750103532,,,26.56999969482422,26.396782157235577,28.28866653442383,23.60217957623028,29.06967842156241,2026-09-29,26.56999969482422,26.56999969482422,0.1740146782779153,0.1740146782779153,4825763.333333333,751,0.850217,0.550562,2.5303895,29.5322,20.0,8.5858,16.4167,1.6383,23.827,0.896835,0.850217,2.922094,0.851118,8.736099,0.925974,Needs Further Review,-3.552116744483041,25.626202286655275,25.626202286655275,Weighted Ensemble,Adaptive Momentum,Constrained dynamic ensemble excluding XGBoost,2026-07-03,2026-05-22,29.290000915527344,27.003085184842625,32.92571814498985,29.290000915527344,27.968333180745443,29.140105293240705,24.26098843245976,31.036353073208552,30.657439974241026,29.81771238444156,1.8016778846683468,2026-07-07,2026-05-26,29.39999961853028,30.888330093478928,30.454774777770925,29.78359289851897,1.3047390645098178,drift,0.2497607008279652,0.3224389585195629,0.8502166691858485,2026-11-10,2026-09-29,26.56999969482422,23.74071058793929,27.661440090600856,26.56999969482422,28.28866653442383,26.396782157235577,29.06967842156241,23.60217957623028,25.24763538698745,25.626202286655275,-3.552116744483041
JBL,JBL,Unknown,Unknown,2010-01-04,2026-09-29,4059,318.8399963378906,2026-11-10,Moderate,1711.8194702639307,0.0984877555669556,48.47502195348016,36.86284637007811,0.0,Medium Risk,Near-Sector Volatility,,,,,,16.420516208181944,,,42.2592365403671,,Unknown Fundamentals,347.7917365659108,9.080335140055196,Positive Forecast,Potential Opportunity,Weighted Ensemble,Missing or unknown fundamentals,270.3804511967523,0.698477227550495,268.5050048828125,249.0720372517904,280.7244902111235,271.433437021346,318.8399963378906,250.8431,330.8067,2026-11-10,347.7917365659108,9.080335140055196,338.89962291684594,6.291439847370069,,,318.8399963378906,330.60516545165234,308.9460001627604,398.2869156114514,382.9212024771282,2026-09-29,318.8399963378906,318.8399963378906,0.4847502195348016,0.4847502195348016,1093783.3333333333,751,2.303236,0.0,4.868417166666666,29.9076,20.0,8.1114,14.6155,2.2074,25.1582,2.378648,2.309606,6.767578,2.303236,13.078325,2.37311,Potential Opportunity,9.080335140055196,347.7917365659108,347.7917365659108,Weighted Ensemble,Adaptive Momentum,Constrained dynamic ensemble excluding XGBoost,2026-07-03,2026-05-22,364.3500061035156,309.92854085082433,466.3313369686812,364.3500061035156,339.0789978027344,386.0883353736232,317.50850591308955,393.40483206082666,390.1953401891844,380.1702129569299,4.342035567009046,2026-07-07,2026-05-26,380.25,429.083607632545,421.3449109880742,404.2339871911912,6.307425954290916,naive,7.749001057942708,10.32250741604353,2.3032356045391054,2026-11-10,2026-09-29,318.8399963378906,281.10000495614014,430.3062607288288,318.8399963378906,308.9460001627604,330.60516545165234,382.9212024771282,398.2869156114514,338.89962291684594,347.7917365659108,9.080335140055196
KDP,KDP,Unknown,Unknown,2010-01-04,2026-09-29,4059,31.030000686645508,2026-11-10,High,848.5748349104915,0.0651777526875979,28.062835984745334,36.86284637007811,-39.59815462639739,Low Risk,Below-Sector Volatility,,,,,,16.420516208181944,,,42.2592365403671,,Unknown Fundamentals,30.589584521816505,-1.4193237353634551,Neutral Forecast,Stable Watchlist,Weighted Ensemble,Missing or unknown fundamentals,29.795758362883355,0.6613445232797263,29.600000381469727,28.246333376566568,29.298765318734304,28.673655247143472,31.030000686645508,28.6472,32.8837,2026-11-10,30.589584521816505,-1.4193237353634551,30.37307559924106,-2.1170643663155717,,,31.030000686645508,31.02282238339112,31.73099994659424,29.689929636138444,32.26879858479137,2026-09-29,31.030000686645508,31.030000686645508,0.2806283598474533,0.2806283598474533,9722853.333333334,751,1.393598,0.011236,2.7130006666666664,30.6686,20.0,8.5199,14.1388,2.3342,24.3384,1.408002,1.394918,3.431797,1.393598,7.234795,1.414894,Stable Watchlist,-1.4193237353634551,30.589584521816505,30.589584521816505,Weighted Ensemble,Adaptive Momentum,Constrained dynamic ensemble excluding XGBoost,2026-07-03,2026-05-22,29.1200008392334,26.0057528044162,32.87801397455571,29.1200008392334,28.20033359527588,29.00992268103802,25.46943291972085,30.007623966158977,29.43000263715037,29.24068234707318,0.4144282430005496,2026-07-07,2026-05-26,29.549999237060547,32.22035789055752,30.08716026843189,30.1435351682728,2.008581883372313,naive,0.43555552164713535,0.5503474152234493,1.3935983391845979,2026-11-10,2026-09-29,31.030000686645508,27.04258325640497,34.601823070868505,31.030000686645508,31.73099994659424,31.02282238339112,32.26879858479137,29.689929636138444,30.37307559924106,30.589584521816505,-1.4193237353634551
KKR,KKR,Unknown,Unknown,2010-07-15,2026-09-29,3926,93.18000030517578,2026-11-10,High,1563.7761434321856,0.0965396781289089,35.39801321733936,36.86284637007811,-3.9553715673448,Medium Risk,Near-Sector Volatility,,,,,,16.420516208181944,,,42.2592365403671,,Unknown Fundamentals,87.76330045190203,-5.813157153394942,Negative Forecast,Weak Fundamentals / Negative Forecast,Weighted Ensemble,Missing or unknown fundamentals,97.2249984741211,0.0,97.2249984741211,113.8075658162435,92.8810201372419,120.50438806052853,93.18000030517578,76.5096,101.7568,2026-11-10,87.76330045190203,-5.813157153394942,85.17061176966921,-8.595609046227578,,,93.18000030517578,94.77314004890324,103.25633366902667,75.38602256374715,88.09551597102376,2026-09-29,93.18000030517578,93.18000030517578,0.3539801321733936,0.3539801321733936,3627623.3333333335,751,1.755223,0.0,3.800558666666667,31.3261,20.0,8.7183,15.2805,2.2495,22.4256,1.837524,1.757898,4.845922,1.755223,10.731955,1.87483,Weak Fundamentals / Negative Forecast,-5.813157153394942,87.76330045190203,87.76330045190203,Weighted Ensemble,Adaptive Momentum,Constrained dynamic ensemble excluding XGBoost,2026-07-03,2026-05-22,94.04000091552734,71.6593394525117,106.13151932333392,94.04000091552734,100.30499928792318,96.43076517999768,90.45766293314,72.58130105094897,87.24580556947313,87.20845469220052,-7.264511013205274,2026-07-07,2026-05-26,94.98999786376952,82.74964873943607,90.99041642409398,91.5071420339925,-3.6665500664311854,naive,1.763555823432074,2.243279900848829,1.755223380601909,2026-11-10,2026-09-29,93.18000030517578,75.12714043585639,102.52482473743478,93.18000030517578,103.25633366902667,94.77314004890324,88.09551597102376,75.38602256374715,85.17061176966921,87.76330045190203,-5.813157153394942
KVUE,KVUE,Unknown,Unknown,2023-05-04,2026-09-29,703,17.90999984741211,2026-11-10,High,-21.66822431497051,-0.0177925941737621,22.36769670054863,36.86284637007811,-20.459750314968858,Low Risk,Near-Sector Volatility,,,,,,16.420516208181944,,,42.2592365403671,,Unknown Fundamentals,17.890776162749688,-0.1073349236527151,Neutral Forecast,Stable Watchlist,Weighted Ensemble,Missing or unknown fundamentals,18.875,0.0,18.875,17.688528633117677,18.566644850231352,18.14786912070354,17.90999984741211,18.6329,21.1,2026-11-10,17.890776162749688,-0.1073349236527151,17.69874121146562,-1.1795568830058636,,,17.90999984741211,17.819784905071884,18.40566660563151,17.880032631986754,19.45203277412681,2026-09-29,17.90999984741211,17.90999984741211,0.2236769670054863,0.2236769670054863,24562873.33333333,751,1.057018,0.011236,2.5437351666666665,31.4746,20.0,8.5444,15.3033,1.931,22.7466,1.092124,1.058904,3.127696,1.057018,7.806485,1.120184,Stable Watchlist,-0.1073349236527151,17.890776162749688,17.890776162749688,Weighted Ensemble,Adaptive Momentum,Constrained dynamic ensemble excluding XGBoost,2026-07-03,2026-05-22,17.530000686645508,15.969651193329309,19.01479033804855,17.530000686645508,17.390666643778484,17.256490963647206,15.42218013179846,17.351227447412604,17.62143664022339,17.425830517163984,-0.5942393919064787,2026-07-07,2026-05-26,17.489999771118164,18.486228800331048,17.74333195140222,17.708967057685765,1.251957057936553,naive,0.19677776760525134,0.25960433181198056,1.057018186232258,2026-11-10,2026-09-29,17.90999984741211,16.216844524357118,19.737494012775667,17.90999984741211,18.40566660563151,17.819784905071884,19.45203277412681,17.880032631986754,17.69874121146562,17.890776162749688,-0.1073349236527151
LULU,LULU,Unknown,Unknown,2010-01-04,2026-09-29,4059,96.87000274658205,2026-11-10,Moderate,1058.7188787776577,0.0948796076696925,51.183699472785214,36.86284637007811,12.517706113659012,Medium Risk,Near-Sector Volatility,,,,,,16.420516208181944,,,42.2592365403671,,Unknown Fundamentals,93.26754428665568,-3.718858632997692,Negative Forecast,Needs Further Review,Weighted Ensemble,Missing or unknown fundamentals,180.28964945481528,0.6754788984767703,179.0800018310547,185.48566589355468,156.84904879615422,88.61424067851704,96.87000274658205,155.5868,210.7467,2026-11-10,93.26754428665568,-3.718858632997692,89.28309843196995,-7.8320471761107635,,,96.87000274658205,91.68858815426856,108.25866724650064,92.50584991375108,91.62672837792128,2026-09-29,96.87000274658205,96.87000274658205,0.5118369947278522,0.5118369947278522,6632336.666666667,751,2.219244,0.539326,4.0629765,31.3963,20.0,8.294,15.106,3.2779,21.9258,2.291698,2.219244,6.47049,2.223934,8.829281,2.343212,Needs Further Review,-3.718858632997692,93.26754428665568,93.26754428665568,Weighted Ensemble,Adaptive Momentum,Constrained dynamic ensemble excluding XGBoost,2026-07-03,2026-05-22,127.18000030517578,100.615952724467,151.34876680336822,127.18000030517578,139.4926663716634,122.09267084994768,125.1402472706751,115.89707617112067,124.53378418678405,123.4021894683967,-2.970444116774655,2026-07-07,2026-05-26,127.3499984741211,130.4287092631954,126.71426039999386,127.6641136890206,0.2466550598061715,drift,2.5124702156374576,3.643162775948933,2.2192443627560943,2026-11-10,2026-09-29,96.87000274658205,74.49133610906466,116.77646383637276,96.87000274658205,108.25866724650064,91.68858815426856,91.62672837792128,92.50584991375108,89.28309843196995,93.26754428665568,-3.718858632997692
META,META,Unknown,Unknown,2012-05-18,2026-09-29,3460,738.7899780273438,2026-11-10,Moderate,1610.031374830503,0.1133688149876788,48.46676077053585,36.86284637007811,7.758498352065842,Medium Risk,Near-Sector Volatility,,,,,,16.420516208181944,,,42.2592365403671,,Unknown Fundamentals,809.9591968107358,9.633213890288848,Positive Forecast,Potential Opportunity,Weighted Ensemble,Missing or unknown fundamentals,649.2100219726562,0.0,649.2100219726562,657.0723307291667,644.0378955659412,836.1274646167294,738.7899780273438,576.7621,728.3538,2026-11-10,809.9591968107358,9.633213890288848,820.0446853020662,10.99834996295999,,,738.7899780273438,765.2203098809604,637.777998860677,989.4479924441616,590.0705588123087,2026-09-29,738.7899780273438,738.7899780273438,0.4846676077053585,0.4846676077053585,21707270.0,751,2.180424,0.52809,3.6685311666666665,30.7117,20.0,8.0836,14.8315,4.2598,22.1134,2.287284,2.180424,6.528915,2.180736,6.472893,2.360935,Potential Opportunity,9.633213890288848,809.9591968107358,809.9591968107358,Weighted Ensemble,Adaptive Momentum,Constrained dynamic ensemble excluding XGBoost,2026-07-03,2026-05-22,610.260009765625,512.8810955228228,734.7162480243699,610.260009765625,635.492333984375,632.7091097900815,598.7843023442749,612.1539334703832,600.3356065182712,613.8583502610002,0.5896405528451945,2026-07-07,2026-05-26,612.3400268554688,654.6281995836656,609.6856089240086,626.4477229543711,2.303899056109263,drift,13.543946809399937,19.081043848242658,2.18042380958062,2026-11-10,2026-09-29,738.7899780273438,654.6670637186273,1002.087834955223,738.7899780273438,637.777998860677,765.2203098809604,590.0705588123087,989.4479924441616,820.0446853020662,809.9591968107358,9.633213890288848
MOH,MOH,Unknown,Unknown,2010-01-04,2026-09-29,4059,189.3800048828125,2026-11-10,High,857.9301456660227,0.0898610999620089,41.38474302310059,36.86284637007811,11.421754540782086,Medium Risk,Near-Sector Volatility,,,,,,16.420516208181944,,,42.2592365403671,,Unknown Fundamentals,175.69573667102893,-7.22582525026934,Negative Forecast,Weak Fundamentals / Negative Forecast,Weighted Ensemble,Missing or unknown fundamentals,152.80507946202414,0.6621056588013606,151.8000030517578,168.58833287556965,135.17381395612443,126.51094845778834,189.3800048828125,128.6515,211.3308,2026-11-10,175.69573667102893,-7.22582525026934,176.88152097208595,-6.5996850715367525,,,189.3800048828125,185.16457930279384,199.1710001627604,145.04019182037024,208.931446743236,2026-09-29,189.3800048828125,189.3800048828125,0.4138474302310059,0.4138474302310059,597346.6666666666,751,1.944429,0.539326,4.619253333333334,32.0716,20.0,7.9848,15.4141,1.975,22.5546,2.045132,1.944429,6.290691,1.950025,13.373685,2.111558,Weak Fundamentals / Negative Forecast,-7.22582525026934,175.69573667102893,175.69573667102893,Weighted Ensemble,Adaptive Momentum,Constrained dynamic ensemble excluding XGBoost,2026-07-03,2026-05-22,184.13999938964844,133.66431329462134,245.3137836879515,184.13999938964844,177.19133402506512,180.96290931467485,123.41014920301993,178.8438673390003,184.75600555398464,181.07926009997755,-1.6621805690322782,2026-07-07,2026-05-26,176.1999969482422,151.76477206664725,168.28949483744478,166.18518544131345,-5.683775073997609,drift,3.9634337777056228,5.335818552110082,1.94442927072056,2026-11-10,2026-09-29,189.3800048828125,146.49621313139446,210.71528897944088,189.3800048828125,199.1710001627604,185.16457930279384,208.931446743236,145.04019182037024,176.88152097208595,175.69573667102893,-7.22582525026934
MPWR,MPWR,Unknown,Unknown,2010-01-04,2026-09-29,4059,1355.989990234375,2026-11-10,Moderate,5832.491532873615,0.1363582142898904,62.615940487663565,36.86284637007811,15.1322340614926,High Risk,Near-Sector Volatility,,,,,,16.420516208181944,,,42.2592365403671,,Unknown Fundamentals,1584.961500645062,16.88592925166878,Positive Forecast,Potential Opportunity,Weighted Ensemble,Missing or unknown fundamentals,1227.808525932429,0.7268188831195992,1218.948974609375,1117.0349650065104,1282.6177615211122,886.5567416663307,1355.989990234375,1111.3628,1459.2177,2026-11-10,1584.961500645062,16.88592925166878,1503.0334866971173,10.843995716909877,,,1355.989990234375,1415.9938674692812,1265.287333170573,2126.615625087265,1554.888565189908,2026-09-29,1355.989990234375,1355.989990234375,0.6261594048766357,0.6261594048766357,695183.3333333334,751,3.038538,0.0,5.501515166666667,28.2599,20.0,10.1223,15.4809,2.9421,23.1949,3.196346,3.045544,6.544597,3.038538,13.976101,3.207965,Potential Opportunity,16.88592925166878,1584.961500645062,1584.961500645062,Weighted Ensemble,Adaptive Momentum,Constrained dynamic ensemble excluding XGBoost,2026-07-03,2026-05-22,1589.81005859375,1275.673193048494,2011.29494412958,1589.81005859375,1542.185664876302,1675.9290024381378,1481.5628561335102,1557.174227344813,1618.8695166176644,1601.7974414825594,0.7540135265852276,2026-07-07,2026-05-26,1662.97998046875,1668.6327712991008,1772.2436516777798,1702.7907758048464,2.39394315046864,naive,42.4219970703125,55.85559026824068,3.038538105626162,2026-11-10,2026-09-29,1355.989990234375,1203.8954008975943,2086.6455313759698,1355.989990234375,1265.287333170573,1415.9938674692812,1554.888565189908,2126.615625087265,1503.0334866971173,1584.961500645062,16.88592925166878
MRNA,MRNA,Unknown,Unknown,2018-12-07,2026-09-29,1811,203.4600067138672,2026-11-10,Moderate,183.3333316242396,0.1599766032794042,191.8285877458288,36.86284637007811,96.19419231949354,High Risk,Above-Sector Volatility,,,,,,16.420516208181944,,,42.2592365403671,,Unknown Fundamentals,244.1746291616989,20.01111820717184,Positive Forecast,High Volatility Speculative,Weighted Ensemble,Positive adaptive forecast but high volatility risk,53.26519413942791,1.0724731846416142,52.70000076293945,43.71883328755697,54.958334241594585,8.93122198665003,203.4600067138672,50.0422,84.6256,2026-11-10,244.1746291616989,20.01111820717184,251.2392209653152,23.48334447793545,,,203.4600067138672,209.0511315419771,154.01800155639648,319.0888077892694,121.13442872352596,2026-09-29,203.4600067138672,203.4600067138672,1.918285877458288,1.918285877458288,28767870.0,751,4.650832,0.0,10.011333166666669,31.0644,20.0,6.2393,14.368,2.4838,25.8445,4.680661,4.65786,19.514919,4.650832,21.900721,4.663006,High Volatility Speculative,20.01111820717184,244.1746291616989,244.1746291616989,Weighted Ensemble,Adaptive Momentum,Constrained dynamic ensemble excluding XGBoost,2026-07-03,2026-05-22,46.880001068115234,30.944925805591563,55.10802456745337,46.880001068115234,50.14899978637696,44.90691813772954,54.34981373852962,30.08512656973605,41.51851422942181,41.29544444042904,-11.912449872968228,2026-07-07,2026-05-26,47.02999877929688,33.08457073528526,43.085600607655856,42.577946306644094,-9.46640992602497,naive,5.1057779524061395,13.552163479095285,4.650831767144329,2026-11-10,2026-09-29,203.4600067138672,105.1521049710294,567.000057133231,203.4600067138672,154.01800155639648,209.0511315419771,121.13442872352596,319.0888077892694,251.2392209653152,244.1746291616989,20.01111820717184
MTCH,MTCH,Unknown,Unknown,2010-01-04,2026-09-29,4059,40.130001068115234,2026-11-10,High,480.8805035656257,0.0760402133277265,33.9016692937347,36.86284637007811,10.07355698930306,Low Risk,Near-Sector Volatility,,,,,,16.420516208181944,,,42.2592365403671,,Unknown Fundamentals,37.05998327628042,-7.650181186449199,Negative Forecast,Weak Fundamentals / Negative Forecast,Weighted Ensemble,Missing or unknown fundamentals,31.450000762939453,0.0,31.450000762939453,31.251833534240724,31.254696437290736,34.40636212042367,40.130001068115234,28.3686,35.5162,2026-11-10,37.05998327628042,-7.650181186449199,37.14742669618481,-7.432280818701973,,,40.130001068115234,40.21299130041889,41.63033345540365,29.6297324595192,40.89488847285547,2026-09-29,40.130001068115234,40.130001068115234,0.339016692937347,0.339016692937347,3455186.6666666665,751,1.638165,0.0,3.286273,31.7996,20.0,8.9409,14.9863,2.4539,21.8193,1.686469,1.639593,4.357052,1.638165,8.650767,1.745592,Weak Fundamentals / Negative Forecast,-7.650181186449199,37.05998327628042,37.05998327628042,Weighted Ensemble,Adaptive Momentum,Constrained dynamic ensemble excluding XGBoost,2026-07-03,2026-05-22,35.79999923706055,29.785786416097405,40.91414611134201,35.79999923706055,36.105499903361,35.84542268292257,33.30063770271028,32.53390649838004,35.52565921868181,34.909311329062845,-2.487955103294114,2026-07-07,2026-05-26,35.95000076293945,36.49545467391183,36.11467397727777,36.089320948297534,0.3875387549412921,naive,0.6346666124131943,0.8237394031967579,1.6381649154941642,2026-11-10,2026-09-29,40.130001068115234,31.93325352217061,43.009784752581865,40.130001068115234,41.63033345540365,40.21299130041889,40.89488847285547,29.6297324595192,37.14742669618481,37.05998327628042,-7.650181186449199
NDSN,NDSN,Unknown,Unknown,2010-01-04,2026-09-29,4059,329.5299987792969,2026-11-10,High,1001.5434571986776,0.0761580074340651,25.46239072580208,36.86284637007811,-20.542103395090248,Low Risk,Near-Sector Volatility,,,,,,16.420516208181944,,,42.2592365403671,,Unknown Fundamentals,349.94362157765863,6.194769178521378,Positive Forecast,Potential Opportunity,Weighted Ensemble,Missing or unknown fundamentals,294.9191263677335,0.6721672908860133,292.95001220703125,280.3563354492188,302.1945386614118,195.60489708731671,329.5299987792969,279.9954,317.3132,2026-11-10,349.94362157765863,6.194769178521378,348.19693244032845,5.664714511631998,,,329.5299987792969,334.815846705912,319.8353322347005,398.7041003848133,331.81862093901725,2026-09-29,329.5299987792969,329.5299987792969,0.2546239072580208,0.2546239072580208,415923.3333333333,751,1.148258,0.550562,1.6387421666666668,26.8354,20.0,9.5027,14.8391,6.9815,21.8414,1.232983,1.148258,2.787598,1.151394,2.243088,1.269132,Potential Opportunity,6.194769178521378,349.94362157765863,349.94362157765863,Weighted Ensemble,Adaptive Momentum,Constrained dynamic ensemble excluding XGBoost,2026-07-03,2026-05-22,289.8999938964844,270.3566897852677,329.9150885385042,289.8999938964844,281.180669148763,293.1308905378485,298.9415743224652,309.8815908109238,301.8278883284452,298.6549032704528,3.019975701377408,2026-07-07,2026-05-26,287.8299865722656,306.5420123120583,297.3808157575418,295.7070648799971,2.736712182611241,drift,3.4708726551868976,4.869799811703041,1.1482584026607825,2026-11-10,2026-09-29,329.5299987792969,312.91949128488574,391.34838734413626,329.5299987792969,319.8353322347005,334.815846705912,331.81862093901725,398.7041003848133,348.19693244032845,349.94362157765863,6.194769178521378
NXPI,NXPI,Unknown,Unknown,2010-08-06,2026-09-29,3910,236.47000122070312,2026-11-10,Moderate,1767.0732445822189,0.1105947014346702,48.28933552867027,36.86284637007811,15.330160908328171,Medium Risk,Near-Sector Volatility,,,,,,16.420516208181944,,,42.2592365403671,,Unknown Fundamentals,246.5872395426732,4.27844473706725,Positive Forecast,Needs Further Review,Weighted Ensemble,Missing or unknown fundamentals,232.2850036621093,0.0,232.2850036621093,234.4971669514974,231.20873042515345,212.6547660402419,236.47000122070312,201.7274,267.6113,2026-11-10,246.5872395426732,4.27844473706725,243.088887088854,2.799038285610404,,,236.47000122070312,238.05066573351704,227.78300069173176,269.6265674330862,271.6305005301471,2026-09-29,236.47000122070312,236.47000122070312,0.4828933552867027,0.4828933552867027,3355856.6666666665,751,2.385451,0.0,5.3984646666666665,31.8981,20.0,7.6726,15.3569,2.1551,22.9172,2.485363,2.389542,7.896252,2.385451,14.724716,2.509464,Needs Further Review,4.27844473706725,246.5872395426732,246.5872395426732,Weighted Ensemble,Adaptive Momentum,Constrained dynamic ensemble excluding XGBoost,2026-07-03,2026-05-22,316.4700012207031,272.91636418422735,440.5007541347598,316.4700012207031,267.5686660766602,324.0343253840451,242.8677315165112,391.71369326916937,360.58823808279175,346.72736297971767,9.560894126553674,2026-07-07,2026-05-26,332.6700134277344,427.4968939310762,392.76728822712914,372.2037257853112,11.883761914767431,naive,6.41133524576823,8.449336648802268,2.3854510352574296,2026-11-10,2026-09-29,236.47000122070312,199.4648434274289,304.84202459165886,236.47000122070312,227.78300069173176,238.05066573351704,271.6305005301471,269.6265674330862,243.088887088854,246.5872395426732,4.27844473706725
ON,ON,Unknown,Unknown,2010-01-04,2026-09-29,4059,75.94999694824219,2026-11-10,Moderate,688.782381517254,0.0924492693978295,80.37280521529433,36.86284637007811,23.9167586933077,High Risk,Near-Sector Volatility,,,,,,16.420516208181944,,,42.2592365403671,,Unknown Fundamentals,79.22736467865005,4.315165058717903,Positive Forecast,Needs Further Review,Weighted Ensemble,Positive adaptive forecast but high volatility risk,69.96499633789062,0.0,69.96499633789062,64.27116635640462,71.65844808306012,34.18031225287041,75.94999694824219,63.4589,86.2625,2026-11-10,79.22736467865005,4.315165058717903,78.85381468040117,3.823328306567089,,,75.94999694824219,75.32524905817203,73.21899998982748,84.83554499179225,104.81363153829066,2026-09-29,75.94999694824219,75.94999694824219,0.8037280521529434,0.8037280521529434,9924320.0,751,3.652199,0.0,9.119486,31.0425,20.0,7.3414,14.9453,1.6595,25.0114,3.811239,3.65581,12.386026,3.652199,27.399925,3.811717,Needs Further Review,4.315165058717903,79.22736467865005,79.22736467865005,Weighted Ensemble,Adaptive Momentum,Constrained dynamic ensemble excluding XGBoost,2026-07-03,2026-05-22,116.1999969482422,103.97550159258458,169.4856872825598,116.1999969482422,98.48066635131836,117.7963897326788,84.52691034389838,165.87671010350897,131.69156309471097,132.7492348300663,14.242029532234389,2026-07-07,2026-05-26,127.0,199.17564755725144,156.823847486978,153.3952569531406,20.78366689223669,naive,3.488666364881725,5.235771833187008,3.6521993747033514,2026-11-10,2026-09-29,75.94999694824219,55.66431240461234,112.76480464355284,75.94999694824219,73.21899998982748,75.32524905817203,104.81363153829066,84.83554499179225,78.85381468040117,79.22736467865005,4.315165058717903
PANW,PANW,Unknown,Unknown,2012-07-20,2026-09-29,3417,388.4100036621094,2026-11-10,Moderate,1544.099539694609,0.1126628705823398,59.20640918095557,36.86284637007811,5.953675916985,High Risk,Near-Sector Volatility,,,,,,16.420516208181944,,,42.2592365403671,,Unknown Fundamentals,406.8139937082193,4.738289403616947,Positive Forecast,Needs Further Review,Weighted Ensemble,Missing or unknown fundamentals,145.5850067138672,0.0,145.5850067138672,172.59483439127604,139.24869827997117,198.36777930080467,388.4100036621094,109.5205,141.661,2026-11-10,406.8139937082193,4.738289403616947,407.81104603913207,4.994990395226869,,,388.4100036621094,407.31476711991405,361.7703338623047,431.27589220258784,363.8034240234772,2026-09-29,388.4100036621094,388.4100036621094,0.5920640918095557,0.5920640918095557,6510810.0,751,2.763655,0.0,7.628220666666667,31.0343,20.0,7.2061,14.9466,1.4405,25.3726,2.888006,2.769923,10.094742,2.763655,24.35399,2.899008,Needs Further Review,4.738289403616947,406.8139937082193,406.8139937082193,Weighted Ensemble,Adaptive Momentum,Constrained dynamic ensemble excluding XGBoost,2026-07-03,2026-05-22,260.5799865722656,257.6116170150537,385.3127982182236,260.5799865722656,198.29633331298828,271.2981679304945,176.50927950270466,408.6707682361487,321.77288245958863,315.0572217956473,20.906147068310528,2026-07-07,2026-05-26,256.75,402.6641536246008,312.6292116922147,309.22730850043246,20.43906854934078,naive,9.249223497178821,12.57198741480111,2.7636545887865265,2026-11-10,2026-09-29,388.4100036621094,313.6671665689545,527.6217695563274,388.4100036621094,361.7703338623047,407.31476711991405,363.8034240234772,431.27589220258784,407.81104603913207,406.8139937082193,4.738289403616947
PCG,PCG,Unknown,Unknown,2010-01-04,2026-09-29,4059,12.18000030517578,2026-11-10,High,-43.33903879844726,0.0322938461564086,50.2921444051051,36.86284637007811,30.17792482310273,Medium Risk,Above-Sector Volatility,,,,,,16.420516208181944,,,42.2592365403671,,Unknown Fundamentals,11.355724272274449,-6.767454944570601,Negative Forecast,Weak Fundamentals / Negative Forecast,Weighted Ensemble,Positive adaptive forecast but high volatility risk,18.51000022888184,0.0,18.51000022888184,16.228000005086262,18.86066457203456,10.59439249208664,12.18000030517578,19.0089,22.7058,2026-11-10,11.355724272274449,-6.767454944570601,10.715819580526396,-12.02118791431551,,,12.18000030517578,12.071927116317363,14.65766668319702,9.67858739629592,16.386002836525364,2026-09-29,12.18000030517578,12.18000030517578,0.502921444051051,0.502921444051051,49843603.333333336,751,1.882175,0.58427,3.978327,30.8477,20.0,6.8735,14.3607,2.6396,25.2785,1.901217,1.882175,6.89237,1.883901,9.423704,1.886595,Weak Fundamentals / Negative Forecast,-6.767454944570601,11.355724272274449,11.355724272274449,Weighted Ensemble,Adaptive Momentum,Constrained dynamic ensemble excluding XGBoost,2026-07-03,2026-05-22,16.489999771118164,15.0646072663073,19.10674338153202,16.489999771118164,16.63733329772949,16.493199334553758,17.88799825860331,17.817016940179847,16.774675799656087,16.965717938858237,2.884888868059792,2026-07-07,2026-05-26,16.420000076293945,17.06646790089336,16.695409898026256,16.71559642316406,1.8002213489443148,drift,0.2922709936549411,0.48419145333404967,1.8821753466753925,2026-11-10,2026-09-29,12.18000030517578,9.105222451627768,14.162473726808267,12.18000030517578,14.65766668319702,12.071927116317363,16.386002836525364,9.67858739629592,10.715819580526396,11.355724272274449,-6.767454944570601
PLTR,PLTR,Unknown,Unknown,2020-09-30,2026-09-29,1355,186.97000122070312,2026-11-10,Moderate,1245.6831279553865,0.2884029830384805,69.48103333636426,36.86284637007811,91.45702684899967,High Risk,Above-Sector Volatility,,,,,,16.420516208181944,,,42.2592365403671,,Unknown Fundamentals,204.3733550291132,9.308099531895934,Positive Forecast,High Volatility Speculative,Weighted Ensemble,Missing or unknown fundamentals,127.83989715576172,0.0,127.83989715576172,152.55733057657878,130.40774245489212,248.38782032151573,186.97000122070312,96.6634,139.6149,2026-11-10,204.3733550291132,9.308099531895934,199.1435410730082,6.510958855872924,,,186.97000122070312,206.3520501582421,178.50599924723306,237.8303886840756,138.90941690154455,2026-09-29,186.97000122070312,186.97000122070312,0.6948103333636426,0.6948103333636426,27369316.666666668,751,2.804888,0.0,5.976360833333334,31.8544,20.0,8.1838,15.1865,2.2836,22.4916,2.938501,2.855564,8.406557,2.804888,15.861864,2.990791,High Volatility Speculative,9.308099531895934,204.3733550291132,204.3733550291132,Weighted Ensemble,Adaptive Momentum,Constrained dynamic ensemble excluding XGBoost,2026-07-03,2026-05-22,136.8800048828125,110.04998687454967,176.54549604347406,136.8800048828125,139.23416595458986,150.52674343274447,153.92163840931065,134.15669988330723,137.0743159612728,139.38733630550942,1.8317733293796497,2026-07-07,2026-05-26,136.60000610351562,135.7337070428771,136.27670443965692,139.25934935799836,1.9468104946258071,naive,4.208111233181423,6.403073834256478,2.80488784508794,2026-11-10,2026-09-29,186.97000122070312,150.62610224666363,277.2990047731327,186.97000122070312,178.50599924723306,206.3520501582421,138.90941690154455,237.83038868407556,199.1435410730082,204.3733550291132,9.308099531895934
PODD,PODD,Unknown,Unknown,2010-01-04,2026-09-29,4059,132.83999633789062,2026-11-10,Moderate,1543.646025782709,0.1016947749063558,53.880214313103444,36.86284637007811,10.61773985743527,Medium Risk,Near-Sector Volatility,,,,,,16.420516208181944,,,42.2592365403671,,Unknown Fundamentals,125.62551657565125,-5.430954502504432,Negative Forecast,Weak Fundamentals / Negative Forecast,Weighted Ensemble,Missing or unknown fundamentals,247.0399932861328,0.0,247.0399932861328,261.5990020751953,242.129277183896,365.9503871919014,132.83999633789062,214.0475,278.6114,2026-11-10,125.62551657565125,-5.430954502504432,123.97007244308058,-6.677148554151255,,,132.83999633789062,131.69171130329931,141.96966807047525,115.35152077984264,79.70500928077936,2026-09-29,132.83999633789062,132.83999633789062,0.5388021431310345,0.5388021431310345,1641110.0,751,2.202174,0.0,5.4307415,29.512,20.0,8.6641,16.3615,1.9782,23.4843,2.373642,2.203463,6.656261,2.202174,16.740305,2.408604,Weak Fundamentals / Negative Forecast,-5.430954502504432,125.62551657565125,125.62551657565125,Weighted Ensemble,Adaptive Momentum,Constrained dynamic ensemble excluding XGBoost,2026-07-03,2026-05-22,154.8699951171875,126.61494929785916,188.53138734004472,154.8699951171875,173.05599924723307,150.9103705583933,187.502683684849,157.01964919326392,150.45005161156172,154.50207781487862,-0.2375652572536632,2026-07-07,2026-05-26,153.8000030517578,152.69533692546025,146.51521345853672,151.67962059706423,-1.3786621668531551,naive,3.2592220730251737,5.061104663061922,2.202174053987024,2026-11-10,2026-09-29,132.83999633789062,99.15392463400178,159.16435454424112,132.83999633789062,141.96966807047525,131.69171130329931,79.70500928077936,115.35152077984264,123.97007244308058,125.62551657565125,-5.430954502504432
POOL,POOL,Unknown,Unknown,2010-01-04,2026-09-29,4059,162.52000427246094,2026-11-10,High,1317.539296915147,0.082648060085903,35.165312966950964,36.86284637007811,-20.120216595817546,Medium Risk,Near-Sector Volatility,,,,,,16.420516208181944,,,42.2592365403671,,Unknown Fundamentals,156.20567113480848,-3.885265180689156,Negative Forecast,Needs Further Review,Weighted Ensemble,Missing or unknown fundamentals,220.2698974609375,0.0,220.2698974609375,257.66399637858075,206.1633940197173,260.6145520042646,162.52000427246094,154.8846,205.4401,2026-11-10,156.20567113480848,-3.885265180689156,152.28176719918267,-6.299678072930708,,,162.52000427246094,157.62680798984834,177.40333404541016,150.16564221180184,153.88121486845,2026-09-29,162.52000427246094,162.52000427246094,0.3516531296695096,0.3516531296695096,745486.6666666666,751,1.692561,0.0,3.686784666666666,31.6935,20.0,7.017,15.1096,2.6687,23.5112,1.775892,1.694712,6.52135,1.692561,8.627391,1.808802,Needs Further Review,-3.885265180689156,156.20567113480848,156.20567113480848,Weighted Ensemble,Adaptive Momentum,Constrained dynamic ensemble excluding XGBoost,2026-07-03,2026-05-22,184.63999938964844,150.81365823865642,216.4369537096291,184.63999938964844,203.5376663208008,180.2378463033651,181.32251787740424,175.55957131129432,179.14613532765054,180.66999963187,-2.15012985859065,2026-07-07,2026-05-26,182.3500061035156,175.2785299585169,172.96043914191063,177.8502245237102,-2.4676618750706107,naive,3.255223931206598,4.2579487377895475,1.692561034064182,2026-11-10,2026-09-29,162.52000427246094,133.85190220220736,182.29260319225827,162.52000427246094,177.40333404541016,157.62680798984834,153.88121486845,150.16564221180184,152.28176719918267,156.20567113480848,-3.885265180689156
PTC,PTC,Unknown,Unknown,2010-01-04,2026-09-29,4059,137.55999755859375,2026-11-10,Moderate,803.1193902983347,0.075745801000678,46.064384077976264,36.86284637007811,-10.774292920293036,Medium Risk,Near-Sector Volatility,,,,,,16.420516208181944,,,42.2592365403671,,Unknown Fundamentals,141.05371712798282,2.539778737565708,Positive Forecast,Needs Further Review,Weighted Ensemble,Missing or unknown fundamentals,150.5500030517578,0.0,150.5500030517578,159.50533447265624,148.73928978329613,200.1011131365459,137.55999755859375,128.9337,157.4449,2026-11-10,141.05371712798282,2.539778737565708,136.6963100039124,-0.6278624382160667,,,137.55999755859375,137.43039844184102,143.0019994099935,153.06117696193473,111.90111067030566,2026-09-29,137.55999755859375,137.55999755859375,0.4606438407797626,0.4606438407797626,1507263.3333333333,751,2.112662,0.0,4.872314833333333,31.4893,20.0,6.5071,14.3547,2.0612,25.5876,2.158014,2.114928,8.658319,2.112662,11.999344,2.190622,Needs Further Review,2.539778737565708,141.05371712798282,141.05371712798282,Weighted Ensemble,Adaptive Momentum,Constrained dynamic ensemble excluding XGBoost,2026-07-03,2026-05-22,148.22999572753906,130.15895731241486,173.75162208769896,148.22999572753906,140.41266733805338,148.96886360092026,137.8329659274627,153.07287411448243,153.96670844457276,150.38394183647284,1.453110821707733,2026-07-07,2026-05-26,144.8800048828125,141.8042872005504,145.64148527519367,144.0111631601493,-0.5996974692028593,naive,2.812221442328559,3.8155457555634147,2.112661848932441,2026-11-10,2026-09-29,137.55999755859375,115.21898325920364,172.68118979023973,137.55999755859375,143.0019994099935,137.43039844184102,111.90111067030566,153.06117696193473,136.6963100039124,141.05371712798282,2.539778737565708
RVTY,RVTY,Unknown,Unknown,2010-01-04,2026-09-29,4059,152.77000427246094,2026-11-10,High,429.66955637811407,0.0573706645613664,38.71849422897229,36.86284637007811,-22.39215373255212,Medium Risk,Near-Sector Volatility,,,,,,16.420516208181944,,,42.2592365403671,,Unknown Fundamentals,167.08389389973894,9.369568126573844,Positive Forecast,Potential Opportunity,Weighted Ensemble,Missing or unknown fundamentals,100.18000030517578,0.0,100.18000030517578,106.15830027262368,98.48766617547898,64.91728138666872,152.77000427246094,86.3654,112.6723,2026-11-10,167.08389389973894,9.369568126573844,171.39503904161222,12.191552168797523,,,152.77000427246094,154.91492209613617,133.23966649373372,197.6975253678484,123.08641035304125,2026-09-29,152.77000427246094,152.77000427246094,0.3871849422897229,0.3871849422897229,1994703.3333333333,751,1.809878,0.0,3.9709183333333335,29.6096,20.0,7.8913,16.087,2.6203,23.7919,1.935904,1.811198,6.349921,1.809878,9.915773,2.002836,Potential Opportunity,9.369568126573844,167.08389389973894,167.08389389973894,Weighted Ensemble,Adaptive Momentum,Constrained dynamic ensemble excluding XGBoost,2026-07-03,2026-05-22,96.9499969482422,78.21232028165332,113.19870912785426,96.9499969482422,92.84733352661132,96.11895846384571,96.3082941144431,85.74860779781686,97.75646774560892,94.09321810724433,-2.946651811163039,2026-07-07,2026-05-26,96.83000183105467,90.73866906052422,98.01758433830906,95.30509881559313,-1.5748249371327496,naive,2.1132217407226577,2.9365394596050325,1.8098781923162628,2026-11-10,2026-09-29,152.77000427246094,140.95653303872712,198.05415895855748,152.77000427246094,133.23966649373372,154.91492209613617,123.08641035304125,197.6975253678484,171.39503904161222,167.08389389973894,9.369568126573844
SMCI,SMCI,Unknown,Unknown,2010-01-04,2026-09-29,4059,41.02000045776367,2026-11-10,Moderate,2673.437685617771,0.1578066573506006,107.02656927604215,36.86284637007811,67.66964752266001,High Risk,Above-Sector Volatility,,,,,,16.420516208181944,,,42.2592365403671,,Unknown Fundamentals,47.47793433834941,15.743378372789554,Positive Forecast,High Volatility Speculative,Weighted Ensemble,Missing or unknown fundamentals,31.950000762939453,0.0,31.950000762939453,31.13466682434082,28.69761984688895,56.91832099638364,41.02000045776367,25.0061,38.5217,2026-11-10,47.47793433834941,15.743378372789554,45.29623567693108,10.424756634438474,,,41.02000045776367,41.599488555490574,38.66099967956543,62.54168527269557,29.051262309527523,2026-09-29,41.02000045776367,41.02000045776367,1.0702656927604215,1.0702656927604215,38429546.66666666,751,4.765061,0.0,9.626329166666666,30.8753,20.0,6.9218,14.3291,2.4302,25.4436,4.849795,4.767346,16.046769,4.765061,22.512329,4.816675,High Volatility Speculative,15.743378372789554,47.47793433834941,47.47793433834941,Weighted Ensemble,Adaptive Momentum,Constrained dynamic ensemble excluding XGBoost,2026-07-03,2026-05-22,35.58000183105469,22.96857900510481,57.65564074025211,35.58000183105469,30.04233328501384,36.71528316814688,22.44853205071209,36.2175213071983,39.79316099065993,36.39049517981887,2.2779463379812808,2026-07-07,2026-05-26,37.09999847412109,50.30179921396768,44.41231851406817,41.40151591765291,11.59438711711084,naive,1.6368888007269966,2.319710143972142,4.7650605731089914,2026-11-10,2026-09-29,41.02000045776367,29.67260204235023,75.96752876001153,41.02000045776367,38.66099967956543,41.599488555490574,29.051262309527523,62.54168527269557,45.29623567693108,47.47793433834941,15.743378372789554
SOLV,SOLV,Unknown,Unknown,2024-03-26,2026-09-29,479,89.31999969482422,2026-11-10,High,-9.600000381469728,-0.0003679548230787,30.67221903628903,36.86284637007811,-12.117659064098358,Low Risk,Near-Sector Volatility,,,,,,16.420516208181944,,,42.2592365403671,,Unknown Fundamentals,88.79844428399639,-0.5839178376733157,Neutral Forecast,Stable Watchlist,Weighted Ensemble,Missing or unknown fundamentals,71.83799130747009,-0.6664939012556773,72.31999969482422,78.01066767374674,72.06047584896996,74.57956253921954,89.31999969482422,60.0225,74.0773,2026-11-10,88.79844428399639,-0.5839178376733157,89.28826439223555,-0.0355298955408647,,,89.31999969482422,89.7906929213321,89.70499954223632,87.13628880713624,84.28871139984912,2026-09-29,89.31999969482422,89.31999969482422,0.3067221903628903,0.3067221903628903,903766.6666666666,630,1.437495,0.011236,3.0292546666666667,28.7221,20.0,9.2267,16.2319,2.7491,23.0702,1.546703,1.439367,4.21217,1.437495,7.9333,1.606493,Stable Watchlist,-0.5839178376733157,88.79844428399639,88.79844428399639,Weighted Ensemble,Adaptive Momentum,Constrained dynamic ensemble excluding XGBoost,2026-07-03,2026-05-22,76.83000183105469,71.024536913908,91.31773844636648,76.83000183105469,71.12133331298828,76.65793899089192,72.32778864349578,88.18410279567814,81.58331995354942,80.53446520079804,4.821636445993168,2026-07-07,2026-05-26,76.2699966430664,83.10145520748884,79.06845573530425,78.33615282407462,2.709002585482665,naive,1.183666822645399,1.5845708105992287,1.4374953200415528,2026-11-10,2026-09-29,89.31999969482422,77.60737080134398,101.60328362936188,89.31999969482422,89.70499954223632,89.7906929213321,84.28871139984912,87.13628880713624,89.28826439223555,88.79844428399639,-0.5839178376733157
STLD,STLD,Unknown,Unknown,2010-01-04,2026-09-29,4059,221.8999938964844,2026-11-10,High,1425.1835706828576,0.0955920378388376,40.07927642162879,36.86284637007811,2.7893261322981684,Medium Risk,Near-Sector Volatility,,,,,,16.420516208181944,,,42.2592365403671,,Unknown Fundamentals,210.2958179501636,-5.229462039433011,Negative Forecast,Weak Fundamentals / Negative Forecast,Weighted Ensemble,Missing or unknown fundamentals,195.1085846357125,0.6908088629493723,193.77000427246097,185.38800099690755,200.98789106096544,133.00291712121552,221.8999938964844,173.0507,217.4905,2026-11-10,210.2958179501636,-5.229462039433011,206.3087504670689,-7.02624779552214,,,221.8999938964844,228.5286307739069,235.58599853515625,177.1073954554911,277.63169203053485,2026-09-29,221.8999938964844,221.8999938964844,0.4007927642162879,0.4007927642162879,1158326.6666666667,751,1.920389,0.516854,3.9655461666666665,31.8079,20.0,7.1529,14.9076,2.741,23.3905,1.973831,1.920389,6.926125,1.921746,9.031439,2.019747,Weak Fundamentals / Negative Forecast,-5.229462039433011,210.2958179501636,210.2958179501636,Weighted Ensemble,Adaptive Momentum,Constrained dynamic ensemble excluding XGBoost,2026-07-03,2026-05-22,240.02999877929688,210.36359285527288,292.1492301235339,240.02999877929688,224.10833485921225,248.9842383159292,225.58033151706024,255.4489785798792,252.27866559016016,247.9063567129502,3.2814056466731487,2026-07-07,2026-05-26,250.4900054931641,299.6340916037402,276.573242500581,270.88693592089226,8.142812080494286,drift,4.699816938195609,6.190263866055818,1.9203893013472935,2026-11-10,2026-09-29,221.8999938964844,176.35418961873637,250.7699484936412,221.8999938964844,235.58599853515625,228.5286307739069,277.63169203053485,177.1073954554911,206.3087504670689,210.2958179501636,-5.229462039433011
SW,SW,Unknown,Unknown,2010-01-04,2026-09-29,4059,44.380001068115234,2026-11-10,Moderate,656.1459101084548,0.0840326483490652,43.52774947722951,36.86284637007811,12.375683829633198,Medium Risk,Near-Sector Volatility,,,,,,16.420516208181944,,,42.2592365403671,,Unknown Fundamentals,44.90665750768984,1.1866976721480464,Neutral Forecast,Stable Watchlist,Weighted Ensemble,Missing or unknown fundamentals,46.18999862670898,0.0,46.18999862670898,44.45741004943848,45.42615227472214,37.68336684099688,44.380001068115234,40.2544,54.5277,2026-11-10,44.90665750768984,1.1866976721480464,43.25441012375107,-2.536257136714768,,,44.380001068115234,44.91235805304762,46.03066685994466,46.45225925467935,47.18197942960218,2026-09-29,44.380001068115234,44.380001068115234,0.4352774947722951,0.4352774947722951,4416800.0,751,2.067318,0.0,3.5090695000000003,28.2547,20.0,9.7618,15.568,4.0682,22.3472,2.216489,2.070657,5.144663,2.067318,7.252544,2.302746,Stable Watchlist,1.1866976721480464,44.90665750768984,44.90665750768984,Weighted Ensemble,Adaptive Momentum,Constrained dynamic ensemble excluding XGBoost,2026-07-03,2026-05-22,38.04999923706055,28.865416996359208,43.897860271597786,38.04999923706055,39.97000020345052,38.02861409293889,39.12681270289295,29.22170479963468,35.84819193337148,35.59677010611469,-6.447382865007844,2026-07-07,2026-05-26,39.20000076293945,34.512333881778154,38.75216714142883,38.071096234323086,-2.879858435318344,naive,0.9318888346354173,1.2221123562988978,2.0673184171926384,2026-11-10,2026-09-29,44.380001068115234,37.0927012435303,54.36670344586167,44.380001068115234,46.03066685994466,44.91235805304762,47.18197942960218,46.45225925467935,43.25441012375107,44.90665750768984,1.1866976721480464
TECH,TECH,Unknown,Unknown,2010-01-04,2026-09-29,4059,72.37999725341797,2026-11-10,High,287.89571375799227,0.0500042299589767,38.06081443281142,36.86284637007811,-21.4232136314686,Medium Risk,Near-Sector Volatility,,,,,,16.420516208181944,,,42.2592365403671,,Unknown Fundamentals,72.42726618499319,0.0653066225047218,Neutral Forecast,Stable Watchlist,Weighted Ensemble,Missing or unknown fundamentals,56.83000183105469,0.0,56.83000183105469,64.88574714660645,55.84425680977957,34.121894868335914,72.37999725341797,43.1161,55.7963,2026-11-10,72.42726618499319,0.0653066225047218,72.49066221538617,0.1528943992367608,,,72.37999725341797,72.59746628519237,72.36600011189779,72.50013276167434,67.67362757788827,2026-09-29,72.37999725341797,72.37999725341797,0.3806081443281142,0.3806081443281142,2835330.0,751,0.936856,0.011236,3.9148275,30.5946,20.0,6.0046,17.0315,1.2622,25.1071,1.089102,0.939633,6.448683,0.936856,12.998625,1.076066,Stable Watchlist,0.0653066225047218,72.42726618499319,72.42726618499319,Weighted Ensemble,Adaptive Momentum,Constrained dynamic ensemble excluding XGBoost,2026-07-03,2026-05-22,48.209999084472656,38.21488438215972,62.31632030651487,48.209999084472656,52.181666692097984,47.17162141055631,58.74276330058956,47.7627803587079,49.528870728034846,48.79970261830596,1.223197562812714,2026-07-07,2026-05-26,47.970001220703125,49.658582609293575,48.62576125924868,48.88732184331171,1.9122797566506704,naive,0.5591109805636935,1.4821091503128696,0.936856210879088,2026-11-10,2026-09-29,72.37999725341797,61.27836002467611,85.60459002035088,72.37999725341797,72.36600011189779,72.59746628519237,67.67362757788827,72.50013276167434,72.49066221538617,72.42726618499319,0.0653066225047218
TER,TER,Unknown,Unknown,2010-01-04,2026-09-29,4059,403.0199890136719,2026-11-10,Moderate,3075.0409797190937,0.1174987599183743,87.15267474156036,36.86284637007811,9.492454673735644,High Risk,Near-Sector Volatility,,,,,,16.420516208181944,,,42.2592365403671,,Unknown Fundamentals,477.8690235829849,18.57204024854803,Positive Forecast,High Volatility Speculative,Weighted Ensemble,Missing or unknown fundamentals,322.4724696123171,0.7159963111303058,320.17999267578125,266.6266087849935,344.2356798081171,96.9565048444585,403.0199890136719,298.6025,438.0,2026-11-10,477.8690235829849,18.57204024854803,460.5288256297262,14.269475009613837,,,403.0199890136719,426.01378069463374,369.334999593099,632.0611597662555,470.268648734037,2026-09-29,403.0199890136719,403.0199890136719,0.8715267474156035,0.8715267474156035,2488273.333333333,751,4.253119,0.539326,6.614813666666667,28.7296,20.0,9.9685,13.9343,3.4594,23.9083,4.400554,4.253119,8.299321,4.255503,14.159491,4.320894,High Volatility Speculative,18.57204024854803,477.8690235829849,477.8690235829849,Weighted Ensemble,Adaptive Momentum,Constrained dynamic ensemble excluding XGBoost,2026-07-03,2026-05-22,358.44000244140625,258.9928398080818,512.7017244354686,358.44000244140625,361.8743326822917,377.8529512617843,400.1452420789864,354.4794700083186,363.48422591141673,364.3982376275201,1.6622684816234512,2026-07-07,2026-05-26,389.1400146484375,465.2688517353844,436.2486566080596,423.7873602498561,8.903567943975174,drift,16.26414594224005,21.250676900198865,4.253118566352035,2026-11-10,2026-09-29,403.0199890136719,325.8959727355535,700.710726135471,403.0199890136719,369.334999593099,426.01378069463374,470.268648734037,632.0611597662555,460.5288256297262,477.8690235829849,18.57204024854803
TRGP,TRGP,Unknown,Unknown,2010-12-07,2026-09-29,3825,273.489990234375,2026-11-10,High,1706.3190825365837,0.1215569008289964,30.51180436623947,36.86284637007811,26.26943022269258,Low Risk,Above-Sector Volatility,,,,,,16.420516208181944,,,42.2592365403671,,Unknown Fundamentals,269.42878243565383,-1.4849566506038498,Neutral Forecast,Stable Watchlist,Weighted Ensemble,Positive adaptive forecast but high volatility risk,234.29355323115152,0.7410869212082138,232.57000732421875,202.6985626220703,236.44717843191964,148.0714819999754,273.489990234375,238.2947,284.0831,2026-11-10,269.42878243565383,-1.4849566506038498,261.7992958784249,-4.274633358950876,,,273.489990234375,286.7914523869585,289.4719991048177,239.95304460332912,324.08965578092807,2026-09-29,273.489990234375,273.489990234375,0.3051180436623947,0.3051180436623947,1247460.0,751,1.462765,0.0,2.2878811666666667,27.4419,20.0,10.3249,15.2219,4.6297,22.3816,1.5615,1.489042,3.287555,1.462765,4.342188,1.584237,Stable Watchlist,-1.4849566506038498,269.42878243565383,269.42878243565383,Weighted Ensemble,Adaptive Momentum,Constrained dynamic ensemble excluding XGBoost,2026-07-03,2026-05-22,276.75,282.8491731921699,352.6462133545312,276.75,252.5979995727539,292.19158916866394,256.5751969634359,384.030065493181,305.8055117271172,315.8254104353839,14.11938949788036,2026-07-07,2026-05-26,269.8900146484375,326.93327025522615,284.89666589737936,291.62802022730995,8.05439416022437,naive,4.018890380859375,5.245632823757283,1.4627649351664653,2026-11-10,2026-09-29,273.489990234375,235.63921507882677,308.063616577891,273.489990234375,289.4719991048177,286.7914523869585,324.08965578092807,239.95304460332912,261.7992958784249,269.42878243565383,-1.4849566506038498
TRMB,TRMB,Unknown,Unknown,2010-01-04,2026-09-29,4059,57.34000015258789,2026-11-10,High,414.2690277734504,0.0631118621184783,32.19918935549807,36.86284637007811,-7.9102952792276335,Low Risk,Near-Sector Volatility,,,,,,16.420516208181944,,,42.2592365403671,,Unknown Fundamentals,55.66885354481043,-2.9144516974718497,Negative Forecast,Needs Further Review,Weighted Ensemble,Missing or unknown fundamentals,66.34778154043214,0.5955267962596146,65.95500183105469,69.94416694641113,65.09131168183826,87.43283817932758,57.34000015258789,57.6733,72.1585,2026-11-10,55.66885354481043,-2.9144516974718497,55.24504959568751,-3.653558687348257,,,57.34000015258789,57.52776278603139,58.77499987284342,53.173934680960336,46.9263137046938,2026-09-29,57.34000015258789,57.34000015258789,0.3219918935549807,0.3219918935549807,3267560.0,751,1.549432,0.011236,4.124205333333333,29.5147,20.0,7.9727,16.5227,1.9533,24.0366,1.656624,1.550858,5.901526,1.549432,12.349332,1.73746,Needs Further Review,-2.9144516974718497,55.66885354481043,55.66885354481043,Weighted Ensemble,Adaptive Momentum,Constrained dynamic ensemble excluding XGBoost,2026-07-03,2026-05-22,56.34000015258789,45.558207467301344,61.95037521941809,56.34000015258789,63.20299975077311,56.72349072347424,63.87793273900208,44.82875254135633,52.64548191696572,53.125775730086175,-5.705048657785769,2026-07-07,2026-05-26,56.34000015258789,51.53296650856429,54.01413634130025,55.099844240339024,-2.201199696290561,naive,0.8614443037245015,1.1171527425462093,1.5494316235111742,2026-11-10,2026-09-29,57.34000015258789,48.32784585113989,64.12496150851007,57.34000015258789,58.77499987284342,57.52776278603139,46.9263137046938,53.173934680960336,55.24504959568751,55.66885354481043,-2.9144516974718497
TSLA,TSLA,Unknown,Unknown,2010-06-29,2026-09-29,3937,352.8399963378906,2026-11-10,Moderate,25219.79465368149,0.2061508695915779,53.01796230944845,36.86284637007811,56.31994371978234,Medium Risk,Above-Sector Volatility,,,,,,16.420516208181944,,,42.2592365403671,,Unknown Fundamentals,347.16663441144965,-1.607913497711293,Neutral Forecast,Stable Watchlist,Weighted Ensemble,Missing or unknown fundamentals,403.260009765625,0.0,403.260009765625,425.4076670328776,409.0766783214751,376.47604753179183,352.8399963378906,339.2207,439.8697,2026-11-10,347.16663441144965,-1.607913497711293,339.0946014095717,-3.895645355113292,,,352.8399963378906,357.6452779547189,360.6596649169922,341.8537456155201,339.4485724953697,2026-09-29,352.8399963378906,352.8399963378906,0.5301796230944845,0.5301796230944845,38252230.0,751,2.404843,0.0,4.339640666666667,30.1638,20.0,7.9066,14.3345,3.1137,24.4815,2.464531,2.408143,6.841393,2.404843,9.415038,2.503896,Stable Watchlist,-1.607913497711293,347.16663441144965,347.16663441144965,Weighted Ensemble,Adaptive Momentum,Constrained dynamic ensemble excluding XGBoost,2026-07-03,2026-05-22,426.010009765625,360.9248547295345,509.7516885103846,426.010009765625,399.99033508300784,440.35124343988815,447.0098589607642,419.06643959576456,436.9556566628601,428.9312930106004,0.6857311279100115,2026-07-07,2026-05-26,433.5899963378906,401.08551872907856,449.1847494046875,431.53334218205856,-0.4743315512817647,naive,8.94044291178386,12.422076147027935,2.40484283268816,2026-11-10,2026-09-29,352.8399963378906,275.0518916734902,438.1888498030986,352.8399963378906,360.6596649169922,357.6452779547189,339.4485724953697,341.8537456155201,339.0946014095717,347.16663441144965,-1.607913497711293
UBER,UBER,Unknown,Unknown,2019-05-10,2026-09-29,1706,69.36000061035156,2026-11-10,High,71.50589052763954,0.0828084674117628,38.04555047895357,36.86284637007811,39.03083713562509,Medium Risk,Above-Sector Volatility,,,,,,16.420516208181944,,,42.2592365403671,,Unknown Fundamentals,67.52967159030828,-2.638882646967731,Negative Forecast,Needs Further Review,Weighted Ensemble,Missing or unknown fundamentals,71.29499816894531,0.0,71.29499816894531,78.35649973551432,70.10868817283993,111.76204604975182,69.36000061035156,59.9848,76.6403,2026-11-10,67.52967159030828,-2.638882646967731,66.388860668922,-4.283650396891909,,,69.36000061035156,70.5284611101435,73.81200002034505,63.50302260029376,64.203588266102,2026-09-29,69.36000061035156,69.36000061035156,0.3804555047895357,0.3804555047895357,17416633.333333332,751,1.832453,0.0,3.0234126666666667,29.8928,20.0,8.9524,13.8775,3.3123,23.9651,1.855564,1.838775,4.110724,1.832453,6.616912,1.886048,Needs Further Review,-2.638882646967731,67.52967159030828,67.52967159030828,Weighted Ensemble,Adaptive Momentum,Constrained dynamic ensemble excluding XGBoost,2026-07-03,2026-05-22,71.81999969482422,59.51865417610056,79.886876042285,71.81999969482422,75.15999984741211,73.61666274036935,70.94647529925962,61.9446660757249,68.06987758521389,68.95476305789016,-3.989469018530981,2026-07-07,2026-05-26,70.12000274658203,54.746700320087335,64.2654198044455,65.4277381390643,-6.6917632968096985,naive,1.3326657613118489,1.732181477102626,1.8324534233344814,2026-11-10,2026-09-29,69.36000061035156,57.13849437444095,79.81058295324583,69.36000061035156,73.81200002034505,70.5284611101435,64.203588266102,63.50302260029376,66.388860668922,67.52967159030828,-2.638882646967731
VICI,VICI,Unknown,Unknown,2018-01-02,2026-09-29,2046,23.200000762939453,2026-11-10,High,131.05837577592254,0.0590864153611948,21.30498215130111,36.86284637007811,-19.38002469012128,Low Risk,Near-Sector Volatility,,,,,,16.420516208181944,,,42.2592365403671,,Unknown Fundamentals,21.93822104148371,-5.438705517076344,Negative Forecast,Weak Fundamentals / Negative Forecast,Weighted Ensemble,Missing or unknown fundamentals,30.415000915527344,0.0,30.415000915527344,28.73883336385091,30.576382818676176,33.94258975727483,23.200000762939453,30.6959,34.0959,2026-11-10,21.93822104148371,-5.438705517076344,21.547214795117245,-7.124077213231948,,,23.200000762939453,23.00501571744971,25.03466688791911,19.08534713739576,24.76067814437632,2026-09-29,23.200000762939453,23.200000762939453,0.2130498215130111,0.2130498215130111,9926840.0,751,1.047684,0.550562,1.6213658333333332,29.2882,20.0,8.1998,14.0655,4.9569,23.4895,1.061757,1.047684,2.898432,1.04858,2.587682,1.08406,Weak Fundamentals / Negative Forecast,-5.438705517076344,21.93822104148371,21.93822104148371,Weighted Ensemble,Adaptive Momentum,Constrained dynamic ensemble excluding XGBoost,2026-07-03,2026-05-22,28.5,25.99040501106677,30.56621113847199,28.5,28.480666732788087,28.401275468625,26.57887290345268,27.50386103185716,28.50713453721218,28.185602834473265,-1.103147949216614,2026-07-07,2026-05-26,28.6200008392334,27.738546438056115,28.48254271656389,28.27835768652731,-1.1937216725645572,drift,0.27624789224977453,0.3591147434812391,1.0476835020418795,2026-11-10,2026-09-29,23.200000762939453,19.978622370158647,24.09002650672639,23.200000762939453,25.03466688791911,23.00501571744971,24.760678144376318,19.08534713739576,21.547214795117245,21.93822104148371,-5.438705517076344
VLTO,VLTO,Unknown,Unknown,2023-10-04,2026-09-29,598,96.6500015258789,2026-11-10,High,20.518575790094744,0.0415363143552565,24.00047643741269,36.86284637007811,-38.25079671804745,Low Risk,Below-Sector Volatility,,,,,,16.420516208181944,,,42.2592365403671,,Unknown Fundamentals,97.76174876016437,1.1502816520781587,Neutral Forecast,Stable Watchlist,Weighted Ensemble,Missing or unknown fundamentals,92.87999725341795,0.0,92.87999725341795,97.41066716512044,92.35680062430244,101.91872345883236,96.6500015258789,84.6901,101.7008,2026-11-10,97.76174876016437,1.1502816520781587,97.55269583964782,0.933982720659569,,,96.6500015258789,97.49466077282462,96.7763328552246,100.24672285038916,87.97264100946302,2026-09-29,96.6500015258789,96.6500015258789,0.2400047643741269,0.2400047643741269,1671863.3333333333,749,1.158203,0.573034,2.7328613333333336,31.8597,20.0,8.3717,15.1633,1.9581,22.6472,1.19796,1.158203,3.494852,1.159704,8.167029,1.21942,Stable Watchlist,1.1502816520781587,97.76174876016437,97.76174876016437,Weighted Ensemble,Adaptive Momentum,Constrained dynamic ensemble excluding XGBoost,2026-07-03,2026-05-22,86.80000305175781,78.16237597080692,97.01012210993,86.80000305175781,88.05699996948242,87.2329692438281,87.91739994833598,86.68013367046547,87.08211608044238,87.07779072375595,0.3200318689303492,2026-07-07,2026-05-26,86.05000305175781,84.50867885079835,84.80956175640402,85.56898959738545,-0.5589929544604858,drift,1.0591685243131703,1.3819244510253816,1.1582034614300198,2026-11-10,2026-09-29,96.6500015258789,87.98160178795776,108.62906933292086,96.6500015258789,96.7763328552246,97.49466077282462,87.97264100946302,100.24672285038916,97.55269583964782,97.76174876016437,1.1502816520781587
VST,VST,Unknown,Unknown,2016-10-05,2026-09-29,2358,140.8300018310547,2026-11-10,Moderate,1409.1040895180693,0.1507346953893747,42.59507412806468,36.86284637007811,13.798759116490409,Medium Risk,Near-Sector Volatility,,,,,,16.420516208181944,,,42.2592365403671,,Unknown Fundamentals,141.59140735427832,0.5406557646268031,Neutral Forecast,Stable Watchlist,Weighted Ensemble,Missing or unknown fundamentals,171.57000732421875,0.0,171.57000732421875,162.75333353678386,172.67464556012834,233.98612661688213,140.8300018310547,154.54,226.9167,2026-11-10,141.59140735427832,0.5406557646268031,140.55772865857944,-0.1933346367501165,,,140.8300018310547,149.3315697820467,141.39866790771484,138.75071537724057,132.33081408663236,2026-09-29,140.8300018310547,140.8300018310547,0.4259507412806468,0.4259507412806468,4410766.666666667,751,2.068928,0.0,2.9917841666666667,27.8156,20.0,10.0604,14.9856,5.5468,21.5915,2.183589,2.078691,4.448303,2.068928,4.886251,2.284943,Stable Watchlist,0.5406557646268031,141.59140735427832,141.59140735427832,Weighted Ensemble,Adaptive Momentum,Constrained dynamic ensemble excluding XGBoost,2026-07-03,2026-05-22,156.27000427246094,134.05960376048128,210.96699838004056,156.27000427246094,154.17733357747397,168.2426190648059,147.79955067942632,185.0054781604227,168.70928165145284,168.1729829947912,7.616931206821431,2026-07-07,2026-05-26,164.55999755859375,208.61128074341025,185.90031495861024,181.56998255287905,10.336646357951407,naive,3.1205557929144967,4.037669439346677,2.0689284356141853,2026-11-10,2026-09-29,140.8300018310547,117.43392033287216,170.71836297159962,140.8300018310547,141.39866790771484,149.3315697820467,132.33081408663236,138.75071537724057,140.55772865857944,141.59140735427832,0.5406557646268031
VTRS,VTRS,Unknown,Unknown,2010-01-04,2026-09-29,4059,18.1200008392334,2026-11-10,High,4.463589971662091,0.0252704115906386,28.00108332888242,36.86284637007811,-5.80531252724563,Low Risk,Near-Sector Volatility,,,,,,16.420516208181944,,,42.2592365403671,,Unknown Fundamentals,19.801974135500853,9.28241290489153,Positive Forecast,Potential Opportunity,Weighted Ensemble,Missing or unknown fundamentals,15.984999656677246,0.0,15.984999656677246,14.158499940236409,16.634971278054373,7.209266317444232,18.1200008392334,16.0963,19.4878,2026-11-10,19.801974135500853,9.28241290489153,19.90156342019668,9.832022618375612,,,18.1200008392334,18.552306012472183,16.85666675567627,23.355553828829404,19.1519215468954,2026-09-29,18.1200008392334,18.1200008392334,0.2800108332888242,0.2800108332888242,8238906.666666667,751,1.31893,0.022472,2.1499058333333334,29.5759,20.0,9.3389,14.941,4.3347,21.8095,1.378653,1.319335,3.29988,1.31893,4.177995,1.404642,Potential Opportunity,9.28241290489153,19.801974135500853,19.801974135500853,Weighted Ensemble,Adaptive Momentum,Constrained dynamic ensemble excluding XGBoost,2026-07-03,2026-05-22,16.649999618530273,13.989827890984564,19.175601788314417,16.649999618530273,15.570999972025554,17.045773445731882,16.559912992543186,15.182595455916786,16.84220713418217,16.37874747117662,-1.629142063473496,2026-07-07,2026-05-26,16.260000228881836,14.43049097376107,16.14320163934001,15.799587451354917,-2.8315668576013446,naive,0.21899992624918616,0.29349794445040545,1.3189304017129366,2026-11-10,2026-09-29,18.1200008392334,17.51059363124578,22.39319739356819,18.1200008392334,16.85666675567627,18.552306012472183,19.1519215468954,23.355553828829404,19.901563420196677,19.801974135500853,9.28241290489153
WBD,WBD,Unknown,Unknown,2010-01-04,2026-09-29,4059,30.850000381469727,2026-11-10,High,82.632291642334,0.0481848582284505,24.77204758491152,36.86284637007811,11.05148711403591,Low Risk,Near-Sector Volatility,,,,,,16.420516208181944,,,42.2592365403671,,Unknown Fundamentals,34.09812998823101,10.528783035971353,Positive Forecast,Potential Opportunity,Weighted Ensemble,Missing or unknown fundamentals,28.93000030517578,0.0,28.93000030517578,28.12333342234293,31.05976225080944,17.410424695675644,30.850000381469727,27.8843,33.7736,2026-11-10,34.09812998823101,10.528783035971353,33.14769971033722,7.44797180050482,,,30.850000381469727,32.20781564390935,28.93333339691162,41.12930489258515,30.01714870758456,2026-09-29,30.850000381469727,30.850000381469727,0.2477204758491152,0.2477204758491152,35121163.333333336,751,0.929348,0.022472,3.5535678333333336,29.6013,20.0,9.0114,16.2634,1.0208,24.1032,0.98931,0.940947,2.814517,0.929348,14.640229,1.007056,Potential Opportunity,10.528783035971353,34.09812998823101,34.09812998823101,Weighted Ensemble,Adaptive Momentum,Constrained dynamic ensemble excluding XGBoost,2026-07-03,2026-05-22,27.030000686645508,25.70856124009481,28.882908945527475,27.030000686645508,27.16099999745687,27.94914922249448,35.130507390922446,26.7914145797754,27.112564264527503,27.249551068195142,0.8122470439229751,2026-07-07,2026-05-26,27.0,26.292613530434146,26.888757066515264,27.050230860021408,0.1860402223015106,naive,0.25499988132053,0.4358962458668441,0.9293483915351037,2026-11-10,2026-09-29,30.850000381469727,30.583121877779533,38.0171283147865,30.850000381469727,28.93333339691162,32.20781564390935,30.01714870758456,41.12930489258515,33.14769971033722,34.09812998823101,10.528783035971353
WTW,WTW,Unknown,Unknown,2010-01-04,2026-09-29,4059,288.57000732421875,2026-11-10,High,476.84573565946,0.0532670948943562,28.99742581987373,36.86284637007811,-39.019126569750085,Low Risk,Below-Sector Volatility,,,,,,16.420516208181944,,,42.2592365403671,,Unknown Fundamentals,263.03082386774514,-8.85025567739596,Negative Forecast,Weak Fundamentals / Negative Forecast,Weighted Ensemble,Missing or unknown fundamentals,298.9049987792969,0.0,298.9049987792969,314.0768341064453,296.2616170247396,338.1415935581072,288.57000732421875,251.2806,319.0084,2026-11-10,263.03082386774514,-8.85025567739596,259.07599968463524,-10.220746055027798,,,288.57000732421875,292.36610107861856,322.7849975585938,207.7583723355461,284.57880253230275,2026-09-29,288.57000732421875,288.57000732421875,0.2899742581987373,0.2899742581987373,503866.6666666667,751,1.414363,0.0,3.980125166666667,32.7851,20.0,6.5431,15.593,1.8213,23.2575,1.476977,1.423278,6.54767,1.414363,11.505369,1.513094,Weak Fundamentals / Negative Forecast,-8.85025567739596,263.03082386774514,263.03082386774514,Weighted Ensemble,Adaptive Momentum,Constrained dynamic ensemble excluding XGBoost,2026-07-03,2026-05-22,257.3999938964844,218.024393062164,309.45137431784184,257.3999938964844,270.5233332316081,258.95125809655855,285.7866822231702,260.54540288499504,255.5210101345302,259.74592983894854,0.911397046655566,2026-07-07,2026-05-26,256.3500061035156,277.31498855015866,253.8824069912438,262.6548107261649,2.459451715442289,naive,4.224887932671441,5.455680224060224,1.4143629430410225,2026-11-10,2026-09-29,288.57000732421875,231.5787261887111,298.75461983570307,288.57000732421875,322.7849975585938,292.36610107861856,284.57880253230275,207.7583723355461,259.07599968463524,263.03082386774514,-8.85025567739596
AEE,Ameren Corporation,Utilities,Utilities - Regulated Electric,2010-01-04,2026-09-29,4106,100.25,2026-11-10,High,638.0265748778194,0.0570416448687662,18.84158384840006,20.78809308469588,-1.4616571871732202,Low Risk,Near-Sector Volatility,8799000000.0,1456000000.0,3945000000.0,5.38,16.54733492442323,13.756902310995978,20.28387314487827,44.834640300034096,41.91501976342937,6.965571179694583,Above-Sector Profitability,98.33348490612372,-1.9117357544900453,Neutral Forecast,Stable Watchlist,Weighted Ensemble,Classified,114.36803436511616,0.6317930748762605,113.6500015258789,110.76100006103516,115.7008908589681,108.76355200744548,100.25,109.1703,123.5716,2026-11-10,98.33348490612372,-1.9117357544900453,96.89416655956404,-3.3474647784897336,,,100.25,101.6355507430541,104.6600003560384,92.37893071579222,111.21657662282874,2026-09-29,100.25,100.25,0.1884158384840006,0.1884158384840006,1609016.6666666667,751,0.93712,0.011236,1.7145345,30.0815,20.0,8.4931,14.251,3.0802,24.0942,0.970178,0.942258,2.530274,0.93712,3.92533,0.982047,Stable Watchlist,-1.9117357544900453,98.33348490612372,98.33348490612372,Weighted Ensemble,Adaptive Momentum,Constrained dynamic ensemble excluding XGBoost,2026-07-03,2026-05-22,111.29000091552734,105.69885889629838,123.23808394887284,111.29000091552734,110.593665822347,112.61554906806604,113.12377688864515,118.22481638364064,114.67671023419857,114.13205003837476,2.5537326799059272,2026-07-07,2026-05-26,111.02999877929688,114.20937616199367,113.25927069695226,112.7490091039717,1.5482395240693818,naive,1.0266667683919288,1.3085677993941949,0.9371195171330754,2026-11-10,2026-09-29,100.25,90.52407626195472,106.8166023125356,100.25,104.6600003560384,101.6355507430541,111.21657662282874,92.37893071579222,96.89416655956404,98.33348490612372,-1.9117357544900453
AEP,"American Electric Power Company, Inc.",Utilities,Utilities - Regulated Electric,2010-01-04,2026-09-29,4106,119.3000030517578,2026-11-10,High,632.6476208181015,0.0559844819511989,18.79208374775234,20.78809308469588,-6.769997206753092,Low Risk,Near-Sector Volatility,21876000000.0,3580000000.0,9239000000.0,6.7,16.36496617297495,13.756902310995978,18.958220411976978,42.23349789723898,41.91501976342937,0.7598186416399676,Above-Sector Profitability,118.8571361829148,-0.371221171428534,Neutral Forecast,Stable Watchlist,Weighted Ensemble,Classified,137.97525529942763,0.6310660675547706,137.11000061035156,132.65600077311197,140.93301300775437,131.03567712306244,119.3000030517578,132.524,150.4854,2026-11-10,118.8571361829148,-0.371221171428534,117.28886072693923,-1.6857856440674517,,,119.3000030517578,121.74508042397872,122.15733311971027,115.45476460090606,132.946836899276,2026-09-29,119.3000030517578,119.3000030517578,0.1879208374775234,0.1879208374775234,3785303.3333333335,751,0.929818,0.0,2.199323166666667,29.4779,20.0,8.4661,15.9493,2.4178,23.689,0.985506,0.933239,3.113125,0.929818,6.238175,0.996076,Stable Watchlist,-0.371221171428534,118.8571361829148,118.8571361829148,Weighted Ensemble,Adaptive Momentum,Constrained dynamic ensemble excluding XGBoost,2026-07-03,2026-05-22,131.58999633789062,123.17915757399962,146.52123541818983,131.58999633789062,132.51466674804686,133.84193299638113,138.38771762609082,135.97492968485997,134.77825286305148,134.34419356829048,2.093014140168949,2026-07-07,2026-05-26,130.89999389648438,131.5018228253686,131.86680461013967,132.24810342651972,1.0298774582842445,naive,1.1954447428385415,1.522034684464091,0.9298176036564233,2026-11-10,2026-09-29,119.3000030517578,109.44157806188306,129.08274050668308,119.3000030517578,122.15733311971027,121.74508042397872,132.946836899276,115.45476460090606,117.28886072693923,118.8571361829148,-0.371221171428534
AES,The AES Corporation,Utilities,Utilities - Diversified,2010-01-04,2026-09-29,4106,14.859999656677246,2026-11-10,High,65.62251734388752,0.0344771655376252,3.65095748751529,20.78809308469588,60.54384964416629,Low Risk,Above-Sector Volatility,12233000000.0,949000000.0,3357000000.0,0.0,7.7577045696068,13.756902310995978,-43.60863809139636,27.4421646366386,41.91501976342937,-34.52904283112914,Below-Sector Profitability,14.92507754692594,0.4379400521685239,Neutral Forecast,Stable Watchlist,Weighted Ensemble,Classified,14.4918415206649,0.2895620204294652,14.449999809265137,14.318333276112874,15.002521583012172,15.68100392549993,14.859999656677246,12.3349,16.9887,2026-11-10,14.92507754692594,0.4379400521685239,14.945872268670076,0.5778776176097932,,,14.859999656677246,14.88870830442173,14.792999998728437,15.04146143634122,14.955482561908465,2026-09-29,14.859999656677246,14.859999656677246,0.0365095748751529,0.0365095748751529,8000876.666666667,751,0.168283,0.11236,0.6538495,28.1097,20.0,10.8007,16.8445,1.8161,22.4289,0.182934,0.168817,0.557895,0.168283,2.652276,0.192892,Stable Watchlist,0.4379400521685239,14.92507754692594,14.92507754692594,Weighted Ensemble,Adaptive Momentum,Constrained dynamic ensemble excluding XGBoost,2026-07-03,2026-05-22,14.68000030517578,12.522178576999105,17.977675977071275,14.68000030517578,14.455666542053224,14.478448437845794,15.94148623259367,15.782132825860169,14.98607697123775,15.003988435889749,2.207003569337392,2026-07-07,2026-05-26,14.670000076293944,15.673454466910384,14.930838251210938,14.962585213446342,1.994445368989486,naive,0.024777783287896208,0.033714479696658244,0.1682827752548323,2026-11-10,2026-09-29,14.859999656677246,14.687672313159457,15.16632009703623,14.859999656677246,14.792999998728437,14.88870830442173,14.955482561908465,15.04146143634122,14.945872268670076,14.92507754692594,0.4379400521685239
ATO,Atmos Energy Corporation,Utilities,Utilities - Regulated Gas,2010-01-04,2026-09-29,4106,157.60000610351562,2026-11-10,High,924.3160024578424,0.0647379534998029,15.39960290563206,20.78809308469588,-3.098274679850143,Low Risk,Near-Sector Volatility,4702755000.0,1198754000.0,2384457000.0,7.54,25.490462505488804,13.756902310995978,85.29216773687575,50.70340683280333,41.91501976342937,20.9671547788265,Above-Sector Profitability,154.48935337638656,-1.9737643443274424,Neutral Forecast,Stable Watchlist,Weighted Ensemble,Classified,191.23285554706976,0.6594693376704373,189.97999572753903,185.96566619873047,193.9995967320033,193.29941647709217,157.60000610351562,183.6384,204.6172,2026-11-10,154.48935337638656,-1.9737643443274424,153.40789695813248,-2.659967628827159,,,157.60000610351562,160.31919185777875,164.30166727701825,144.9967508014135,171.88180903186188,2026-09-29,157.60000610351562,157.60000610351562,0.1539960290563206,0.1539960290563206,980423.3333333334,751,0.759724,0.0,2.1815481666666665,32.3884,20.0,6.9066,15.1902,1.6965,23.8183,0.795041,0.775206,3.372993,0.759724,6.581274,0.805051,Stable Watchlist,-1.9737643443274424,154.48935337638656,154.48935337638656,Weighted Ensemble,Adaptive Momentum,Constrained dynamic ensemble excluding XGBoost,2026-07-03,2026-05-22,177.80999755859375,164.24067243995526,189.2997985612409,177.80999755859375,183.66599884033204,180.84092875041213,191.10693640540515,168.93713448613332,175.054865284587,176.32562550136123,-0.8348079847104065,2026-07-07,2026-05-26,177.72000122070312,165.12040018408766,173.70547384598802,174.9363201414611,-1.5663296534558824,naive,1.3000006781684028,1.675034803980366,0.7597241962449164,2026-11-10,2026-09-29,157.60000610351562,144.38639013848473,165.29923827143696,157.60000610351562,164.30166727701825,160.31919185777875,171.88180903186188,144.9967508014135,153.40789695813248,154.48935337638656,-1.9737643443274424
AWK,"American Water Works Company, Inc.",Utilities,Utilities - Regulated Water,2010-01-04,2026-09-29,4106,129.8000030517578,2026-11-10,High,723.6998867136939,0.0606620149257069,22.08439831734413,20.78809308469588,4.085344465473793,Low Risk,Near-Sector Volatility,5140000000.0,1111000000.0,2931000000.0,5.69,21.6147859922179,13.756902310995978,57.11957171449177,57.023346303501945,41.91501976342937,36.04513757918947,Above-Sector Profitability,123.04756588340898,-5.202185677650791,Negative Forecast,Weak Fundamentals / Negative Forecast,Weighted Ensemble,Negative adaptive forecast but fundamentals are not clearly weak,128.4199981689453,0.0,128.4199981689453,134.54566650390626,126.77005077543711,142.36195172119693,129.8000030517578,113.0953,134.3425,2026-11-10,123.04756588340898,-5.202185677650791,122.4109917439297,-5.69261258405498,,,129.8000030517578,130.2190941449244,136.77933451334636,107.96244246409849,132.33081802646635,2026-09-29,129.8000030517578,129.8000030517578,0.2208439831734413,0.2208439831734413,1938493.3333333333,751,1.079358,0.0,1.8945956666666663,29.2388,20.0,8.8381,14.1423,3.1763,24.6045,1.120439,1.081223,2.653066,1.079358,4.304665,1.128823,Weak Fundamentals / Negative Forecast,-5.202185677650791,123.04756588340898,123.04756588340898,Weighted Ensemble,Adaptive Momentum,Constrained dynamic ensemble excluding XGBoost,2026-07-03,2026-05-22,125.1999969482422,113.3080540685932,138.08611644898923,125.1999969482422,128.60666732788087,124.5204604414224,126.3556964879547,125.6510589814508,123.82557787346488,125.08504766247694,-0.0918125308044403,2026-07-07,2026-05-26,123.8499984741211,117.58961420209896,120.55280034659802,121.6275142297151,-1.7944967878787552,naive,1.4253341674804694,1.828224826434977,1.0793577478656367,2026-11-10,2026-09-29,129.8000030517578,111.67360716464138,135.5799624839717,129.8000030517578,136.77933451334636,130.2190941449244,132.33081802646635,107.96244246409849,122.4109917439297,123.04756588340898,-5.202185677650791
CMS,CMS Energy Corporation,Utilities,Utilities - Regulated Electric,2010-01-04,2026-09-29,4106,63.45000076293945,2026-11-10,High,728.990496472956,0.0590474500218076,18.57840385005608,20.78809308469588,-6.485089096102871,Low Risk,Near-Sector Volatility,8539000000.0,1071000000.0,3352000000.0,3.462692,12.542452277784284,13.756902310995978,-8.827932377196403,39.25518210563298,41.91501976342937,-6.345786481334506,Below-Sector Profitability,61.36875353835623,-3.2801374303510795,Negative Forecast,Needs Further Review,Weighted Ensemble,Classified,77.23317415560352,0.6426587249969526,76.73999786376953,77.02333348592123,77.36766724359421,76.39483289785309,63.45000076293945,71.5052,80.9734,2026-11-10,61.36875353835623,-3.2801374303510795,60.68393244122056,-4.359445687090559,,,63.45000076293945,64.02847805950314,66.99333229064942,56.58156646118215,71.02871994650481,2026-09-29,63.45000076293945,63.45000076293945,0.1857840385005608,0.1857840385005608,3435126.6666666665,751,0.934294,0.0,2.1432885,31.1068,20.0,6.914,14.2944,2.2151,25.4697,0.945625,0.939285,3.538324,0.934294,5.545838,0.956365,Needs Further Review,-3.2801374303510795,61.36875353835623,61.36875353835623,Weighted Ensemble,Adaptive Momentum,Constrained dynamic ensemble excluding XGBoost,2026-07-03,2026-05-22,74.52999877929688,71.21886160984386,82.96163037632769,74.52999877929688,75.08600006103515,75.24687636747154,76.59861048531408,80.6000173413312,76.5190458539558,76.86633120358158,3.13475441104354,2026-07-07,2026-05-26,74.19999694824219,77.31437772035527,75.27808124832882,75.57826974596449,1.8575105854569105,naive,0.6711114247639975,0.8494011945272048,0.9342937881243122,2026-11-10,2026-09-29,63.45000076293945,56.56033168285602,66.58595872401963,63.45000076293945,66.99333229064942,64.02847805950314,71.02871994650481,56.58156646118215,60.68393244122056,61.36875353835623,-3.2801374303510795
CNP,"CenterPoint Energy, Inc.",Utilities,Utilities - Regulated Electric,2010-01-04,2026-09-29,4106,36.93999862670898,2026-11-10,High,447.35076507450015,0.0527856510640411,18.76874538349319,20.78809308469588,14.64097513036006,Low Risk,Near-Sector Volatility,9357000000.0,1052000000.0,3725000000.0,1.61,11.24291973923266,13.756902310995978,-18.274336147272603,39.80976808806241,41.91501976342937,-5.022666545904336,Below-Sector Profitability,36.10174661908739,-2.269225876515049,Negative Forecast,Needs Further Review,Weighted Ensemble,Classified,43.910721804424846,0.5972972953766457,43.650001525878906,42.89066683451335,44.39682388305664,43.88320328036937,36.93999862670898,41.752,47.0815,2026-11-10,36.10174661908739,-2.269225876515049,35.45872718606611,-4.009939078806165,,,36.93999862670898,37.47707265062296,38.81233342488607,33.98776715729888,42.48925839461932,2026-09-29,36.93999862670898,36.93999862670898,0.1876874538349319,0.1876874538349319,6276830.0,751,0.963624,0.0,2.1402946666666667,31.1306,20.0,7.2686,14.1645,2.2273,25.209,0.972661,0.967392,3.25992,0.963624,5.694218,0.983953,Needs Further Review,-2.269225876515049,36.10174661908739,36.10174661908739,Weighted Ensemble,Adaptive Momentum,Constrained dynamic ensemble excluding XGBoost,2026-07-03,2026-05-22,42.83000183105469,40.87427102667394,47.64681166016526,42.83000183105469,42.61366704305013,43.50988382536603,43.90640047291089,46.34036332257802,44.00217294249208,44.130813422760326,3.037150446167997,2026-07-07,2026-05-26,42.93000030517578,44.97247703260681,43.94235694388574,43.883899428146606,2.2219872261585314,naive,0.4008887396918396,0.4953717594935405,0.9636239191141125,2026-11-10,2026-09-29,36.93999862670898,33.245266043650034,39.20366007110748,36.93999862670898,38.81233342488607,37.47707265062296,42.48925839461932,33.98776715729888,35.45872718606611,36.10174661908739,-2.269225876515049
D,"Dominion Energy, Inc.",Utilities,Utilities - Regulated Electric,2010-01-04,2026-09-29,4106,60.63999938964844,2026-11-10,High,226.35128855704448,0.0374815444719989,17.088529540092303,20.78809308469588,0.4247060791074484,Low Risk,Near-Sector Volatility,16523000000.0,3012000000.0,8834000000.0,3.410694,18.229135144949467,13.756902310995978,32.50901062500681,53.464867154875016,41.91501976342937,27.555390541704632,Above-Sector Profitability,58.23127529037401,-3.972170388388248,Negative Forecast,Needs Further Review,Weighted Ensemble,Positive adaptive forecast with manageable risk and no weak fundamentals flag,64.82693803441074,0.5068806735050305,64.5,62.1190003712972,65.99932407197498,65.58076908443196,60.63999938964844,62.8859,71.8059,2026-11-10,58.23127529037401,-3.972170388388248,57.24254810497765,-5.602657188104704,,,60.63999938964844,61.519363605636144,64.78000030517578,51.89745085673973,69.15644949973813,2026-09-29,60.63999938964844,60.63999938964844,0.170885295400923,0.170885295400923,4609090.0,751,0.866457,0.011236,1.9798923333333327,32.0652,20.0,7.0781,15.2256,2.6223,23.0088,0.89074,0.877538,3.511411,0.866457,4.813915,0.919293,Needs Further Review,-3.972170388388248,58.23127529037401,58.23127529037401,Weighted Ensemble,Adaptive Momentum,Constrained dynamic ensemble excluding XGBoost,2026-07-03,2026-05-22,67.66999816894531,66.59278690955523,82.06633932132148,67.66999816894531,63.43366673787435,68.36964940023967,64.62860279915851,88.45517044882936,75.11915911801174,73.92581583501135,9.24459558938915,2026-07-07,2026-05-26,67.27999877929688,83.68616202054969,70.98316275364223,71.577615150972,6.387658218860675,naive,0.5807779947916665,0.7204254849336822,0.8664568819432685,2026-11-10,2026-09-29,60.63999938964844,54.0210032316596,62.76968621634297,60.63999938964844,64.78000030517578,61.519363605636144,69.15644949973813,51.89745085673973,57.24254810497765,58.23127529037401,-3.972170388388248
DTE,DTE Energy Company,Utilities,Utilities - Regulated Electric,2010-01-04,2026-09-29,4106,122.38999938964844,2026-11-10,High,634.7862830835963,0.0567908921849677,17.902458070844148,20.78809308469588,-2.5141060260444767,Low Risk,Near-Sector Volatility,15814000000.0,1462000000.0,4479000000.0,7.04,9.244972808903505,13.756902310995978,-32.797568813773296,28.323004932338435,41.91501976342937,-32.427552003565786,Below-Sector Profitability,115.80748076792106,-5.378314122521447,Negative Forecast,Weak Fundamentals / Negative Forecast,Weighted Ensemble,Positive adaptive forecast with manageable risk and no weak fundamentals flag,152.64770697850403,0.6313563990268364,151.69000244140625,146.54633280436198,153.99472990490142,147.13250186116383,122.38999938964844,148.1691,168.2571,2026-11-10,115.80748076792106,-5.378314122521447,114.13066598065156,-6.7483727838758725,,,122.38999938964844,123.6110952760083,132.23200073242188,101.19312720669768,142.98355581665385,2026-09-29,122.38999938964844,122.38999938964844,0.1790245807084415,0.1790245807084415,1619373.3333333333,751,0.945545,0.011236,2.1287435,30.9177,20.0,6.847,14.3425,2.31,25.5827,0.961569,0.952847,3.651061,0.945545,5.297443,0.963996,Weak Fundamentals / Negative Forecast,-5.378314122521447,115.80748076792106,115.80748076792106,Weighted Ensemble,Adaptive Momentum,Constrained dynamic ensemble excluding XGBoost,2026-07-03,2026-05-22,145.3000030517578,138.60319787032947,163.287567892694,145.3000030517578,144.93033345540366,146.9672248975892,145.21440134670604,160.36385031901975,150.11836464334542,150.43995174951343,3.5374732207849267,2026-07-07,2026-05-26,144.6199951171875,151.39412221531308,146.9061840574487,147.22432095911788,1.800806202365071,naive,1.3417777167426215,1.6170959364294761,0.9455449795931313,2026-11-10,2026-09-29,122.38999938964844,107.0509482625899,125.280278404588,122.38999938964844,132.23200073242188,123.6110952760083,142.98355581665385,101.19312720669768,114.13066598065156,115.80748076792106,-5.378314122521447
DUK,Duke Energy Corporation,Utilities,Utilities - Regulated Electric,2010-01-04,2026-09-29,4106,114.20999908447266,2026-11-10,High,415.0255823708666,0.0467107167073809,17.611147392810008,20.78809308469588,-11.13105137761666,Low Risk,Near-Sector Volatility,32237000000.0,4968000000.0,17050000000.0,6.31,15.410863293730806,13.756902310995978,12.022771880940136,52.88953686757453,41.91501976342937,26.18277926644416,Above-Sector Profitability,111.82892549483392,-2.084820601283455,Negative Forecast,Needs Further Review,Weighted Ensemble,Classified,130.3129451626256,0.5889170921616826,129.5500030517578,129.13500061035157,130.9800022670201,131.83577278210248,114.20999908447266,123.6239,138.415,2026-11-10,111.82892549483392,-2.084820601283455,110.09824293194532,-3.600171776103574,,,114.20999908447266,115.54358625360716,119.05499954223632,104.16277086754972,123.97107758111169,2026-09-29,114.20999908447266,114.20999908447266,0.1761114739281001,0.1761114739281001,3871313.3333333335,751,0.874003,0.0,1.5233546666666669,30.8964,20.0,9.1355,14.6517,3.6529,21.6635,0.915866,0.875973,2.232561,0.874003,3.308955,0.93277,Needs Further Review,-2.084820601283455,111.82892549483392,111.82892549483392,Weighted Ensemble,Adaptive Momentum,Constrained dynamic ensemble excluding XGBoost,2026-07-03,2026-05-22,125.66999816894533,119.44762520895794,137.29621780294792,125.66999816894533,126.2913330078125,127.3127698299466,129.0445981649653,130.2795983176267,128.16630296681802,128.06134142173423,1.9028752189317943,2026-07-07,2026-05-26,124.97000122070312,125.18023577939096,125.48667276116088,125.7565759179454,0.6294108102416975,naive,1.0804440816243488,1.3747786557415165,0.8740028318643359,2026-11-10,2026-09-29,114.20999908447266,103.50556140488996,120.82161004286198,114.20999908447266,119.05499954223632,115.54358625360716,123.97107758111169,104.16277086754972,110.09824293194532,111.82892549483392,-2.084820601283455
ED,"Consolidated Edison, Inc.",Utilities,Utilities - Regulated Electric,2010-01-04,2026-09-29,4106,103.33000183105467,2026-11-10,High,362.15746976258754,0.0443481912837102,17.167345200918373,20.78809308469588,-9.32989224135538,Low Risk,Near-Sector Volatility,16918000000.0,2023000000.0,6151000000.0,5.66,11.957678212554676,13.756902310995978,-13.078700842435806,36.357725499468025,41.91501976342937,-13.25847940744634,Below-Sector Profitability,102.26300290361884,-1.0326128989917025,Neutral Forecast,Stable Watchlist,Weighted Ensemble,Classified,112.12848399879,0.5726846777776807,111.48999786376952,111.30233306884766,111.84503173828124,103.02103655081535,103.33000183105467,105.7588,119.6207,2026-11-10,102.26300290361884,-1.0326128989917025,101.21786816905552,-2.0440662194630623,,,103.33000183105467,104.30944396988882,106.24866612752278,97.8054952552826,112.61404717802635,2026-09-29,103.33000183105467,103.33000183105467,0.1716734520091837,0.1716734520091837,2096350.0,751,0.877165,0.52809,1.5464923333333331,30.7967,20.0,9.3604,14.6062,3.4344,21.8023,0.912963,0.877165,2.176819,0.879142,3.509499,0.923366,Stable Watchlist,-1.0326128989917025,102.26300290361884,102.26300290361884,Weighted Ensemble,Adaptive Momentum,Constrained dynamic ensemble excluding XGBoost,2026-07-03,2026-05-22,108.54000091552734,102.88258901910233,120.09533735554926,108.54000091552734,108.53700002034503,109.17011985440804,110.7331751340966,115.5146214134702,110.8289859298394,111.1562829365098,2.410431176445824,2026-07-07,2026-05-26,107.6999969482422,112.29658483168068,108.75988815902949,109.41523927103204,1.5926113012000815,drift,0.9498978951498477,1.1715096955108695,0.877164708250138,2026-11-10,2026-09-29,103.33000183105467,94.83629018998089,110.27130797626222,103.33000183105467,106.24866612752278,104.30944396988882,112.61404717802635,97.8054952552826,101.21786816905552,102.26300290361884,-1.0326128989917025
EIX,Edison International,Utilities,Utilities - Regulated Electric,2010-01-04,2026-09-29,4106,53.560001373291016,2026-11-10,High,266.925700731459,0.043749492015359,56.317778353400094,20.78809308469588,18.17824728174003,High Risk,Near-Sector Volatility,19317000000.0,4701000000.0,10768000000.0,11.58,24.33607703059481,13.756902310995978,76.90084933686586,55.74364549360666,41.91501976342937,32.99205346490781,Above-Sector Profitability,52.42351915938715,-2.1218860805903605,Negative Forecast,Needs Further Review,Weighted Ensemble,Classified,69.85943678787362,0.5316433090534097,69.48999786376953,71.03371607462564,71.16312045142764,50.78763606857259,53.560001373291016,61.9474,74.2538,2026-11-10,52.42351915938715,-2.1218860805903605,49.63322834926974,-7.331540185470295,,,53.560001373291016,53.280663127571465,60.70300038655599,50.668634474492926,74.13436955540466,2026-09-29,53.560001373291016,53.560001373291016,0.5631777835340009,0.5631777835340009,6228303.333333333,751,1.930792,0.516854,4.581054166666667,31.529,20.0,6.4937,14.4813,2.0823,25.4137,1.955691,1.930792,7.947408,1.930844,11.729219,1.992371,Needs Further Review,-2.1218860805903605,52.42351915938715,52.42351915938715,Weighted Ensemble,Adaptive Momentum,Constrained dynamic ensemble excluding XGBoost,2026-07-03,2026-05-22,71.18000030517578,65.82087307725214,82.27389815447293,71.18000030517578,69.93600031534831,71.33638552493353,75.10150177630877,78.31215737454312,73.476863381807,73.58899243770315,3.384366566730973,2026-07-07,2026-05-26,71.23999786376953,73.25724722072434,73.22141258174112,72.37391905647759,1.5916917837033453,drift,1.260629627744157,2.2517061584491183,1.9307923810719447,2026-11-10,2026-09-29,53.560001373291016,40.93633456848131,67.13413377197215,53.560001373291016,60.70300038655599,53.280663127571465,74.13436955540466,50.668634474492926,49.63322834926974,52.42351915938715,-2.1218860805903605
ES,Eversource Energy,Utilities,Utilities - Regulated Electric,2010-01-04,2026-09-29,4106,63.900001525878906,2026-11-10,High,380.8598697855722,0.0477260637823342,20.61299379421301,20.78809308469588,4.940057469633022,Low Risk,Near-Sector Volatility,13547244000.0,1692372000.0,5678330000.0,4.56,12.492371142056642,13.756902310995978,-9.191976073920271,41.91501976342937,41.91501976342937,0.0,Below-Sector Profitability,61.25507342043203,-4.139167515317979,Negative Forecast,Needs Further Review,Weighted Ensemble,Classified,71.10923326610794,0.5788349866059261,70.69999694824219,68.72100016276042,72.35630217052642,78.04700470374416,63.900001525878906,67.1945,78.8685,2026-11-10,61.25507342043203,-4.139167515317979,59.853412258763015,-6.332690407647425,,,63.900001525878906,64.25062278874984,68.94199968973795,54.91636787996453,70.26489156939522,2026-09-29,63.900001525878906,63.900001525878906,0.2061299379421301,0.2061299379421301,2256980.0,751,1.03505,0.0,1.7350601666666667,30.0341,20.0,7.7576,14.0641,4.1538,23.9905,1.050744,1.037443,3.140957,1.03505,3.087937,1.05823,Needs Further Review,-4.139167515317979,61.25507342043203,61.25507342043203,Weighted Ensemble,Adaptive Momentum,Constrained dynamic ensemble excluding XGBoost,2026-07-03,2026-05-22,70.0,66.6070431392936,81.19375327802335,70.0,68.6216667175293,69.89247536076245,72.11992572645251,81.60772568099758,73.42335470636823,73.53962079879432,5.056601141134739,2026-07-07,2026-05-26,69.69999694824219,77.63328499855812,71.90429303627262,72.13021767738132,3.4866869950421515,naive,0.7303333706325955,0.9133036055412119,1.0350500912772373,2026-11-10,2026-09-29,63.900001525878906,55.95334475889096,67.05915501407624,63.900001525878906,68.94199968973795,64.25062278874984,70.26489156939522,54.91636787996453,59.853412258763015,61.25507342043203,-4.139167515317979
ETR,Entergy Corporation,Utilities,Utilities - Regulated Electric,2010-01-04,2026-09-29,4106,99.76000213623048,2026-11-10,High,467.3303514414527,0.0518184434241961,19.35771991798055,20.78809308469588,5.334046140761122,Low Risk,Near-Sector Volatility,12946686000.0,1773328000.0,6145069000.0,3.98,13.697157712792292,13.756902310995978,-0.4342881620663245,47.464416762714414,41.91501976342937,13.239638274313457,Below-Sector Profitability,97.80914113031014,-1.9555542944518824,Neutral Forecast,Stable Watchlist,Weighted Ensemble,Positive adaptive forecast with manageable risk and no weak fundamentals flag,118.61982118371924,0.6019994059570751,117.91000366210938,111.70166702270508,122.26826349894206,104.34761935549427,99.76000213623048,113.3599,133.2552,2026-11-10,97.80914113031014,-1.9555542944518824,96.17400795109944,-3.594621199219776,,,99.76000213623048,103.03996437052707,104.40500005086264,90.85032591880436,115.74626410379808,2026-09-29,99.76000213623048,99.76000213623048,0.1935771991798055,0.1935771991798055,2680630.0,751,0.978683,0.0,2.1059955,30.4864,20.0,7.8226,14.2806,2.2703,25.1401,0.98946,0.982413,3.002505,0.978683,5.688613,0.994299,Stable Watchlist,-1.9555542944518824,97.80914113031014,97.80914113031014,Weighted Ensemble,Adaptive Momentum,Constrained dynamic ensemble excluding XGBoost,2026-07-03,2026-05-22,112.4000015258789,103.41555001369396,126.82125216474826,112.4000015258789,113.42200012207032,116.07817538650512,115.60798467991428,114.86546592276314,114.42961265364472,114.52200463685054,1.8879030980111369,2026-07-07,2026-05-26,111.97000122070312,109.02279993418328,112.50010753993028,112.46927840182332,0.4459026307734612,naive,1.0638887193467887,1.3288375345373518,0.978683149946472,2026-11-10,2026-09-29,99.76000213623048,89.83750228364086,106.48813519374724,99.76000213623048,104.40500005086264,103.03996437052707,115.74626410379808,90.85032591880436,96.17400795109944,97.80914113031014,-1.9555542944518824
EVRG,"Evergy, Inc.",Utilities,Utilities - Regulated Electric,2010-01-04,2026-09-29,4106,78.7300033569336,2026-11-10,High,615.921340001439,0.0564445545723734,16.099926003639613,20.78809308469588,-0.7387424897736489,Low Risk,Near-Sector Volatility,5961600000.0,855600000.0,2760400000.0,3.71,14.351851851851851,13.756902310995978,4.324734794259073,46.30300590445518,41.91501976342937,10.468767916111798,Above-Sector Profitability,78.09044246514068,-0.8123470907188601,Neutral Forecast,Stable Watchlist,Weighted Ensemble,Classified,83.36084086828197,0.6287355787256497,82.83999633789062,81.6206662495931,84.79673440115792,84.41610478224342,78.7300033569336,79.1021,89.5503,2026-11-10,78.09044246514068,-0.8123470907188601,77.20577899823115,-1.936014598897137,,,78.7300033569336,80.29714023548769,80.75866673787435,74.47971816143863,85.86767041015443,2026-09-29,78.7300033569336,78.7300033569336,0.1609992600363961,0.1609992600363961,2191956.6666666665,751,0.822412,0.011236,1.4769258333333335,30.6095,20.0,9.1759,14.9656,3.5176,21.7315,0.855874,0.82608,2.205344,0.822412,3.283951,0.867894,Stable Watchlist,-0.8123470907188601,78.09044246514068,78.09044246514068,Weighted Ensemble,Adaptive Momentum,Constrained dynamic ensemble excluding XGBoost,2026-07-03,2026-05-22,83.94000244140625,80.02884863980208,93.7770124106941,83.94000244140625,82.0880002339681,85.14338977336912,85.49665486240147,90.7683855241592,87.1997800312153,86.63063160400182,3.2054194476271856,2026-07-07,2026-05-26,84.11000061035156,86.1834368425146,86.06078155602077,85.33754694098128,1.4594534796361005,naive,0.6845551384819879,0.8443042830047192,0.8224120445809657,2026-11-10,2026-09-29,78.7300033569336,72.75952105657974,83.81194812510364,78.7300033569336,80.75866673787435,80.29714023548769,85.86767041015443,74.47971816143863,77.20577899823115,78.09044246514068,-0.8123470907188601
EXC,Exelon Corporation,Utilities,Utilities - Regulated Electric,2010-01-04,2026-09-29,4106,40.650001525878906,2026-11-10,High,150.24089000715898,0.0323781317189269,19.52777313690998,20.78809308469588,8.12457591614585,Low Risk,Near-Sector Volatility,24258000000.0,2768000000.0,9058000000.0,2.707353,11.410668645395331,13.756902310995978,-17.054956214418166,37.340258883667246,41.91501976342937,-10.914371281660658,Below-Sector Profitability,39.46080426705942,-2.925454401428269,Negative Forecast,Needs Further Review,Weighted Ensemble,Negative adaptive forecast plus below-sector profitability,46.19179249158295,0.4387710496880219,45.9900016784668,47.76500002543131,46.07930328732445,49.3747162927026,40.650001525878906,41.0254,48.0128,2026-11-10,39.46080426705942,-2.925454401428269,38.673572925762286,-4.86206279440942,,,40.650001525878906,40.82056386435952,43.079000091552736,36.33330365623983,44.90866612569628,2026-09-29,40.650001525878906,40.650001525878906,0.1952777313690998,0.1952777313690998,7328850.0,751,0.963978,0.0,1.7746425,30.6504,20.0,8.7916,14.7579,3.296,22.5042,1.002519,0.96631,2.64122,0.963978,4.056948,1.01688,Needs Further Review,-2.925454401428269,39.46080426705942,39.46080426705942,Weighted Ensemble,Adaptive Momentum,Constrained dynamic ensemble excluding XGBoost,2026-07-03,2026-05-22,46.22999954223633,44.355962993793256,53.74791117022605,46.22999954223633,45.90100021362305,46.4774419604121,47.81378682405849,53.95171441759523,48.74707336885402,48.82663575201792,5.616777494036671,2026-07-07,2026-05-26,46.02999877929688,52.02258030905927,47.80646295663396,48.031803942334,4.348914221430497,naive,0.4357777489556203,0.5576258988202712,0.9639784204625408,2026-11-10,2026-09-29,40.650001525878906,36.21761156431533,42.99441642191052,40.650001525878906,43.079000091552736,40.82056386435952,44.90866612569628,36.33330365623983,38.673572925762286,39.46080426705942,-2.925454401428269
FE,FirstEnergy Corp.,Utilities,Utilities - Regulated Electric,2010-01-04,2026-09-29,4106,43.63999938964844,2026-11-10,High,112.7348732671646,0.0293327081624371,17.2218163478815,20.78809308469588,12.153717143844348,Low Risk,Near-Sector Volatility,15090000000.0,1020000000.0,4906000000.0,1.77,6.759443339960239,13.756902310995978,-50.86507712890152,32.5115970841617,41.91501976342937,-22.43449420360791,Below-Sector Profitability,42.26746232430023,-3.14513539079878,Negative Forecast,Needs Further Review,Weighted Ensemble,Negative adaptive forecast plus below-sector profitability,47.70403702395552,0.3872823325315906,47.52000045776367,50.00233319600423,48.25042733691988,49.94306500782659,43.63999938964844,42.0481,47.3388,2026-11-10,42.26746232430023,-3.14513539079878,41.81865304533216,-4.173570966520924,,,43.63999938964844,44.15210583503617,45.696333440144855,38.93872558985852,47.575443233806745,2026-09-29,43.63999938964844,43.63999938964844,0.172218163478815,0.172218163478815,4011836.6666666665,751,0.856089,0.52809,1.8498718333333333,30.5174,20.0,7.8075,14.3226,2.3879,24.9646,0.870799,0.856089,2.704403,0.857578,4.931783,0.878579,Needs Further Review,-3.14513539079878,42.26746232430023,42.26746232430023,Weighted Ensemble,Adaptive Momentum,Constrained dynamic ensemble excluding XGBoost,2026-07-03,2026-05-22,46.310001373291016,45.00751237890648,52.47807747608071,46.310001373291016,47.2413330078125,46.68173161590679,51.15641650313678,52.79659660529874,47.93350890677765,48.59946215366911,4.943771782521527,2026-07-07,2026-05-26,46.63999938964844,53.33712625843891,48.31525097993696,48.96507702384406,4.985157943015891,drift,0.40164974897827055,0.5085866961740526,0.8560894262448288,2026-11-10,2026-09-29,43.63999938964844,39.1884687885667,45.58836888920153,43.63999938964844,45.696333440144855,44.15210583503617,47.575443233806745,38.93872558985852,41.81865304533216,42.26746232430023,-3.14513539079878
LNT,Alliant Energy Corporation,Utilities,Utilities - Regulated Electric,2010-01-04,2026-09-29,4106,64.33999633789062,2026-11-10,High,748.8668664706846,0.0598729793034503,18.48338283496897,20.78809308469588,-4.9512806237783575,Low Risk,Near-Sector Volatility,4362000000.0,810000000.0,1993000000.0,3.15,18.56946354883081,13.756902310995978,34.98288443894904,45.69005043558001,41.91501976342937,9.006391249382963,Above-Sector Profitability,63.06254283905673,-1.985473378215884,Neutral Forecast,Stable Watchlist,Weighted Ensemble,Classified,73.90342036582956,0.6447229452352464,73.43000030517578,71.82333297729492,75.06588599795387,72.1880185604115,64.33999633789062,70.4192,79.2837,2026-11-10,63.06254283905673,-1.985473378215884,62.43265580395818,-2.964471001701304,,,64.33999633789062,65.1957910930916,66.96566645304362,59.63342926285449,72.61329032564286,2026-09-29,64.33999633789062,64.33999633789062,0.1848338283496897,0.1848338283496897,2273303.333333333,751,0.945838,0.0,2.093112833333333,31.0883,20.0,6.8216,13.9734,2.2232,25.8935,0.947051,0.954627,3.452463,0.945838,5.302577,0.956121,Stable Watchlist,-1.985473378215884,63.06254283905673,63.06254283905673,Weighted Ensemble,Adaptive Momentum,Constrained dynamic ensemble excluding XGBoost,2026-07-03,2026-05-22,73.94999694824219,71.14037535351314,82.09937302832616,73.94999694824219,72.48133290608725,74.97099928743988,74.01010368727697,80.92921218988273,76.90947077116219,76.42368882436398,3.345087191623733,2026-07-07,2026-05-26,73.68000030517578,77.43256932960092,75.41264047591586,75.143102506089,1.985752164567288,naive,0.6775552537706162,0.8407189439403885,0.9458380071848471,2026-11-10,2026-09-29,64.33999633789062,58.14566760605749,68.39519560204623,64.33999633789062,66.96566645304362,65.1957910930916,72.61329032564286,59.63342926285449,62.43265580395818,63.06254283905673,-1.985473378215884
NEE,"NextEra Energy, Inc.",Utilities,Utilities - Regulated Electric,2010-01-04,2026-09-29,4106,75.88999938964844,2026-11-10,High,1080.5776506905715,0.0701168636180504,17.13540082678504,20.78809308469588,7.6763918946948975,Low Risk,Near-Sector Volatility,27412000000.0,6835000000.0,16043000000.0,3.281325,24.93433532759375,13.756902310995978,81.24963573858909,58.52546330074419,41.91501976342937,39.62885770080763,Above-Sector Profitability,71.79345556711297,-5.398002181423451,Negative Forecast,Weak Fundamentals / Negative Forecast,Weighted Ensemble,Positive adaptive forecast with manageable risk and no weak fundamentals flag,98.5347290991575,0.6689128158068931,97.87999725341795,92.79100087483724,101.75764519827705,88.36641017663712,75.88999938964844,94.9517,112.9773,2026-11-10,71.79345556711297,-5.398002181423451,70.61800310784743,-6.94689198076357,,,75.88999938964844,77.03742506346919,81.6519999186198,62.252627032966245,88.14558718454745,2026-09-29,75.88999938964844,75.88999938964844,0.1713540082678504,0.1713540082678504,11598540.0,751,0.84402,0.033708,2.8135371666666664,32.7428,20.0,7.0735,15.6457,1.309,23.229,0.868194,0.850972,3.651563,0.84402,9.767172,0.899302,Weak Fundamentals / Negative Forecast,-5.398002181423451,71.79345556711297,71.79345556711297,Weighted Ensemble,Adaptive Momentum,Constrained dynamic ensemble excluding XGBoost,2026-07-03,2026-05-22,88.55000305175781,76.11854999489566,94.62579823595928,88.55000305175781,93.18899968465168,89.17870069249958,98.85797085512608,76.19128538224425,82.96707341498876,84.86918494854758,-4.156767901022857,2026-07-07,2026-05-26,87.6500015258789,69.18837431995372,82.04344219601826,82.57159123188478,-5.793964866611794,naive,0.7159997728135851,0.9213163288190199,0.8440202675054135,2026-11-10,2026-09-29,75.88999938964844,66.58889400264007,77.40480360077267,75.88999938964844,81.6519999186198,77.03742506346919,88.14558718454745,62.252627032966245,70.61800310784743,71.79345556711297,-5.398002181423451
NI,NiSource Inc.,Utilities,Utilities - Regulated Gas,2010-01-04,2026-09-29,4106,39.31999969482422,2026-11-10,High,1279.8532061430628,0.0733885349457704,19.008580420675152,20.78809308469588,4.605107877859179,Low Risk,Near-Sector Volatility,6642200000.0,929500000.0,3045900000.0,1.96,13.9938574568667,13.756902310995978,1.7224455078184555,45.85679443557857,41.91501976342937,9.404205686641182,Above-Sector Profitability,38.39662937568681,-2.348347727121059,Negative Forecast,Needs Further Review,Weighted Ensemble,Classified,48.607266082252565,0.677852757312054,48.27999877929688,47.1913335164388,49.42590250287737,46.71160908900782,39.31999969482422,46.0285,52.2318,2026-11-10,38.39662937568681,-2.348347727121059,37.9854105951676,-3.394173728420179,,,39.31999969482422,40.15998191160983,40.76833318074544,35.74348255049512,45.02037471170642,2026-09-29,39.31999969482422,39.31999969482422,0.1900858042067515,0.1900858042067515,5529653.333333333,751,0.973522,0.022472,2.470663833333333,31.104,20.0,7.4803,14.8428,1.7871,24.7858,1.008354,0.985658,3.377562,0.973522,7.461366,1.017521,Needs Further Review,-2.348347727121059,38.39662937568681,38.39662937568681,Weighted Ensemble,Adaptive Momentum,Constrained dynamic ensemble excluding XGBoost,2026-07-03,2026-05-22,47.84999847412109,45.63516487806669,53.290746967685045,47.84999847412109,47.53233311971029,48.92904453537104,48.46707512621792,51.40663501866878,49.19262277495158,49.31462282473262,3.060866034099559,2026-07-07,2026-05-26,47.79999923706055,50.18647078713512,48.833964182493055,48.9125889887028,2.327593659833425,naive,0.4340003543429906,0.5431414348096983,0.9735217312347285,2026-11-10,2026-09-29,39.31999969482422,35.321346688816945,41.73966413009479,39.31999969482422,40.76833318074544,40.15998191160983,45.02037471170642,35.74348255049512,37.9854105951676,38.39662937568681,-2.348347727121059
NRG,"NRG Energy, Inc.",Utilities,Utilities - Independent Power Producers,2010-01-04,2026-09-29,4106,97.16999816894533,2026-11-10,Moderate,772.994291896085,0.0801476045803424,52.39969763554561,20.78809308469588,78.83360492005897,Medium Risk,Above-Sector Volatility,30713000000.0,864000000.0,3429000000.0,4.09,2.813141015205288,13.756902310995978,-79.5510577046351,11.164653404095985,41.91501976342937,-73.36359742376386,Below-Sector Profitability,90.53884686659188,-6.824278509117762,Negative Forecast,Weak Fundamentals / Negative Forecast,Weighted Ensemble,Classified,156.58676367700463,0.6471023486959382,155.5800018310547,155.67999979654948,161.222046261742,225.12738604169795,97.16999816894533,126.7012,180.0921,2026-11-10,90.53884686659188,-6.824278509117762,87.19971766435141,-10.260657293889226,,,97.16999816894533,100.93454617312764,109.47466684977212,74.87453322636487,109.83325589993866,2026-09-29,97.16999816894533,97.16999816894533,0.5239969763554561,0.5239969763554561,2761660.0,751,2.406563,0.0,4.907853666666667,30.3174,20.0,7.6065,14.5144,2.425,25.1368,2.480971,2.429476,7.714486,2.406563,11.907101,2.508525,Weak Fundamentals / Negative Forecast,-6.824278509117762,90.53884686659188,90.53884686659188,Weighted Ensemble,Adaptive Momentum,Constrained dynamic ensemble excluding XGBoost,2026-07-03,2026-05-22,137.64999389648438,112.39163350160752,175.65677220724828,137.64999389648438,148.62166570027668,145.57961677135106,155.1665030605514,136.27914629990536,138.04186871221972,140.50747867637654,2.075906216197182,2026-07-07,2026-05-26,140.42999267578125,150.2546261004114,144.81749951760204,146.68838969131178,4.456595700307165,naive,2.9976667616102426,4.177333601475589,2.4065634857445084,2026-11-10,2026-09-29,97.16999816894533,71.92681960707233,113.96698528744848,97.16999816894533,109.47466684977212,100.93454617312764,109.83325589993866,74.87453322636487,87.19971766435141,90.53884686659188,-6.824278509117762
PEG,Public Service Enterprise Group Incorporated,Utilities,Utilities - Regulated Electric,2010-01-04,2026-09-29,4106,67.68000030517578,2026-11-10,High,345.9916404745704,0.0450439140427775,17.36098868659916,20.78809308469588,0.1528483919033728,Low Risk,Near-Sector Volatility,12168000000.0,2111000000.0,4794000000.0,4.22,17.34878369493754,13.756902310995978,26.10966700745233,39.39842209072978,41.91501976342937,-6.004047443859987,Above-Sector Profitability,65.27715261535631,-3.550306854291948,Negative Forecast,Needs Further Review,Weighted Ensemble,Classified,82.12297742056063,0.5669528994474897,81.66000366210938,81.03400039672852,81.96958996000744,81.19181553604689,67.68000030517578,76.3814,88.52,2026-11-10,65.27715261535631,-3.550306854291948,64.37621610830868,-4.881477810239378,,,67.68000030517578,68.25939733722689,71.70266647338867,60.083244924158215,74.13413798894776,2026-09-29,67.68000030517578,67.68000030517578,0.1736098868659916,0.1736098868659916,3084426.6666666665,751,0.873589,0.561798,1.8047825,30.8477,20.0,6.9286,14.0464,2.5782,25.5991,0.873589,0.891043,3.13599,0.884095,4.15799,0.885988,Needs Further Review,-3.550306854291948,65.27715261535631,65.27715261535631,Weighted Ensemble,Adaptive Momentum,Constrained dynamic ensemble excluding XGBoost,2026-07-03,2026-05-22,79.51000213623047,75.08295036492126,89.62283680343899,79.51000213623047,79.37566731770833,80.33880602626022,80.24588720981957,87.09979098259129,81.95088508546583,82.03137818710623,3.1711432312071826,2026-07-07,2026-05-26,80.06999969482422,87.69031932953602,82.60643395433625,82.56566259471604,3.1168513917868137,adaptive_blended_momentum,0.6690921494849622,0.8573920221386485,0.8735893608539701,2026-11-10,2026-09-29,67.68000030517578,60.48502625958049,70.4489510392431,67.68000030517578,71.70266647338867,68.25939733722689,74.13413798894776,60.083244924158215,64.37621610830868,65.27715261535631,-3.550306854291948
PNW,Pinnacle West Capital Corporation,Utilities,Utilities - Regulated Electric,2010-01-04,2026-09-29,4106,93.4000015258789,2026-11-10,High,447.09075077253385,0.0498851610639648,17.56465623932127,20.78809308469588,-0.8288625225729792,Low Risk,Near-Sector Volatility,5339939000.0,616531000.0,2129952000.0,5.15,11.545656233151728,13.756902310995978,-16.073720870117604,39.8871972133015,41.91501976342937,-4.837937716773157,Below-Sector Profitability,92.53125932666411,-0.9301308190814872,Neutral Forecast,Stable Watchlist,Weighted Ensemble,Classified,104.33945216505305,0.5972338382756026,103.72000122070312,101.59799982706706,105.1636615934826,91.6710628928981,93.4000015258789,98.4145,110.9094,2026-11-10,92.53125932666411,-0.9301308190814872,91.67692016268764,-1.8448408298086,,,93.4000015258789,94.41575908309824,96.10599975585936,89.04076345324287,105.90621606478528,2026-09-29,93.4000015258789,93.4000015258789,0.1756465623932127,0.1756465623932127,1047936.6666666666,751,0.86768,0.011236,2.0591931666666667,32.2528,20.0,7.3055,15.1546,2.3034,22.9836,0.905738,0.876269,3.341439,0.86768,5.442168,0.921865,Stable Watchlist,-0.9301308190814872,92.53125932666411,92.53125932666411,Weighted Ensemble,Adaptive Momentum,Constrained dynamic ensemble excluding XGBoost,2026-07-03,2026-05-22,102.94000244140624,99.34222775543545,115.43254353097394,102.94000244140624,101.603000386556,104.10434514243562,101.5065194938833,114.85374232516703,107.1586335462911,107.08560141234317,4.027199215675757,2026-07-07,2026-05-26,102.83000183105467,112.78808874031454,106.20750860628154,106.27659954625712,3.3517433179327094,naive,0.8836668226453986,1.1328100238873247,0.8676797549072652,2026-11-10,2026-09-29,93.4000015258789,85.66169835491546,99.95171841099808,93.4000015258789,96.10599975585936,94.41575908309824,105.90621606478528,89.04076345324287,91.67692016268764,92.53125932666411,-0.9301308190814872
PPL,PPL Corporation,Utilities,Utilities - Regulated Electric,2010-01-04,2026-09-29,4106,32.58000183105469,2026-11-10,High,160.59913656881392,0.0319401280631617,18.88520052310483,20.78809308469588,0.0,Low Risk,Near-Sector Volatility,9042000000.0,1181000000.0,3696000000.0,1.6,13.061269630612696,13.756902310995978,-5.05660841850464,40.87591240875913,41.91501976342937,-2.4790811516611964,Below-Sector Profitability,32.20568570108928,-1.148913778171173,Neutral Forecast,Stable Watchlist,Weighted Ensemble,Negative adaptive forecast plus below-sector profitability,37.608620593666885,0.4503792017706128,37.43999862670898,38.42000045776367,37.698611032395135,38.44875759980647,32.58000183105469,33.6476,38.2928,2026-11-10,32.20568570108928,-1.148913778171173,31.72576768028203,-2.621958572017075,,,32.58000183105469,33.063078428458205,33.996667035420735,30.70530471635892,35.08750382016192,2026-09-29,32.58000183105469,32.58000183105469,0.1888520052310483,0.1888520052310483,7163100.0,751,0.941395,0.011236,1.781556,30.6257,20.0,9.3417,15.008,2.909,22.1156,0.982924,0.947997,2.400054,0.941395,4.420193,0.996773,Stable Watchlist,-1.148913778171173,32.20568570108928,32.20568570108928,Weighted Ensemble,Adaptive Momentum,Constrained dynamic ensemble excluding XGBoost,2026-07-03,2026-05-22,36.31999969482422,33.99344610528156,40.26213891443832,36.31999969482422,37.40299987792969,36.76420406709767,38.10558924956632,37.57830049686974,36.79708789238478,36.99525441555063,1.8591815154190143,2026-07-07,2026-05-26,36.119998931884766,35.762369648194635,36.093927090851054,36.31592528423201,0.5424317777991126,naive,0.33177786933051207,0.41976462450844504,0.9413953569920038,2026-11-10,2026-09-29,32.58000183105469,29.64230895700259,34.99073547144582,32.58000183105469,33.996667035420735,33.063078428458205,35.08750382016192,30.70530471635892,31.72576768028203,32.20568570108928,-1.148913778171173
SO,The Southern Company,Utilities,Utilities - Regulated Electric,2010-01-04,2026-09-29,4106,83.44999694824219,2026-11-10,High,490.19960803647473,0.0504935389998618,17.17236246585341,20.78809308469588,-7.948342462383477,Low Risk,Near-Sector Volatility,29553000000.0,4341000000.0,14267000000.0,3.94,14.688864074713226,13.756902310995978,6.774503028725631,48.2759787500423,41.91501976342937,15.17584632552847,Above-Sector Profitability,81.47766062864372,-2.3634947773835893,Negative Forecast,Needs Further Review,Weighted Ensemble,Classified,97.28695707054,0.6069908384919198,96.6999969482422,95.1823336283366,97.67093731108169,98.76108694380385,83.44999694824219,92.6381,106.331,2026-11-10,81.47766062864372,-2.3634947773835893,80.28198368465532,-3.7963012336019055,,,83.44999694824219,84.40922374267211,87.41333287556967,76.37789830997247,91.85330726435993,2026-09-29,83.44999694824219,83.44999694824219,0.1717236246585341,0.1717236246585341,6112186.666666667,751,0.858819,0.0,1.6546113333333334,30.6937,20.0,7.5004,14.0805,3.048,24.6773,0.878151,0.866883,2.806241,0.858819,3.629288,0.888286,Needs Further Review,-2.3634947773835893,81.47766062864372,81.47766062864372,Weighted Ensemble,Adaptive Momentum,Constrained dynamic ensemble excluding XGBoost,2026-07-03,2026-05-22,94.5500030517578,89.69434121274215,105.85031955037202,94.5500030517578,94.05233383178712,95.62861715248148,93.85475751546596,103.30422927006904,97.12001569846586,97.43805560061664,3.054524014428517,2026-07-07,2026-05-26,94.08999633789062,97.12360296613257,94.89308824874792,95.21805838453072,1.1989181534124669,naive,0.7918893602159287,1.001867200166449,0.8588192609154073,2026-11-10,2026-09-29,83.44999694824219,75.55879042583872,87.86018336320858,83.44999694824219,87.41333287556967,84.40922374267211,91.85330726435993,76.37789830997247,80.28198368465532,81.47766062864372,-2.3634947773835893
SRE,Sempra,Utilities,Utilities - Diversified,2010-01-04,2026-09-29,4106,78.18000030517578,2026-11-10,High,466.4452503084651,0.0521818485436031,22.2759920077029,20.78809308469588,7.049589973489417,Low Risk,Near-Sector Volatility,13702000000.0,1837000000.0,5678000000.0,2.75,13.406801926726024,13.756902310995978,-2.544907104487576,41.43920595533499,41.91501976342937,-1.135186887134727,Below-Sector Profitability,75.44729683415376,-3.4953996678880874,Negative Forecast,Needs Further Review,Weighted Ensemble,Classified,95.6924331376962,0.6017981229870567,95.12000274658205,95.44200007120769,97.73907034737724,95.3152000747757,78.18000030517578,89.1033,101.8691,2026-11-10,75.44729683415376,-3.4953996678880874,74.07575854665137,-5.249733617937444,,,78.18000030517578,78.74644394170981,82.78199920654296,69.77737580227897,87.17837564821434,2026-09-29,78.18000030517578,78.18000030517578,0.222759920077029,0.222759920077029,3927636.6666666665,751,1.11114,0.0,2.5255058333333333,30.4918,20.0,7.9818,14.3126,1.8666,25.3471,1.136744,1.118157,3.250004,1.11114,7.398921,1.138069,Needs Further Review,-3.4953996678880874,75.44729683415376,75.44729683415376,Weighted Ensemble,Adaptive Momentum,Constrained dynamic ensemble excluding XGBoost,2026-07-03,2026-05-22,92.8000030517578,86.53291019174272,103.6795620054298,92.8000030517578,93.18533376057944,93.67995536388186,99.91361322623302,96.71672726560276,94.41826333172276,94.7190278018893,2.067914533430771,2026-07-07,2026-05-26,91.5500030517578,87.81493321985478,91.131204113445,91.11091489903956,-0.4796156614762632,naive,0.9700008816189224,1.222220849273355,1.1111404220056935,2026-11-10,2026-09-29,78.18000030517578,68.41569880794822,83.2015852905328,78.18000030517578,82.78199920654296,78.74644394170981,87.17837564821434,69.77737580227897,74.07575854665137,75.44729683415376,-3.4953996678880874
WEC,"WEC Energy Group, Inc.",Utilities,Utilities - Regulated Electric,2010-01-04,2026-09-29,4106,102.58000183105467,2026-11-10,High,708.1055559755735,0.0587377700112076,17.3924776928794,20.78809308469588,-4.806684444374772,Low Risk,Near-Sector Volatility,9800100000.0,1558700000.0,4069200000.0,4.84,15.9049397455128,13.756902310995978,15.614252292828183,41.52202528545627,41.91501976342937,-0.9375982170381392,Above-Sector Profitability,102.07380411498988,-0.4934662770804902,Neutral Forecast,Stable Watchlist,Weighted Ensemble,Classified,118.69526705120424,0.6403803579478705,117.94000244140624,115.39200032552084,119.41116133190334,120.1507735500604,102.58000183105467,113.4737,127.9443,2026-11-10,102.07380411498988,-0.4934662770804902,100.96819532941186,-1.57126776454674,,,102.58000183105467,103.76211487599817,105.2543332417806,99.83983561584358,109.836302365284,2026-09-29,102.58000183105467,102.58000183105467,0.173924776928794,0.173924776928794,2546270.0,751,0.911058,0.011236,1.7264123333333334,30.5357,20.0,7.8547,14.2085,2.9044,24.4968,0.937121,0.919325,2.667676,0.911058,3.973521,0.949773,Stable Watchlist,-0.4934662770804902,102.07380411498988,102.07380411498988,Weighted Ensemble,Adaptive Momentum,Constrained dynamic ensemble excluding XGBoost,2026-07-03,2026-05-22,113.41000366210938,107.817622173656,124.39576221135252,113.41000366210938,113.95500055948894,114.5190919718068,116.00694053194276,118.82629186468476,115.86575384564038,115.81042824421108,2.116589810942473,2026-07-07,2026-05-26,112.98999786376952,113.65258005838686,114.28508120036877,113.98179692981152,0.8777759844174794,naive,1.0103333367241762,1.2156741418346313,0.9110581158733356,2026-11-10,2026-09-29,102.58000183105467,94.5672829806299,110.17617465693124,102.58000183105467,105.2543332417806,103.76211487599817,109.836302365284,99.83983561584358,100.96819532941186,102.07380411498988,-0.4934662770804902
XEL,Xcel Energy Inc.,Utilities,Utilities - Regulated Electric,2010-01-04,2026-09-29,4106,70.69000244140625,2026-11-10,High,586.2220255813226,0.0545067488266031,19.63959531938785,20.78809308469588,-6.168120635751364,Low Risk,Near-Sector Volatility,14669000000.0,2018000000.0,6213000000.0,3.44,13.756902310995978,13.756902310995978,0.0,42.35462540050447,41.91501976342937,1.0488021705733526,Above-Sector Profitability,69.48170240607418,-1.7092940919525532,Neutral Forecast,Stable Watchlist,Weighted Ensemble,Positive adaptive forecast with manageable risk and no weak fundamentals flag,83.46786837049291,0.6243175904802675,82.94999694824219,79.64633305867513,84.66985775175549,85.56928683085968,70.69000244140625,80.1671,93.2957,2026-11-10,69.48170240607418,-1.7092940919525532,67.96703771919498,-3.851979952141455,,,70.69000244140625,71.4016645538468,74.72766723632813,65.55377796109626,77.10894534479438,2026-09-29,70.69000244140625,70.69000244140625,0.1963959531938785,0.1963959531938785,5826340.0,751,0.977955,0.0,1.7533833333333335,30.6863,20.0,9.5344,14.7776,3.3242,21.6775,1.008799,0.978471,2.417087,0.977955,4.1071,1.030888,Stable Watchlist,-1.7092940919525532,69.48170240607418,69.48170240607418,Weighted Ensemble,Adaptive Momentum,Constrained dynamic ensemble excluding XGBoost,2026-07-03,2026-05-22,81.08000183105469,76.01357268555498,90.97886663450863,81.08000183105469,80.02533391316732,81.76868249885571,83.77003454386562,86.36894277109825,83.7062640569235,83.16025908913244,2.565684769485273,2026-07-07,2026-05-26,80.77999877929688,81.32241520667556,82.29433759803463,81.55215882202128,0.9558802356930778,naive,0.7578886244032118,0.96170594173102,0.977955252693325,2026-11-10,2026-09-29,70.69000244140625,63.73985068375155,75.74079508279935,70.69000244140625,74.72766723632813,71.4016645538468,77.10894534479438,65.55377796109626,67.96703771919498,69.48170240607418,-1.7092940919525532
