snapshot_date,symbol,company_name,sector,industry,latest_close,forecast_30d_price,forecast_30d_upside_pct,forecast_signal,final_signal,investment_signal,risk_level,model_reliability,annualized_volatility_pct,best_model_mape,dashboard_forecast_method,return_5d_pct,return_10d_pct,return_30d_pct,direction_correct_5d,direction_correct_10d,direction_correct_30d,hit_5d,hit_10d,hit_30d,outcome_status
2026-05-29,ALB,Albemarle Corporation,Basic Materials,Specialty Chemicals,176.4199981689453,169.1857693768854,-4.10057185531325,Negative Forecast,Needs Further Review,Needs Further Review,High Risk,Moderate,61.83282869322871,3.0035279463565674,Weighted Ensemble,,,,,,,,,,pending
2026-05-29,APD,"Air Products and Chemicals, Inc.",Basic Materials,Specialty Chemicals,278.6199951171875,260.6795546708788,-6.439035518166218,Negative Forecast,Weak Fundamentals / Negative Forecast,Weak Fundamentals / Negative Forecast,Low Risk,High,23.203872505797012,1.0543874560387512,Weighted Ensemble,,,,,,,,,,pending
2026-05-29,CE,Celanese Corporation,Basic Materials,Chemicals,53.130001068115234,49.75690475671455,-6.348760104627542,Negative Forecast,Weak Fundamentals / Negative Forecast,Weak Fundamentals / Negative Forecast,High Risk,Moderate,61.33358005538712,2.6950426579230133,Weighted Ensemble,,,,,,,,,,pending
2026-05-29,CF,"CF Industries Holdings, Inc.",Basic Materials,Agricultural Inputs,112.3499984741211,103.8268896107908,-7.586211819391823,Negative Forecast,Weak Fundamentals / Negative Forecast,Weak Fundamentals / Negative Forecast,High Risk,Moderate,56.02581370598242,2.725429621588916,Weighted Ensemble,,,,,,,,,,pending
2026-05-29,CTVA,"Corteva, Inc.",Basic Materials,Agricultural Inputs,78.27999877929688,74.348383295961,-5.0225032506971505,Negative Forecast,Weak Fundamentals / Negative Forecast,Weak Fundamentals / Negative Forecast,Low Risk,High,23.567418246571386,1.168751006749769,Weighted Ensemble,,,,,,,,,,pending
2026-05-29,DD,"DuPont de Nemours, Inc.",Basic Materials,Specialty Chemicals,48.41999816894531,47.416959318683375,-2.0715383894938832,Negative Forecast,Needs Further Review,Needs Further Review,Medium Risk,High,36.05333734307381,1.7279369626731065,Weighted Ensemble,,,,,,,,,,pending
2026-05-29,DOW,Dow Inc.,Basic Materials,Chemicals,33.75,30.001691203271676,-11.106100138454291,Negative Forecast,Weak Fundamentals / Negative Forecast,Weak Fundamentals / Negative Forecast,Medium Risk,Moderate,50.07100773212091,2.3865204498304355,Weighted Ensemble,,,,,,,,,,pending
2026-05-29,ECL,Ecolab Inc.,Basic Materials,Specialty Chemicals,256.0,264.82763041934766,3.448293132557678,Positive Forecast,Needs Further Review,Needs Further Review,Low Risk,High,23.18865971328997,1.1189129789839227,Weighted Ensemble,,,,,,,,,,pending
2026-05-29,EMN,Eastman Chemical Company,Basic Materials,Specialty Chemicals,75.87000274658203,79.6179663779805,4.93998088271759,Positive Forecast,Needs Further Review,Needs Further Review,Low Risk,High,34.357459410183885,1.6543976144614625,Weighted Ensemble,,,,,,,,,,pending
2026-05-29,FCX,Freeport-McMoRan Inc.,Basic Materials,Copper,65.70999908447266,66.47523786462352,1.1645697623083568,Neutral Forecast,Stable Watchlist,Stable Watchlist,Medium Risk,Moderate,54.725465449678566,2.690135412955681,Weighted Ensemble,,,,,,,,,,pending
2026-05-29,FMC,FMC Corporation,Basic Materials,Agricultural Inputs,13.65999984741211,13.44024340640114,-1.6087587369380638,Neutral Forecast,Stable Watchlist,Stable Watchlist,High Risk,Moderate,68.8617656458633,3.119941926286065,Weighted Ensemble,,,,,,,,,,pending
2026-05-29,IFF,International Flavors & Fragrances Inc.,Basic Materials,Specialty Chemicals,76.05000305175781,76.170124973672,0.1579512387822501,Neutral Forecast,Stable Watchlist,Stable Watchlist,Medium Risk,High,44.03785403792878,1.8086196270067023,Weighted Ensemble,,,,,,,,,,pending
2026-05-29,LIN,Linde plc,Basic Materials,Specialty Chemicals,497.69000244140625,484.66890202216007,-2.616307411314571,Negative Forecast,Needs Further Review,Needs Further Review,Low Risk,High,19.695793733375492,1.0292090107919791,Weighted Ensemble,,,,,,,,,,pending
2026-05-29,LYB,LyondellBasell Industries N.V.,Basic Materials,Specialty Chemicals,66.6500015258789,61.315737366325315,-8.003396905373512,Negative Forecast,Weak Fundamentals / Negative Forecast,Weak Fundamentals / Negative Forecast,Medium Risk,Moderate,52.215184363469525,2.4411105956714736,Weighted Ensemble,,,,,,,,,,pending
2026-05-29,MLM,"Martin Marietta Materials, Inc.",Basic Materials,Building Materials,581.6400146484375,594.9429563806873,2.2871434903409336,Positive Forecast,Needs Further Review,Needs Further Review,Low Risk,High,29.41091268082975,1.3759948134948297,Weighted Ensemble,,,,,,,,,,pending
2026-05-29,MOS,The Mosaic Company,Basic Materials,Agricultural Inputs,23.899999618530273,24.870990992035704,4.062725477002086,Positive Forecast,Needs Further Review,Needs Further Review,Medium Risk,Moderate,48.96679330790099,2.345774608785897,Weighted Ensemble,,,,,,,,,,pending
2026-05-29,NEM,Newmont Corporation,Basic Materials,Gold,109.80999755859376,107.0567306050962,-2.507300805674307,Negative Forecast,Needs Further Review,Needs Further Review,High Risk,Moderate,55.29032966236318,2.6556708550240504,Weighted Ensemble,,,,,,,,,,pending
2026-05-29,NUE,Nucor Corporation,Basic Materials,Steel,250.0,274.60991270234535,9.84396508093814,Positive Forecast,Potential Opportunity,Potential Opportunity,Low Risk,High,29.55306173235214,1.4941980408927256,Weighted Ensemble,,,,,,,,,,pending
2026-05-29,PPG,"PPG Industries, Inc.",Basic Materials,Specialty Chemicals,112.9800033569336,120.95469476584456,7.058498116447037,Positive Forecast,Potential Opportunity,Potential Opportunity,Medium Risk,High,36.81180139253574,1.8049509745715084,Weighted Ensemble,,,,,,,,,,pending
2026-05-29,SHW,The Sherwin-Williams Company,Basic Materials,Specialty Chemicals,303.8399963378906,299.6789402647305,-1.3694892454292784,Neutral Forecast,Stable Watchlist,Stable Watchlist,Low Risk,High,27.12540258453251,1.2975390049938982,Weighted Ensemble,,,,,,,,,,pending
2026-05-29,VMC,Vulcan Materials Company,Basic Materials,Building Materials,282.9200134277344,293.32832084296103,3.6788869366730856,Positive Forecast,Needs Further Review,Needs Further Review,Low Risk,High,30.78059188353285,1.4455720099268408,Weighted Ensemble,,,,,,,,,,pending
2026-05-29,CHTR,"Charter Communications, Inc.",Communication Services,Telecom Services,144.0500030517578,138.73318313881785,-3.690954391045452,Negative Forecast,Needs Further Review,Needs Further Review,High Risk,Moderate,67.08880917634474,2.555922829681803,Weighted Ensemble,,,,,,,,,,pending
2026-05-29,CMCSA,Comcast Corporation,Communication Services,Telecom Services,24.8700008392334,24.486883241858067,-1.5404808381467716,Neutral Forecast,Stable Watchlist,Stable Watchlist,Medium Risk,High,35.20632867389935,1.321676056719131,Weighted Ensemble,,,,,,,,,,pending
2026-05-29,DIS,The Walt Disney Company,Communication Services,Entertainment,101.83000183105467,98.66420879915596,-3.108900103086557,Negative Forecast,Needs Further Review,Needs Further Review,Low Risk,High,29.98729616452158,1.3286065731595047,Weighted Ensemble,,,,,,,,,,pending
2026-05-29,EA,Electronic Arts Inc.,Communication Services,Electronic Gaming & Multimedia,201.72000122070312,203.5473500523672,0.9058838095409204,Neutral Forecast,Stable Watchlist,Stable Watchlist,Low Risk,High,6.9729372185567104,0.2826647355661477,Weighted Ensemble,,,,,,,,,,pending
2026-05-29,FOX,Fox Corporation,Communication Services,Entertainment,57.38999938964844,56.73024396403848,-1.1495999871520477,Neutral Forecast,Stable Watchlist,Stable Watchlist,Low Risk,High,30.643033128114837,1.3752813792988927,Weighted Ensemble,,,,,,,,,,pending
2026-05-29,FOXA,Fox Corporation,Communication Services,Entertainment,63.91999816894531,63.15890565999232,-1.190695448615889,Neutral Forecast,Stable Watchlist,Stable Watchlist,Low Risk,High,31.341476956682353,1.3999494931083096,Weighted Ensemble,,,,,,,,,,pending
2026-05-29,GOOG,Alphabet Inc.,Communication Services,Internet Content & Information,376.4299926757813,365.16262380838066,-2.9932176199108604,Negative Forecast,Needs Further Review,Needs Further Review,Low Risk,High,30.43330549151027,1.333459255391762,Weighted Ensemble,,,,,,,,,,pending
2026-05-29,GOOGL,Alphabet Inc.,Communication Services,Internet Content & Information,380.3399963378906,369.1777885061441,-2.9347972706583585,Negative Forecast,Needs Further Review,Needs Further Review,Low Risk,High,31.17295174590579,1.3686656501435233,Weighted Ensemble,,,,,,,,,,pending
2026-05-29,LYV,"Live Nation Entertainment, Inc.",Communication Services,Entertainment,168.41000366210938,167.99835169826238,-0.2444343892260184,Neutral Forecast,Stable Watchlist,Stable Watchlist,Medium Risk,High,35.222953989473886,1.6535340131363323,Weighted Ensemble,,,,,,,,,,pending
2026-05-29,NFLX,"Netflix, Inc.",Communication Services,Entertainment,86.0199966430664,84.97043928249728,-1.2201318315835157,Neutral Forecast,Stable Watchlist,Stable Watchlist,Medium Risk,High,39.604217335954914,1.5863329430946698,Weighted Ensemble,,,,,,,,,,pending
2026-05-29,NWS,News Corporation,Communication Services,Entertainment,29.81999969482422,29.627728061244667,-0.6447740964025678,Neutral Forecast,Stable Watchlist,Stable Watchlist,Low Risk,High,28.379413573526417,1.326914263107026,Weighted Ensemble,,,,,,,,,,pending
2026-05-29,NWSA,News Corporation,Communication Services,Entertainment,26.100000381469727,25.968897209040527,-0.5023109981342335,Neutral Forecast,Stable Watchlist,Stable Watchlist,Low Risk,High,28.163915803595703,1.3003673646107572,Weighted Ensemble,,,,,,,,,,pending
2026-05-29,OMC,Omnicom Group Inc.,Communication Services,Advertising Agencies,72.70999908447266,73.68479486725715,1.3406626255791914,Neutral Forecast,Stable Watchlist,Stable Watchlist,Medium Risk,High,41.15558192967329,1.593803168758453,Weighted Ensemble,,,,,,,,,,pending
2026-05-29,T,AT&T Inc.,Communication Services,Telecom Services,24.799999237060547,24.925595576554727,0.506436868378979,Neutral Forecast,Stable Watchlist,Stable Watchlist,Low Risk,High,26.47988315468689,1.2465418873099765,Weighted Ensemble,,,,,,,,,,pending
2026-05-29,TMUS,"T-Mobile US, Inc.",Communication Services,Telecom Services,187.52999877929688,186.31272967048167,-0.6491063385798878,Neutral Forecast,Stable Watchlist,Stable Watchlist,Low Risk,High,28.01434408259756,1.3268640208555769,Weighted Ensemble,,,,,,,,,,pending
2026-05-29,TTWO,"Take-Two Interactive Software, Inc.",Communication Services,Electronic Gaming & Multimedia,224.16000366210935,209.43820216632173,-6.567541602104328,Negative Forecast,Weak Fundamentals / Negative Forecast,Weak Fundamentals / Negative Forecast,Medium Risk,High,38.16944511112983,1.7396524781500584,Weighted Ensemble,,,,,,,,,,pending
2026-05-29,VZ,Verizon Communications Inc.,Communication Services,Telecom Services,47.810001373291016,48.6314962709843,1.7182490568850128,Neutral Forecast,Stable Watchlist,Stable Watchlist,Low Risk,High,27.531224804643788,1.0624234156019703,Weighted Ensemble,,,,,,,,,,pending
2026-05-29,AAP,"Advance Auto Parts, Inc.",Consumer Cyclical,Auto Parts,60.2400016784668,70.02151421732145,16.237570163201248,Positive Forecast,Potential Opportunity,Potential Opportunity,High Risk,Moderate,56.37907638966636,2.6511323901942365,Weighted Ensemble,,,,,,,,,,pending
2026-05-29,AMCR,Amcor plc,Consumer Cyclical,Packaging & Containers,38.81999969482422,39.01986933238619,0.5148625428470124,Neutral Forecast,Stable Watchlist,Stable Watchlist,Medium Risk,High,38.83188203935461,1.8043929159102687,Weighted Ensemble,,,,,,,,,,pending
2026-05-29,AMZN,"Amazon.com, Inc.",Consumer Cyclical,Internet Retail,270.6400146484375,276.25447678933904,2.0745129459864784,Positive Forecast,Needs Further Review,Needs Further Review,Low Risk,High,29.84744825862547,1.4770648411546827,Weighted Ensemble,,,,,,,,,,pending
2026-05-29,APTV,Aptiv PLC,Consumer Cyclical,Auto Parts,67.94000244140625,81.8334330166816,20.449558545802983,Positive Forecast,Potential Opportunity,Potential Opportunity,Medium Risk,Moderate,46.35380156641575,2.1373867195210257,Weighted Ensemble,,,,,,,,,,pending
2026-05-29,AVY,Avery Dennison Corporation,Consumer Cyclical,Packaging & Containers,159.07000732421875,159.050554233162,-0.0122292639473582,Neutral Forecast,Stable Watchlist,Stable Watchlist,Low Risk,High,23.31005109618963,1.1429631298330705,Weighted Ensemble,,,,,,,,,,pending
2026-05-29,AZO,"AutoZone, Inc.",Consumer Cyclical,Auto Parts,2935.18994140625,2606.4821449898736,-11.19885945980356,Negative Forecast,Weak Fundamentals / Negative Forecast,Weak Fundamentals / Negative Forecast,Low Risk,High,33.35741462785282,1.564139009545456,Weighted Ensemble,,,,,,,,,,pending
2026-05-29,BBY,"Best Buy Co., Inc.",Consumer Cyclical,Specialty Retail,77.94999694824219,92.89931831646996,19.178091024370335,Positive Forecast,Potential Opportunity,Potential Opportunity,Medium Risk,High,42.042516117169434,1.8008878157901802,Weighted Ensemble,,,,,,,,,,pending
2026-05-29,BKNG,Booking Holdings Inc.,Consumer Cyclical,Travel Services,167.42999267578125,181.53919928352371,8.426929000148824,Positive Forecast,Potential Opportunity,Potential Opportunity,Medium Risk,Moderate,43.12200284491493,2.0547233457174605,Weighted Ensemble,,,,,,,,,,pending
2026-05-29,BWA,BorgWarner Inc.,Consumer Cyclical,Auto Parts,71.81999969482422,78.07089500633944,8.703557975600631,Positive Forecast,Potential Opportunity,Potential Opportunity,Medium Risk,Moderate,50.57098707833786,2.0780370779710764,Weighted Ensemble,,,,,,,,,,pending
2026-05-29,CCL,Carnival Corporation & plc,Consumer Cyclical,Travel Services,28.059999465942383,31.40463533285017,11.91958635269154,Positive Forecast,Potential Opportunity,Potential Opportunity,High Risk,Moderate,57.5670580586316,2.7043744081571433,Weighted Ensemble,,,,,,,,,,pending
2026-05-29,CMG,"Chipotle Mexican Grill, Inc.",Consumer Cyclical,Restaurants,31.86000061035156,31.35559774059487,-1.5831853738031656,Neutral Forecast,Stable Watchlist,Stable Watchlist,Low Risk,High,33.678865041519465,1.736973677235482,Weighted Ensemble,,,,,,,,,,pending
2026-05-29,DHI,"D.R. Horton, Inc.",Consumer Cyclical,Residential Construction,147.08999633789062,155.12180811121743,5.46047452124234,Positive Forecast,Potential Opportunity,Potential Opportunity,Low Risk,High,34.3907728824407,1.6995062596702906,Weighted Ensemble,,,,,,,,,,pending
2026-05-29,DPZ,"Domino's Pizza, Inc.",Consumer Cyclical,Restaurants,310.5799865722656,316.39522320188104,1.8723797028249036,Neutral Forecast,Stable Watchlist,Stable Watchlist,Low Risk,High,31.11494511603907,1.4678388420945108,Weighted Ensemble,,,,,,,,,,pending
2026-05-29,DRI,"Darden Restaurants, Inc.",Consumer Cyclical,Restaurants,203.91000366210935,212.56014485541004,4.242136745598064,Positive Forecast,Needs Further Review,Needs Further Review,Low Risk,High,27.435880582614192,1.367952825359505,Weighted Ensemble,,,,,,,,,,pending
2026-05-29,EBAY,eBay Inc.,Consumer Cyclical,Internet Retail,109.2699966430664,106.23283040193684,-2.779506117356771,Negative Forecast,Needs Further Review,Needs Further Review,Medium Risk,High,37.85118415950688,1.86721060852906,Weighted Ensemble,,,,,,,,,,pending
2026-05-29,EXPE,"Expedia Group, Inc.",Consumer Cyclical,Travel Services,225.7899932861328,237.50035699123043,5.186396232475032,Positive Forecast,Potential Opportunity,Potential Opportunity,High Risk,Moderate,57.313506473721965,2.4716830499621305,Weighted Ensemble,,,,,,,,,,pending
2026-05-29,F,Ford Motor Company,Consumer Cyclical,Auto Manufacturers,17.440000534057617,20.811522370102825,19.332120027526077,Positive Forecast,Potential Opportunity,Potential Opportunity,Medium Risk,High,45.10981917526702,1.944365730791888,Weighted Ensemble,,,,,,,,,,pending
2026-05-29,GM,General Motors Company,Consumer Cyclical,Auto Manufacturers,83.23999786376953,89.98336426772696,8.101113139134876,Positive Forecast,Potential Opportunity,Potential Opportunity,Medium Risk,High,35.990285492858106,1.672522705883707,Weighted Ensemble,,,,,,,,,,pending
2026-05-29,GPC,Genuine Parts Company,Consumer Cyclical,Auto Parts,98.6999969482422,99.83282314108584,1.1477469380649383,Neutral Forecast,Stable Watchlist,Stable Watchlist,Medium Risk,High,38.767651043529426,1.5595327754632915,Weighted Ensemble,,,,,,,,,,pending
2026-05-29,HAS,"Hasbro, Inc.",Consumer Cyclical,Leisure,86.16999816894531,79.42398616381989,-7.828724786438035,Negative Forecast,Weak Fundamentals / Negative Forecast,Weak Fundamentals / Negative Forecast,Medium Risk,High,36.80264737648477,1.595897520863881,Weighted Ensemble,,,,,,,,,,pending
2026-05-29,HD,"The Home Depot, Inc.",Consumer Cyclical,Home Improvement Retail,317.1400146484375,330.11173508721276,4.090218780230221,Positive Forecast,Needs Further Review,Needs Further Review,Low Risk,High,26.4062116716635,1.3623761249924669,Weighted Ensemble,,,,,,,,,,pending
2026-05-29,HLT,Hilton Worldwide Holdings Inc.,Consumer Cyclical,Lodging,327.6600036621094,342.0253297517486,4.38421715469828,Positive Forecast,Needs Further Review,Needs Further Review,Low Risk,High,25.53611360055757,1.2627078723784475,Weighted Ensemble,,,,,,,,,,pending
2026-05-29,HRB,"H&R Block, Inc.",Consumer Cyclical,Personal Services,38.4900016784668,41.74418378548259,8.454616692927669,Positive Forecast,Potential Opportunity,Potential Opportunity,High Risk,Moderate,56.1083073091177,2.2926783320376662,Weighted Ensemble,,,,,,,,,,pending
2026-05-29,IP,International Paper Company,Consumer Cyclical,Packaging & Containers,33.470001220703125,35.354166856084206,5.6294160940024565,Positive Forecast,Potential Opportunity,Potential Opportunity,Medium Risk,Moderate,47.83464658132698,2.260842599621937,Weighted Ensemble,,,,,,,,,,pending
2026-05-29,KMX,"CarMax, Inc.",Consumer Cyclical,Auto & Truck Dealerships,44.619998931884766,51.86547555277562,16.238181968474564,Positive Forecast,Potential Opportunity,Potential Opportunity,Medium Risk,Moderate,52.92358124221561,2.4383443980373714,Weighted Ensemble,,,,,,,,,,pending
2026-05-29,KSS,Kohl's Corporation,Consumer Cyclical,Department Stores,14.359999656677246,17.23591663031735,20.0272774540272,Positive Forecast,Potential Opportunity,Potential Opportunity,High Risk,Moderate,64.14458733526135,2.966530440130868,Weighted Ensemble,,,,,,,,,,pending
2026-05-29,LEG,"Leggett & Platt, Incorporated",Consumer Cyclical,"Furnishings, Fixtures & Appliances",10.270000457763672,11.034352176036068,7.442567519016801,Positive Forecast,Potential Opportunity,Potential Opportunity,Medium Risk,Moderate,47.77148773941745,2.1316442825399036,Weighted Ensemble,,,,,,,,,,pending
2026-05-29,LEN,Lennar Corporation,Consumer Cyclical,Residential Construction,89.77999877929688,94.3149627888211,5.051196336805906,Positive Forecast,Potential Opportunity,Potential Opportunity,Medium Risk,High,35.856350172444415,1.7612267349368051,Weighted Ensemble,,,,,,,,,,pending
2026-05-29,LKQ,LKQ Corporation,Consumer Cyclical,Auto Parts,27.1200008392334,27.990028186420098,3.208065340204793,Positive Forecast,Needs Further Review,Needs Further Review,Medium Risk,High,35.03283930020187,1.5906137963784217,Weighted Ensemble,,,,,,,,,,pending
2026-05-29,LOW,"Lowe's Companies, Inc.",Consumer Cyclical,Home Improvement Retail,214.36000061035156,206.2697367861755,-3.7741480692015528,Negative Forecast,Needs Further Review,Needs Further Review,Low Risk,High,29.212398951342895,1.4518974505808326,Weighted Ensemble,,,,,,,,,,pending
2026-05-29,LVS,Las Vegas Sands Corp.,Consumer Cyclical,Resorts & Casinos,50.56999969482422,50.730243882463235,0.316875990915651,Neutral Forecast,Stable Watchlist,Stable Watchlist,Medium Risk,High,38.77365074265549,1.5046711863760696,Weighted Ensemble,,,,,,,,,,pending
2026-05-29,MAR,"Marriott International, Inc.",Consumer Cyclical,Lodging,375.6000061035156,399.9302915034809,6.47771166256579,Positive Forecast,Potential Opportunity,Potential Opportunity,Low Risk,High,29.54652943388172,1.3898004708917997,Weighted Ensemble,,,,,,,,,,pending
2026-05-29,MCD,McDonald's Corporation,Consumer Cyclical,Restaurants,279.20001220703125,282.3913945893155,1.1430452158855156,Neutral Forecast,Stable Watchlist,Stable Watchlist,Low Risk,High,17.59885397105338,0.8541116904070091,Weighted Ensemble,,,,,,,,,,pending
2026-05-29,MGM,MGM Resorts International,Consumer Cyclical,Resorts & Casinos,43.66999816894531,50.279995807285296,15.136244367970908,Positive Forecast,Potential Opportunity,Potential Opportunity,Medium Risk,High,42.46882034200877,1.948949024492487,Weighted Ensemble,,,,,,,,,,pending
2026-05-29,MHK,"Mohawk Industries, Inc.",Consumer Cyclical,"Furnishings, Fixtures & Appliances",107.41999816894533,116.75979771115904,8.694656210591715,Positive Forecast,Potential Opportunity,Potential Opportunity,Medium Risk,High,39.84601208392879,1.8711688301628973,Weighted Ensemble,,,,,,,,,,pending
2026-05-29,NCLH,Norwegian Cruise Line Holdings Ltd.,Consumer Cyclical,Travel Services,18.34000015258789,21.406654963190945,16.721127508662153,Positive Forecast,Potential Opportunity,Potential Opportunity,High Risk,Moderate,64.33843544201173,3.1473703583005417,Weighted Ensemble,,,,,,,,,,pending
2026-05-29,NKE,"NIKE, Inc.",Consumer Cyclical,Footwear & Accessories,46.22999954223633,50.586015452661414,9.422487461730068,Positive Forecast,Potential Opportunity,Potential Opportunity,Medium Risk,High,40.429254971990304,1.6401707798677734,Weighted Ensemble,,,,,,,,,,pending
2026-05-29,NVR,"NVR, Inc.",Consumer Cyclical,Residential Construction,6104.7998046875,6567.770771050974,7.583720698064285,Positive Forecast,Potential Opportunity,Potential Opportunity,Low Risk,High,30.86368047732512,1.4938479707320251,Weighted Ensemble,,,,,,,,,,pending
2026-05-29,ORLY,"O'Reilly Automotive, Inc.",Consumer Cyclical,Auto Parts,86.87999725341797,84.80035594875915,-2.3936940267076325,Negative Forecast,Needs Further Review,Needs Further Review,Low Risk,High,27.8240406140375,1.2361700237662376,Weighted Ensemble,,,,,,,,,,pending
2026-05-29,PHM,"PulteGroup, Inc.",Consumer Cyclical,Residential Construction,118.18000030517578,123.32899472346192,4.356908448967598,Positive Forecast,Needs Further Review,Needs Further Review,Low Risk,High,32.67291754039752,1.6381199000039437,Weighted Ensemble,,,,,,,,,,pending
2026-05-29,PKG,Packaging Corporation of America,Consumer Cyclical,Packaging & Containers,218.91000366210935,219.59760121327827,0.3141005617222669,Neutral Forecast,Stable Watchlist,Stable Watchlist,Low Risk,High,30.19549365119053,1.3908965303029388,Weighted Ensemble,,,,,,,,,,pending
2026-05-29,PVH,PVH Corp.,Consumer Cyclical,Apparel Manufacturing,93.27999877929688,109.80251379648362,17.712816502366696,Positive Forecast,Potential Opportunity,Potential Opportunity,Medium Risk,High,43.11623761021361,1.9951290859984945,Weighted Ensemble,,,,,,,,,,pending
2026-05-29,RCL,Royal Caribbean Cruises Ltd.,Consumer Cyclical,Travel Services,284.6300048828125,308.30741814953,8.318663830422917,Positive Forecast,Potential Opportunity,Potential Opportunity,High Risk,Moderate,56.22301682893095,2.619880558009972,Weighted Ensemble,,,,,,,,,,pending
2026-05-29,RL,Ralph Lauren Corporation,Consumer Cyclical,Apparel Manufacturing,363.8999938964844,396.00456834137776,8.822361908042765,Positive Forecast,Potential Opportunity,Potential Opportunity,Medium Risk,High,42.23808222931211,1.9305744230093624,Weighted Ensemble,,,,,,,,,,pending
2026-05-29,ROL,"Rollins, Inc.",Consumer Cyclical,Personal Services,47.599998474121094,43.082858429489086,-9.48979031393848,Negative Forecast,Weak Fundamentals / Negative Forecast,Weak Fundamentals / Negative Forecast,Low Risk,High,28.85249550032819,1.1577014814417472,Weighted Ensemble,,,,,,,,,,pending
2026-05-29,ROST,"Ross Stores, Inc.",Consumer Cyclical,Apparel Retail,231.72999572753903,254.2493058088096,9.717908987383778,Positive Forecast,Potential Opportunity,Potential Opportunity,Low Risk,High,28.24909283438286,1.149559489055141,Weighted Ensemble,,,,,,,,,,pending
2026-05-29,SBUX,Starbucks Corporation,Consumer Cyclical,Restaurants,99.16000366210938,93.04320791001496,-6.168611865866383,Negative Forecast,Weak Fundamentals / Negative Forecast,Weak Fundamentals / Negative Forecast,Low Risk,High,30.45014555964175,1.3506268026817794,Weighted Ensemble,,,,,,,,,,pending
2026-05-29,TJX,"The TJX Companies, Inc.",Consumer Cyclical,Apparel Retail,154.75,162.44129923313233,4.970144900247061,Positive Forecast,Needs Further Review,Needs Further Review,Low Risk,High,21.16347185097167,1.0011432303835464,Weighted Ensemble,,,,,,,,,,pending
2026-05-29,TPR,"Tapestry, Inc.",Consumer Cyclical,Luxury Goods,145.4600067138672,163.73916717253007,12.566450993378286,Positive Forecast,Potential Opportunity,Potential Opportunity,Medium Risk,High,43.98742845457469,1.9655415196592083,Weighted Ensemble,,,,,,,,,,pending
2026-05-29,TSCO,Tractor Supply Company,Consumer Cyclical,Specialty Retail,31.530000686645508,32.41279447572792,2.79985337728305,Positive Forecast,Needs Further Review,Needs Further Review,Medium Risk,High,40.93199030335792,1.8465939991130744,Weighted Ensemble,,,,,,,,,,pending
2026-05-29,UA,"Under Armour, Inc.",Consumer Cyclical,Apparel Manufacturing,5.730000019073486,6.715107260200036,17.192098391752488,Positive Forecast,High Volatility Speculative,High Volatility Speculative,High Risk,Moderate,65.4987433479002,2.7611584248110392,Weighted Ensemble,,,,,,,,,,pending
2026-05-29,UAA,"Under Armour, Inc.",Consumer Cyclical,Apparel Manufacturing,5.869999885559082,6.855033858587853,16.78081758488744,Positive Forecast,High Volatility Speculative,High Volatility Speculative,High Risk,Moderate,66.33165740188345,2.827738183485941,Weighted Ensemble,,,,,,,,,,pending
2026-05-29,ULTA,"Ulta Beauty, Inc.",Consumer Cyclical,Specialty Retail,508.8500061035156,521.1292959414866,2.4131452669125015,Positive Forecast,Needs Further Review,Needs Further Review,Medium Risk,High,38.53759045827726,1.7001392965419388,Weighted Ensemble,,,,,,,,,,pending
2026-05-29,VFC,V.F. Corporation,Consumer Cyclical,Apparel Manufacturing,17.18000030517578,17.31570964309206,0.7899262835018316,Neutral Forecast,Stable Watchlist,Stable Watchlist,Medium Risk,Moderate,46.50055600568237,2.3142192813597813,Weighted Ensemble,,,,,,,,,,pending
2026-05-29,WHR,Whirlpool Corporation,Consumer Cyclical,"Furnishings, Fixtures & Appliances",43.41999816894531,43.58078721877409,0.3703110470045521,Neutral Forecast,Stable Watchlist,Stable Watchlist,High Risk,Moderate,55.71535835977039,2.6009921845406705,Weighted Ensemble,,,,,,,,,,pending
2026-05-29,WYNN,"Wynn Resorts, Limited",Consumer Cyclical,Resorts & Casinos,101.22000122070312,107.12961893049729,5.838389289196563,Positive Forecast,Potential Opportunity,Potential Opportunity,Medium Risk,High,35.87198094700363,1.702325230379202,Weighted Ensemble,,,,,,,,,,pending
2026-05-29,YUM,"Yum! Brands, Inc.",Consumer Cyclical,Restaurants,147.9499969482422,145.73890536635486,-1.4944857232142046,Neutral Forecast,Stable Watchlist,Stable Watchlist,Low Risk,High,20.46713682883791,1.005119854045655,Weighted Ensemble,,,,,,,,,,pending
2026-05-29,ADM,Archer-Daniels-Midland Company,Consumer Defensive,Farm Products,79.77999877929688,78.96778453752074,-1.0180675033889626,Neutral Forecast,Stable Watchlist,Stable Watchlist,Low Risk,High,26.97019691011735,1.40168111208472,Weighted Ensemble,,,,,,,,,,pending
2026-05-29,CAG,"Conagra Brands, Inc.",Consumer Defensive,Packaged Foods,13.279999732971191,12.774292927092876,-3.8080332533649175,Negative Forecast,Needs Further Review,Needs Further Review,Low Risk,High,32.064438652272145,1.598843472463524,Weighted Ensemble,,,,,,,,,,pending
2026-05-29,CHD,"Church & Dwight Co., Inc.",Consumer Defensive,Household & Personal Products,95.62999725341795,96.4293962286538,0.835929099859185,Neutral Forecast,Stable Watchlist,Stable Watchlist,Low Risk,High,22.46180753058433,1.0989101708990403,Weighted Ensemble,,,,,,,,,,pending
2026-05-29,CL,Colgate-Palmolive Company,Consumer Defensive,Household & Personal Products,90.12999725341795,91.47062550181283,1.4874384658255972,Neutral Forecast,Stable Watchlist,Stable Watchlist,Low Risk,High,23.65967336860575,1.1757739516234218,Weighted Ensemble,,,,,,,,,,pending
2026-05-29,CLX,The Clorox Company,Consumer Defensive,Household & Personal Products,90.0199966430664,87.7363575666328,-2.5368131099674884,Negative Forecast,Needs Further Review,Needs Further Review,Medium Risk,High,36.28453832234172,1.700265926544658,Weighted Ensemble,,,,,,,,,,pending
2026-05-29,COST,Costco Wholesale Corporation,Consumer Defensive,Discount Stores,956.3200073242188,891.6909783606978,-6.7580965020644905,Negative Forecast,Weak Fundamentals / Negative Forecast,Weak Fundamentals / Negative Forecast,Low Risk,High,21.226504602476957,1.0466900296035138,Weighted Ensemble,,,,,,,,,,pending
2026-05-29,COTY,Coty Inc.,Consumer Defensive,Household & Personal Products,2.130000114440918,2.0987324896389956,-1.4679635268531184,Neutral Forecast,Stable Watchlist,Stable Watchlist,Medium Risk,Moderate,53.30839085502394,2.3898270685519507,Weighted Ensemble,,,,,,,,,,pending
2026-05-29,CPB,The Campbell's Company,Consumer Defensive,Packaged Foods,21.11000061035156,22.04547109127416,4.431409066202869,Positive Forecast,Needs Further Review,Needs Further Review,Low Risk,High,32.39528243802603,1.4729260968433349,Weighted Ensemble,,,,,,,,,,pending
2026-05-29,DG,Dollar General Corporation,Consumer Defensive,Discount Stores,110.61000061035156,116.63732599446097,5.449168565997937,Positive Forecast,Potential Opportunity,Potential Opportunity,Medium Risk,High,35.98782336106693,1.769390938033702,Weighted Ensemble,,,,,,,,,,pending
2026-05-29,DLTR,"Dollar Tree, Inc.",Consumer Defensive,Discount Stores,116.44000244140624,140.64607179021317,20.78844799147756,Positive Forecast,Potential Opportunity,Potential Opportunity,Medium Risk,Moderate,47.19843615320733,2.0847907800492567,Weighted Ensemble,,,,,,,,,,pending
2026-05-29,EL,The Estée Lauder Companies Inc.,Consumer Defensive,Household & Personal Products,88.94999694824219,98.70599664961355,10.967959568394525,Positive Forecast,Potential Opportunity,Potential Opportunity,High Risk,Moderate,62.06683381383136,2.627583036376771,Weighted Ensemble,,,,,,,,,,pending
2026-05-29,GIS,"General Mills, Inc.",Consumer Defensive,Packaged Foods,33.810001373291016,34.182232948628254,1.100951080206969,Neutral Forecast,Stable Watchlist,Stable Watchlist,Low Risk,High,26.70853894246189,1.2538031379299144,Weighted Ensemble,,,,,,,,,,pending
2026-05-29,HRL,Hormel Foods Corporation,Consumer Defensive,Packaged Foods,23.229999542236328,26.768764292978545,15.233598021851463,Positive Forecast,Potential Opportunity,Potential Opportunity,Low Risk,High,31.64768764517637,1.4096221965156297,Weighted Ensemble,,,,,,,,,,pending
2026-05-29,HSY,The Hershey Company,Consumer Defensive,Confectioners,194.02999877929688,197.70072910757855,1.8918364950653948,Neutral Forecast,Stable Watchlist,Stable Watchlist,Low Risk,High,29.27144660659422,1.4027107232519185,Weighted Ensemble,,,,,,,,,,pending
2026-05-29,KHC,The Kraft Heinz Company,Consumer Defensive,Packaged Foods,24.010000228881836,24.47551328579292,1.9388298728590263,Neutral Forecast,Stable Watchlist,Stable Watchlist,Low Risk,High,26.957504719041246,1.313544785351528,Weighted Ensemble,,,,,,,,,,pending
2026-05-29,KMB,Kimberly-Clark Corporation,Consumer Defensive,Household & Personal Products,97.5999984741211,97.63478926235705,0.035646299979362,Neutral Forecast,Stable Watchlist,Stable Watchlist,Low Risk,High,23.20506903654638,1.1308139041934528,Weighted Ensemble,,,,,,,,,,pending
2026-05-29,KO,The Coca-Cola Company,Consumer Defensive,Beverages - Non-Alcoholic,79.01000213623047,77.58828179368578,-1.7994181801100733,Neutral Forecast,Stable Watchlist,Stable Watchlist,Low Risk,High,17.107483572660932,0.848022017934348,Weighted Ensemble,,,,,,,,,,pending
2026-05-29,KR,The Kroger Co.,Consumer Defensive,Grocery Stores,62.150001525878906,58.386729844317514,-6.055143345401829,Negative Forecast,Weak Fundamentals / Negative Forecast,Weak Fundamentals / Negative Forecast,Low Risk,High,30.58231901918156,1.584389627465265,Weighted Ensemble,,,,,,,,,,pending
2026-05-29,LW,"Lamb Weston Holdings, Inc.",Consumer Defensive,Packaged Foods,43.18000030517578,43.57501321854245,0.9148052583948738,Neutral Forecast,Stable Watchlist,Stable Watchlist,Medium Risk,High,36.90666526304528,1.7887274574849137,Weighted Ensemble,,,,,,,,,,pending
2026-05-29,MDLZ,"Mondelez International, Inc.",Consumer Defensive,Confectioners,61.16999816894531,61.00596501099648,-0.2681594946198725,Neutral Forecast,Stable Watchlist,Stable Watchlist,Low Risk,High,23.75907233422104,1.1205223252237788,Weighted Ensemble,,,,,,,,,,pending
2026-05-29,MKC,"McCormick & Company, Incorporated",Consumer Defensive,Packaged Foods,47.369998931884766,47.8422450518008,0.996930822386334,Neutral Forecast,Stable Watchlist,Stable Watchlist,Medium Risk,High,36.3924786239082,1.748591592103781,Weighted Ensemble,,,,,,,,,,pending
2026-05-29,MNST,Monster Beverage Corporation,Consumer Defensive,Beverages - Non-Alcoholic,88.08000183105469,90.95607379761356,3.265295080346893,Positive Forecast,Needs Further Review,Needs Further Review,Low Risk,High,31.37946041869314,1.2088805306257318,Weighted Ensemble,,,,,,,,,,pending
2026-05-29,MO,"Altria Group, Inc.",Consumer Defensive,Tobacco,69.58000183105469,67.1579841978073,-3.48091056267608,Negative Forecast,Needs Further Review,Needs Further Review,Low Risk,High,26.389840468463248,1.2158500165999953,Weighted Ensemble,,,,,,,,,,pending
2026-05-29,NWL,Newell Brands Inc.,Consumer Defensive,Household & Personal Products,3.4000000953674316,2.954966075872296,-13.089235500360829,Negative Forecast,Weak Fundamentals / Negative Forecast,Weak Fundamentals / Negative Forecast,Medium Risk,Moderate,50.65950800853606,2.436062358373972,Weighted Ensemble,,,,,,,,,,pending
2026-05-29,PEP,"PepsiCo, Inc.",Consumer Defensive,Beverages - Non-Alcoholic,144.19000244140625,139.7505280676192,-3.0789058177532773,Negative Forecast,Needs Further Review,Needs Further Review,Low Risk,High,22.46691750046771,1.114302770823421,Weighted Ensemble,,,,,,,,,,pending
2026-05-29,PG,The Procter & Gamble Company,Consumer Defensive,Household & Personal Products,143.55999755859375,144.0671760978318,0.3532868123873092,Neutral Forecast,Stable Watchlist,Stable Watchlist,Low Risk,High,21.13868928612406,1.0772462533541185,Weighted Ensemble,,,,,,,,,,pending
2026-05-29,PM,Philip Morris International Inc.,Consumer Defensive,Tobacco,177.3800048828125,165.41668827846027,-6.744456125286437,Negative Forecast,Weak Fundamentals / Negative Forecast,Weak Fundamentals / Negative Forecast,Low Risk,High,31.47156576975853,1.4211625396837682,Weighted Ensemble,,,,,,,,,,pending
2026-05-29,SJM,The J. M. Smucker Company,Consumer Defensive,Packaged Foods,103.1999969482422,105.94436275402674,2.659269270289726,Positive Forecast,Needs Further Review,Needs Further Review,Low Risk,High,26.293020146513,1.1836838252350086,Weighted Ensemble,,,,,,,,,,pending
2026-05-29,STZ,"Constellation Brands, Inc.",Consumer Defensive,Beverages - Brewers,138.82000732421875,135.89524728767765,-2.1068721237784027,Negative Forecast,Needs Further Review,Needs Further Review,Low Risk,High,32.97019703297698,1.4816434922841608,Weighted Ensemble,,,,,,,,,,pending
2026-05-29,SYY,Sysco Corporation,Consumer Defensive,Food Distribution,75.80999755859375,78.32061584978646,3.3117245377197775,Positive Forecast,Needs Further Review,Needs Further Review,Medium Risk,High,38.383971756120786,1.2405234104337837,Weighted Ensemble,,,,,,,,,,pending
2026-05-29,TAP,Molson Coors Beverage Company,Consumer Defensive,Beverages - Brewers,39.529998779296875,38.02736547806232,-3.801248033484713,Negative Forecast,Needs Further Review,Needs Further Review,Low Risk,High,29.547975925833157,1.5050495253653546,Weighted Ensemble,,,,,,,,,,pending
2026-05-29,TGT,Target Corporation,Consumer Defensive,Discount Stores,127.06999969482422,130.72674701945988,2.8777424517335586,Positive Forecast,Needs Further Review,Needs Further Review,Low Risk,High,31.82035010398434,1.5558034007049024,Weighted Ensemble,,,,,,,,,,pending
2026-05-29,TSN,"Tyson Foods, Inc.",Consumer Defensive,Farm Products,61.02000045776367,56.3576752948414,-7.640650816037608,Negative Forecast,Weak Fundamentals / Negative Forecast,Weak Fundamentals / Negative Forecast,Low Risk,High,27.263936426230416,1.2579520637358093,Weighted Ensemble,,,,,,,,,,pending
2026-05-29,WMT,Walmart Inc.,Consumer Defensive,Discount Stores,115.75,105.393469089196,-8.94732692078099,Negative Forecast,Weak Fundamentals / Negative Forecast,Weak Fundamentals / Negative Forecast,Low Risk,High,28.437322939641508,1.3039671805636155,Weighted Ensemble,,,,,,,,,,pending
2026-05-29,APA,APA Corporation,Energy,Oil & Gas E&P,36.43000030517578,35.747394532658056,-1.8737462717526905,Neutral Forecast,Stable Watchlist,Stable Watchlist,Medium Risk,Moderate,48.857095513904966,2.460366812905965,Weighted Ensemble,,,,,,,,,,pending
2026-05-29,BKR,Baker Hughes Company,Energy,Oil & Gas Equipment & Services,63.880001068115234,63.54664905286424,-0.521840966933519,Neutral Forecast,Stable Watchlist,Stable Watchlist,Medium Risk,High,35.2897914952218,1.6975672856898405,Weighted Ensemble,,,,,,,,,,pending
2026-05-29,COP,ConocoPhillips,Energy,Oil & Gas E&P,113.9800033569336,109.15615049091171,-4.232192247718883,Negative Forecast,Needs Further Review,Needs Further Review,Low Risk,High,30.90170600028807,1.5737367662763406,Weighted Ensemble,,,,,,,,,,pending
2026-05-29,CVX,Chevron Corporation,Energy,Oil & Gas Integrated,182.4600067138672,177.99852620620928,-2.4451826940105184,Negative Forecast,Needs Further Review,Needs Further Review,Low Risk,High,25.14694921623079,1.1951280192446263,Weighted Ensemble,,,,,,,,,,pending
2026-05-29,DVN,Devon Energy Corporation,Energy,Oil & Gas E&P,44.4900016784668,42.00152325477512,-5.593343065428789,Negative Forecast,Weak Fundamentals / Negative Forecast,Weak Fundamentals / Negative Forecast,Medium Risk,High,35.11145755463385,1.6300788821441687,Weighted Ensemble,,,,,,,,,,pending
2026-05-29,EOG,"EOG Resources, Inc.",Energy,Oil & Gas E&P,133.3800048828125,130.3470370467178,-2.2739299183258197,Negative Forecast,Needs Further Review,Needs Further Review,Low Risk,High,29.86774662704088,1.4890543764508153,Weighted Ensemble,,,,,,,,,,pending
2026-05-29,FANG,"Diamondback Energy, Inc.",Energy,Oil & Gas E&P,191.47999572753903,184.03163917593807,-3.8898875693518353,Negative Forecast,Needs Further Review,Needs Further Review,Low Risk,High,31.53533045178523,1.5720056120960395,Weighted Ensemble,,,,,,,,,,pending
2026-05-29,FTI,TechnipFMC plc,Energy,Oil & Gas Equipment & Services,68.41999816894531,65.10087002832788,-4.851108198544112,Negative Forecast,Needs Further Review,Needs Further Review,Low Risk,High,31.430406734175108,1.5512767598138724,Weighted Ensemble,,,,,,,,,,pending
2026-05-29,HAL,Halliburton Company,Energy,Oil & Gas Equipment & Services,38.849998474121094,36.693370876333674,-5.551165205898272,Negative Forecast,Weak Fundamentals / Negative Forecast,Weak Fundamentals / Negative Forecast,Low Risk,High,31.56888396959003,1.674379218401118,Weighted Ensemble,,,,,,,,,,pending
2026-05-29,KMI,"Kinder Morgan, Inc.",Energy,Oil & Gas Midstream,31.079999923706055,29.04292560484546,-6.554293191316353,Negative Forecast,Weak Fundamentals / Negative Forecast,Weak Fundamentals / Negative Forecast,Low Risk,High,21.70521972782209,1.0259661091863883,Weighted Ensemble,,,,,,,,,,pending
2026-05-29,LB,LandBridge Company LLC,Energy,Oil & Gas Equipment & Services,70.18000030517578,72.75629506358032,3.670981400971213,Positive Forecast,Needs Further Review,Needs Further Review,High Risk,Moderate,57.78680118530172,2.731316449980819,Weighted Ensemble,,,,,,,,,,pending
2026-05-29,MPC,Marathon Petroleum Corporation,Energy,Oil & Gas Refining & Marketing,248.77000427246097,250.8847390095976,0.850076255504067,Neutral Forecast,Stable Watchlist,Stable Watchlist,Medium Risk,High,38.07763132513906,1.854250668798801,Weighted Ensemble,,,,,,,,,,pending
2026-05-29,NOV,NOV Inc.,Energy,Oil & Gas Equipment & Services,19.959999084472656,19.389632068799997,-2.8575503097911485,Negative Forecast,Needs Further Review,Needs Further Review,Medium Risk,High,35.29978850167826,1.7202278434697027,Weighted Ensemble,,,,,,,,,,pending
2026-05-29,OKE,"ONEOK, Inc.",Energy,Oil & Gas Midstream,83.94000244140625,77.63292490683715,-7.513792412588642,Negative Forecast,Weak Fundamentals / Negative Forecast,Weak Fundamentals / Negative Forecast,Low Risk,High,31.21167461156531,1.512850992946552,Weighted Ensemble,,,,,,,,,,pending
2026-05-29,OXY,Occidental Petroleum Corporation,Energy,Oil & Gas E&P,56.630001068115234,56.063893811049155,-0.9996596263262624,Neutral Forecast,Stable Watchlist,Stable Watchlist,Medium Risk,High,40.73317041222606,1.9724981295377424,Weighted Ensemble,,,,,,,,,,pending
2026-05-29,PSX,Phillips 66,Energy,Oil & Gas Refining & Marketing,175.8800048828125,181.21453702611512,3.0330520782376498,Positive Forecast,Needs Further Review,Needs Further Review,Low Risk,High,32.68814972252182,1.6176761447209649,Weighted Ensemble,,,,,,,,,,pending
2026-05-29,SLB,SLB N.V.,Energy,Oil & Gas Equipment & Services,54.54999923706055,53.41043793303464,-2.0890216681281046,Negative Forecast,Needs Further Review,Needs Further Review,Low Risk,High,34.98385039851998,1.655608866771127,Weighted Ensemble,,,,,,,,,,pending
2026-05-29,VLO,Valero Energy Corporation,Energy,Oil & Gas Refining & Marketing,244.82000732421875,247.52153369738105,1.1034745087580182,Neutral Forecast,Stable Watchlist,Stable Watchlist,Medium Risk,High,40.07440306189055,1.9149004789476325,Weighted Ensemble,,,,,,,,,,pending
2026-05-29,WMB,"The Williams Companies, Inc.",Energy,Oil & Gas Midstream,71.38999938964844,66.27241118323514,-7.168494537282981,Negative Forecast,Weak Fundamentals / Negative Forecast,Weak Fundamentals / Negative Forecast,Low Risk,High,23.47631069520861,1.172032462650089,Weighted Ensemble,,,,,,,,,,pending
2026-05-29,XOM,Exxon Mobil Corporation,Energy,Oil & Gas Integrated,145.25999450683594,138.2513520081376,-4.824895197396227,Negative Forecast,Needs Further Review,Needs Further Review,Low Risk,High,30.04782144243716,1.476142940465289,Weighted Ensemble,,,,,,,,,,pending
2026-05-29,AFL,Aflac Incorporated,Financial Services,Insurance - Life,112.41999816894533,109.42357487447131,-2.6653827995718107,Negative Forecast,Needs Further Review,Needs Further Review,Low Risk,High,17.66330913082303,0.852097599669005,Weighted Ensemble,,,,,,,,,,pending
2026-05-29,AIG,"American International Group, Inc.",Financial Services,Insurance - Diversified,74.2300033569336,72.88162866773563,-1.8164820533744737,Neutral Forecast,Stable Watchlist,Stable Watchlist,Low Risk,High,22.57037392433979,1.0575126004803237,Weighted Ensemble,,,,,,,,,,pending
2026-05-29,AIZ,"Assurant, Inc.",Financial Services,Insurance - Property & Casualty,248.8699951171875,246.5929631376068,-0.914948376363528,Neutral Forecast,Stable Watchlist,Stable Watchlist,Low Risk,High,26.55204589746582,1.149971043288829,Weighted Ensemble,,,,,,,,,,pending
2026-05-29,AJG,Arthur J. Gallagher & Co.,Financial Services,Insurance Brokers,201.11000061035156,201.7432805832354,0.3148923330326073,Neutral Forecast,Stable Watchlist,Stable Watchlist,Low Risk,High,33.53057423874293,1.5269543873776354,Weighted Ensemble,,,,,,,,,,pending
2026-05-29,ALL,The Allstate Corporation,Financial Services,Insurance - Property & Casualty,206.08999633789065,199.13537254221856,-3.3745567078713417,Negative Forecast,Needs Further Review,Needs Further Review,Low Risk,High,22.73459074087301,1.1297074106655314,Weighted Ensemble,,,,,,,,,,pending
2026-05-29,AMP,"Ameriprise Financial, Inc.",Financial Services,Asset Management,445.7099914550781,426.2897141134415,-4.357155485394573,Negative Forecast,Needs Further Review,Needs Further Review,Low Risk,High,29.19555380291027,1.4141663227462022,Weighted Ensemble,,,,,,,,,,pending
2026-05-29,AON,Aon plc,Financial Services,Insurance Brokers,316.05999755859375,315.4555382271851,-0.1912482870587172,Neutral Forecast,Stable Watchlist,Stable Watchlist,Low Risk,High,30.627897528230108,1.3998666475213963,Weighted Ensemble,,,,,,,,,,pending
2026-05-29,AXP,American Express Company,Financial Services,Credit Services,316.4700012207031,323.05235636747705,2.0799302055121016,Positive Forecast,Needs Further Review,Needs Further Review,Low Risk,High,28.794755247581428,1.262134189536731,Weighted Ensemble,,,,,,,,,,pending
2026-05-29,BAC,Bank of America Corporation,Financial Services,Banks - Diversified,51.599998474121094,53.557162887771455,3.7929544021826582,Positive Forecast,Needs Further Review,Needs Further Review,Low Risk,High,24.05430849495121,1.1700040464097643,Weighted Ensemble,,,,,,,,,,pending
2026-05-29,BEN,"Franklin Resources, Inc.",Financial Services,Asset Management,31.020000457763672,29.942278202933306,-3.4742818791952477,Negative Forecast,Needs Further Review,Needs Further Review,Low Risk,High,31.45428523130402,1.5973511797668067,Weighted Ensemble,,,,,,,,,,pending
2026-05-29,BK,The Bank of New York Mellon Corporation,Financial Services,Banks - Diversified,139.42999267578125,144.4492841438614,3.5998649729198453,Positive Forecast,Needs Further Review,Needs Further Review,Low Risk,High,23.58700620576672,1.1377126068170729,Weighted Ensemble,,,,,,,,,,pending
2026-05-29,BLK,"BlackRock, Inc.",Financial Services,Asset Management,1046.8800048828125,1004.4793529249112,-4.050192167214777,Negative Forecast,Needs Further Review,Needs Further Review,Low Risk,High,29.08212775424628,1.3204890852205715,Weighted Ensemble,,,,,,,,,,pending
2026-05-29,C,Citigroup Inc.,Financial Services,Banks - Diversified,125.9000015258789,128.4944214413173,2.0606988752935744,Positive Forecast,Needs Further Review,Needs Further Review,Low Risk,High,32.80415158141895,1.497567502977443,Weighted Ensemble,,,,,,,,,,pending
2026-05-29,CB,Chubb Limited,Financial Services,Insurance - Property & Casualty,311.7300109863281,305.12545456950807,-2.1186784024813456,Negative Forecast,Needs Further Review,Needs Further Review,Low Risk,High,18.09978656442248,0.8670482814704248,Weighted Ensemble,,,,,,,,,,pending
2026-05-29,CBOE,"Cboe Global Markets, Inc.",Financial Services,Financial Data & Stock Exchanges,333.55999755859375,314.8604928549887,-5.606039345386509,Negative Forecast,Weak Fundamentals / Negative Forecast,Weak Fundamentals / Negative Forecast,Low Risk,High,29.959495920484414,1.4076798036891256,Weighted Ensemble,,,,,,,,,,pending
2026-05-29,CFG,"Citizens Financial Group, Inc.",Financial Services,Banks - Regional,62.2599983215332,63.80777439208075,2.4859879734565236,Positive Forecast,Needs Further Review,Needs Further Review,Low Risk,High,28.43750613254065,1.3288006836647328,Weighted Ensemble,,,,,,,,,,pending
2026-05-29,CINF,Cincinnati Financial Corporation,Financial Services,Insurance - Property & Casualty,157.4199981689453,151.9336158467777,-3.4851876419662635,Negative Forecast,Needs Further Review,Needs Further Review,Low Risk,High,20.67540590715597,1.0133100367477066,Weighted Ensemble,,,,,,,,,,pending
2026-05-29,CLSK,"CleanSpark, Inc.",Financial Services,Capital Markets,18.290000915527344,22.097472796758257,20.81723176951045,Positive Forecast,High Volatility Speculative,High Volatility Speculative,High Risk,Moderate,88.98305007370843,4.306312251101274,Weighted Ensemble,,,,,,,,,,pending
2026-05-29,CME,CME Group Inc.,Financial Services,Financial Data & Stock Exchanges,273.5400085449219,253.91000362674805,-7.176282922046521,Negative Forecast,Weak Fundamentals / Negative Forecast,Weak Fundamentals / Negative Forecast,Low Risk,High,23.370067880730492,1.098634810949491,Weighted Ensemble,,,,,,,,,,pending
2026-05-29,COF,Capital One Financial Corporation,Financial Services,Credit Services,187.92999267578125,191.0907121212348,1.6818600375866788,Neutral Forecast,Stable Watchlist,Stable Watchlist,Medium Risk,High,36.36241002370776,1.6503694966825673,Weighted Ensemble,,,,,,,,,,pending
2026-05-29,FITB,Fifth Third Bancorp,Financial Services,Banks - Regional,49.93000030517578,52.62956270359069,5.4066941356198495,Positive Forecast,Potential Opportunity,Potential Opportunity,Low Risk,High,29.086961878371532,1.3754083195620477,Weighted Ensemble,,,,,,,,,,pending
2026-05-29,GL,Globe Life Inc.,Financial Services,Insurance - Life,153.24000549316406,152.41233885730162,-0.5401113326763514,Neutral Forecast,Stable Watchlist,Stable Watchlist,Low Risk,High,19.69380097149879,0.933314494483084,Weighted Ensemble,,,,,,,,,,pending
2026-05-29,GS,"The Goldman Sachs Group, Inc.",Financial Services,Capital Markets,1025.56005859375,1096.854794926619,6.951785586368143,Positive Forecast,Potential Opportunity,Potential Opportunity,Low Risk,High,32.35607257962652,1.4599504515891255,Weighted Ensemble,,,,,,,,,,pending
2026-05-29,HBAN,Huntington Bancshares Incorporated,Financial Services,Banks - Regional,16.360000610351562,17.28471371868399,5.65228040240614,Positive Forecast,Potential Opportunity,Potential Opportunity,Low Risk,High,30.02420158893867,1.4582877634031275,Weighted Ensemble,,,,,,,,,,pending
2026-05-29,HIG,"The Hartford Insurance Group, Inc.",Financial Services,Insurance - Diversified,127.12999725341795,121.75913228884556,-4.22470312326542,Negative Forecast,Needs Further Review,Needs Further Review,Low Risk,High,19.30265577195989,0.9691923135532158,Weighted Ensemble,,,,,,,,,,pending
2026-05-29,ICE,"Intercontinental Exchange, Inc.",Financial Services,Financial Data & Stock Exchanges,147.85000610351562,142.33812395099002,-3.7280229455428735,Negative Forecast,Needs Further Review,Needs Further Review,Low Risk,High,27.085236290707986,1.227842657268727,Weighted Ensemble,,,,,,,,,,pending
2026-05-29,IVZ,Invesco Ltd.,Financial Services,Asset Management,28.459999084472656,29.573648525284593,3.9130340008321616,Positive Forecast,Needs Further Review,Needs Further Review,Medium Risk,High,36.48252494157715,1.7571881250776795,Weighted Ensemble,,,,,,,,,,pending
2026-05-29,JPM,JPMorgan Chase & Co.,Financial Services,Banks - Diversified,299.30999755859375,300.8153669894951,0.5029465915540106,Neutral Forecast,Stable Watchlist,Stable Watchlist,Low Risk,High,23.1001377913134,1.1028430884568945,Weighted Ensemble,,,,,,,,,,pending
2026-05-29,KEY,KeyCorp,Financial Services,Banks - Regional,21.329999923706055,21.718698225177512,1.8223080302942711,Neutral Forecast,Stable Watchlist,Stable Watchlist,Low Risk,High,25.5574360060727,1.228549984316094,Weighted Ensemble,,,,,,,,,,pending
2026-05-29,L,Loews Corporation,Financial Services,Insurance - Property & Casualty,103.5500030517578,102.56870628145268,-0.947654989266042,Neutral Forecast,Stable Watchlist,Stable Watchlist,Low Risk,High,18.76409702958132,0.8364543191026013,Weighted Ensemble,,,,,,,,,,pending
2026-05-29,LNC,Lincoln National Corporation,Financial Services,Insurance - Life,35.290000915527344,36.07260848287122,2.217646775405812,Positive Forecast,Needs Further Review,Needs Further Review,Medium Risk,High,38.3796687337973,1.7464741205462464,Weighted Ensemble,,,,,,,,,,pending
2026-05-29,MA,Mastercard Incorporated,Financial Services,Credit Services,493.9800109863281,496.9692282750853,0.605129200023421,Neutral Forecast,Stable Watchlist,Stable Watchlist,Low Risk,High,24.98516298813888,1.177428184100907,Weighted Ensemble,,,,,,,,,,pending
2026-05-29,MCO,Moody's Corporation,Financial Services,Financial Data & Stock Exchanges,453.25,475.1563023281088,4.833161021094062,Positive Forecast,Needs Further Review,Needs Further Review,Low Risk,High,33.271044156003335,1.476660919049013,Weighted Ensemble,,,,,,,,,,pending
2026-05-29,MET,"MetLife, Inc.",Financial Services,Insurance - Life,82.69000244140625,85.90909163976363,3.892960579652192,Positive Forecast,Needs Further Review,Needs Further Review,Low Risk,High,25.42729992085388,1.2169347136624096,Weighted Ensemble,,,,,,,,,,pending
2026-05-29,MKTX,MarketAxess Holdings Inc.,Financial Services,Capital Markets,130.0399932861328,119.44907317767274,-8.144356086789696,Negative Forecast,Weak Fundamentals / Negative Forecast,Weak Fundamentals / Negative Forecast,Low Risk,High,27.64179492283304,1.3456410369713327,Weighted Ensemble,,,,,,,,,,pending
2026-05-29,MS,Morgan Stanley,Financial Services,Capital Markets,208.0,224.32788224207997,7.849943385615369,Positive Forecast,Potential Opportunity,Potential Opportunity,Low Risk,High,30.33026726254272,1.3809237926359432,Weighted Ensemble,,,,,,,,,,pending
2026-05-29,MSCI,MSCI Inc.,Financial Services,Financial Data & Stock Exchanges,631.3800048828125,696.0125934825362,10.236717681884755,Positive Forecast,Potential Opportunity,Potential Opportunity,Low Risk,High,32.254498447569176,1.4154006994081654,Weighted Ensemble,,,,,,,,,,pending
2026-05-29,MTB,M&T Bank Corporation,Financial Services,Banks - Regional,216.11000061035156,228.10457577156703,5.55021754076149,Positive Forecast,Potential Opportunity,Potential Opportunity,Low Risk,High,23.15776672525957,1.1542302412762515,Weighted Ensemble,,,,,,,,,,pending
2026-05-29,NDAQ,"Nasdaq, Inc.",Financial Services,Financial Data & Stock Exchanges,92.5199966430664,94.40575806118451,2.038220370233275,Positive Forecast,Needs Further Review,Needs Further Review,Low Risk,High,30.97536071013765,1.3288308476675086,Weighted Ensemble,,,,,,,,,,pending
2026-05-29,NTRS,Northern Trust Corporation,Financial Services,Asset Management,165.4499969482422,167.58167153923756,1.2884101724475865,Neutral Forecast,Stable Watchlist,Stable Watchlist,Low Risk,High,29.19109485282119,1.3256209969783348,Weighted Ensemble,,,,,,,,,,pending
2026-05-29,PFG,"Principal Financial Group, Inc.",Financial Services,Asset Management,103.62000274658205,106.5573754746308,2.834754535987163,Positive Forecast,Needs Further Review,Needs Further Review,Low Risk,High,23.09173117590517,1.1659731994692932,Weighted Ensemble,,,,,,,,,,pending
2026-05-29,PGR,The Progressive Corporation,Financial Services,Insurance - Property & Casualty,190.3999938964844,184.880419484221,-2.8989362338237576,Negative Forecast,Needs Further Review,Needs Further Review,Low Risk,High,22.37758051268396,1.1285269705271808,Weighted Ensemble,,,,,,,,,,pending
2026-05-29,PNC,"The PNC Financial Services Group, Inc.",Financial Services,Banks - Regional,221.1199951171875,230.6150117795327,4.294056110716308,Positive Forecast,Needs Further Review,Needs Further Review,Low Risk,High,23.38104058591351,1.1243052280614587,Weighted Ensemble,,,,,,,,,,pending
2026-05-29,PRU,"Prudential Financial, Inc.",Financial Services,Insurance - Life,100.63999938964844,98.4039662811312,-2.2218135155784053,Negative Forecast,Needs Further Review,Needs Further Review,Low Risk,High,25.62369929728928,1.2127310298194998,Weighted Ensemble,,,,,,,,,,pending
2026-05-29,PYPL,"PayPal Holdings, Inc.",Financial Services,Credit Services,44.75,44.11451037059611,-1.4200885573271336,Neutral Forecast,Stable Watchlist,Stable Watchlist,Medium Risk,High,51.03842638075709,1.903824339787652,Weighted Ensemble,,,,,,,,,,pending
2026-05-29,RF,Regions Financial Corporation,Financial Services,Banks - Regional,28.0,29.30647574870863,4.66598481681653,Positive Forecast,Needs Further Review,Needs Further Review,Low Risk,High,26.19091026354886,1.2367565109724763,Weighted Ensemble,,,,,,,,,,pending
2026-05-29,RJF,"Raymond James Financial, Inc.",Financial Services,Asset Management,143.41000366210938,134.26208004204256,-6.378860181623305,Negative Forecast,Weak Fundamentals / Negative Forecast,Weak Fundamentals / Negative Forecast,Low Risk,High,29.188756043295378,1.3034823617694709,Weighted Ensemble,,,,,,,,,,pending
2026-05-29,SCHW,The Charles Schwab Corporation,Financial Services,Capital Markets,87.3499984741211,85.91365297841695,-1.6443566351402823,Neutral Forecast,Stable Watchlist,Stable Watchlist,Low Risk,High,30.488118261887248,1.3657760134633667,Weighted Ensemble,,,,,,,,,,pending
2026-05-29,SPGI,S&P Global Inc.,Financial Services,Financial Data & Stock Exchanges,424.0,443.7816268785085,4.6654780373840845,Positive Forecast,Needs Further Review,Needs Further Review,Medium Risk,High,36.85257999698001,1.5046799713437644,Weighted Ensemble,,,,,,,,,,pending
2026-05-29,STT,STT,Financial Services,Asset Management,155.63999938964844,158.78438618700912,2.020294789059099,Positive Forecast,Needs Further Review,Needs Further Review,Low Risk,High,25.934496443882573,1.318489036355188,Weighted Ensemble,,,,,,,,,,pending
2026-05-29,SYF,Synchrony Financial,Financial Services,Credit Services,71.44000244140625,72.12141670675028,0.9538273265078828,Neutral Forecast,Stable Watchlist,Stable Watchlist,Low Risk,High,31.1763663579523,1.4191461893909951,Weighted Ensemble,,,,,,,,,,pending
2026-05-29,TFC,Truist Financial Corporation,Financial Services,Banks - Regional,48.209999084472656,49.51636647755496,2.7097436587652948,Positive Forecast,Needs Further Review,Needs Further Review,Low Risk,High,26.1010559387116,1.3023963400146117,Weighted Ensemble,,,,,,,,,,pending
2026-05-29,TROW,"T. Rowe Price Group, Inc.",Financial Services,Asset Management,104.52999877929688,106.82439344913074,2.194962878243417,Positive Forecast,Needs Further Review,Needs Further Review,Low Risk,High,24.77499531311986,1.1716550941837849,Weighted Ensemble,,,,,,,,,,pending
2026-05-29,TRV,"The Travelers Companies, Inc.",Financial Services,Insurance - Property & Casualty,291.8900146484375,286.8901602707414,-1.7129240901639349,Neutral Forecast,Stable Watchlist,Stable Watchlist,Low Risk,High,17.6689484575455,0.8289265438821759,Weighted Ensemble,,,,,,,,,,pending
2026-05-29,UNM,Unum Group,Financial Services,Insurance - Life,83.2300033569336,85.36854220289831,2.569432608086713,Positive Forecast,Needs Further Review,Needs Further Review,Low Risk,High,21.61312733301617,0.9994461215522364,Weighted Ensemble,,,,,,,,,,pending
2026-05-29,USB,U.S. Bancorp,Financial Services,Banks - Regional,54.849998474121094,56.52682428196841,3.0571118586967003,Positive Forecast,Needs Further Review,Needs Further Review,Low Risk,High,23.52632786452297,1.1308422362927213,Weighted Ensemble,,,,,,,,,,pending
2026-05-29,V,Visa Inc.,Financial Services,Credit Services,326.3599853515625,328.56824594930663,0.6766333793541938,Neutral Forecast,Stable Watchlist,Stable Watchlist,Low Risk,High,24.469199541257662,1.0293656003223082,Weighted Ensemble,,,,,,,,,,pending
2026-05-29,WFC,Wells Fargo & Company,Financial Services,Banks - Diversified,77.54000091552734,81.66315954714685,5.317460127594406,Positive Forecast,Potential Opportunity,Potential Opportunity,Low Risk,High,29.646552123796138,1.4644008669063089,Weighted Ensemble,,,,,,,,,,pending
2026-05-29,WRB,W. R. Berkley Corporation,Financial Services,Insurance - Property & Casualty,63.540000915527344,61.55491151700978,-3.124157019066814,Negative Forecast,Needs Further Review,Needs Further Review,Low Risk,High,20.89718668888341,1.010297054709451,Weighted Ensemble,,,,,,,,,,pending
2026-05-29,WU,The Western Union Company,Financial Services,Credit Services,8.130000114440918,7.953916484795473,-2.165850272654691,Negative Forecast,Needs Further Review,Needs Further Review,Low Risk,High,29.43189503232844,1.4422339896269811,Weighted Ensemble,,,,,,,,,,pending
2026-05-29,ZION,"Zions Bancorporation, National Association",Financial Services,Banks - Regional,62.45000076293945,65.129033306255,4.289883924077384,Positive Forecast,Needs Further Review,Needs Further Review,Low Risk,High,29.39695135348585,1.3741141872146174,Weighted Ensemble,,,,,,,,,,pending
2026-05-29,A,A,Healthcare,Diagnostics & Research,135.52999877929688,162.22435046758545,19.696267932355592,Positive Forecast,Potential Opportunity,Potential Opportunity,Medium Risk,High,38.48976271670037,1.5086200291886027,Weighted Ensemble,,,,,,,,,,pending
2026-05-29,ABBV,AbbVie Inc.,Healthcare,Drug Manufacturers - General,217.72000122070312,225.20728908792935,3.438952703126426,Positive Forecast,Needs Further Review,Needs Further Review,Low Risk,High,24.743303061608877,1.20899602212485,Weighted Ensemble,,,,,,,,,,pending
2026-05-29,ABT,Abbott Laboratories,Healthcare,Medical Devices,85.5999984741211,85.55969785220906,-0.0470801666243281,Neutral Forecast,Stable Watchlist,Stable Watchlist,Low Risk,High,29.6847130097447,1.3021117931220882,Weighted Ensemble,,,,,,,,,,pending
2026-05-29,ALGN,"Align Technology, Inc.",Healthcare,Medical Instruments & Supplies,174.9499969482422,190.76371377093807,9.038992339836543,Positive Forecast,Potential Opportunity,Potential Opportunity,Medium Risk,Moderate,43.85324398180582,2.066240889328208,Weighted Ensemble,,,,,,,,,,pending
2026-05-29,AMGN,Amgen Inc.,Healthcare,Drug Manufacturers - General,336.7900085449219,338.78701471081183,0.5929529128604155,Neutral Forecast,Stable Watchlist,Stable Watchlist,Low Risk,High,27.7165846346644,1.2355869905724837,Weighted Ensemble,,,,,,,,,,pending
2026-05-29,BAX,Baxter International Inc.,Healthcare,Medical Instruments & Supplies,18.780000686645508,19.57529995381142,4.23482022410921,Positive Forecast,Needs Further Review,Needs Further Review,Medium Risk,Moderate,49.99213027581943,2.2361259205841857,Weighted Ensemble,,,,,,,,,,pending
2026-05-29,BDX,"Becton, Dickinson and Company",Healthcare,Medical Instruments & Supplies,147.1199951171875,149.81526728149476,1.8320230109852529,Neutral Forecast,Stable Watchlist,Stable Watchlist,Low Risk,High,26.896056950163672,1.2405843899412303,Weighted Ensemble,,,,,,,,,,pending
2026-05-29,BIIB,Biogen Inc.,Healthcare,Drug Manufacturers - General,196.0,200.31315124459096,2.200587369689277,Positive Forecast,Needs Further Review,Needs Further Review,Medium Risk,High,35.19265328982521,1.706298383193788,Weighted Ensemble,,,,,,,,,,pending
2026-05-29,BIO,"Bio-Rad Laboratories, Inc.",Healthcare,Medical Devices,312.4800109863281,370.9390266439637,18.708081669964248,Positive Forecast,Potential Opportunity,Potential Opportunity,Medium Risk,High,45.246459496660016,1.795540343840741,Weighted Ensemble,,,,,,,,,,pending
2026-05-29,BMY,Bristol-Myers Squibb Company,Healthcare,Drug Manufacturers - General,57.18000030517578,57.28742347523412,0.1878684321178921,Neutral Forecast,Stable Watchlist,Stable Watchlist,Low Risk,High,24.966710236712,1.210871442672786,Weighted Ensemble,,,,,,,,,,pending
2026-05-29,BSX,Boston Scientific Corporation,Healthcare,Medical Devices,48.310001373291016,43.39347057826756,-10.177045446621824,Negative Forecast,Weak Fundamentals / Negative Forecast,Weak Fundamentals / Negative Forecast,Medium Risk,Moderate,52.86899027626738,2.0496538133693045,Weighted Ensemble,,,,,,,,,,pending
2026-05-29,CAH,"Cardinal Health, Inc.",Healthcare,Medical Distribution,196.8000030517578,200.37583615017317,1.8169883348400788,Neutral Forecast,Stable Watchlist,Stable Watchlist,Low Risk,High,30.94616638200111,1.3460638500492217,Weighted Ensemble,,,,,,,,,,pending
2026-05-29,CI,The Cigna Group,Healthcare,Healthcare Plans,277.3999938964844,262.7951476517174,-5.26490503464718,Negative Forecast,Weak Fundamentals / Negative Forecast,Weak Fundamentals / Negative Forecast,Low Risk,High,27.88814050704805,1.4440051184204634,Weighted Ensemble,,,,,,,,,,pending
2026-05-29,CNC,Centene Corporation,Healthcare,Healthcare Plans,59.599998474121094,60.612551751379144,1.6989149382238835,Neutral Forecast,Stable Watchlist,Stable Watchlist,High Risk,Moderate,56.62365880351751,2.346424101195533,Weighted Ensemble,,,,,,,,,,pending
2026-05-29,COO,"The Cooper Companies, Inc.",Healthcare,Medical Instruments & Supplies,61.209999084472656,61.63664090575481,0.6970132783262548,Neutral Forecast,Stable Watchlist,Stable Watchlist,Low Risk,High,23.71410138704359,1.1632165046443752,Weighted Ensemble,,,,,,,,,,pending
2026-05-29,CVS,CVS Health Corporation,Healthcare,Healthcare Plans,90.9800033569336,86.20904474424574,-5.24396398840565,Negative Forecast,Weak Fundamentals / Negative Forecast,Weak Fundamentals / Negative Forecast,Medium Risk,High,40.64252242199578,1.6703056803044654,Weighted Ensemble,,,,,,,,,,pending
2026-05-29,DGX,Quest Diagnostics Incorporated,Healthcare,Diagnostics & Research,194.8999938964844,202.13619754168317,3.712777769014233,Positive Forecast,Needs Further Review,Needs Further Review,Low Risk,High,23.715743667392665,1.0650120757425072,Weighted Ensemble,,,,,,,,,,pending
2026-05-29,DHR,Danaher Corporation,Healthcare,Diagnostics & Research,182.6699981689453,203.2041822983615,11.24113665913809,Positive Forecast,Potential Opportunity,Potential Opportunity,Low Risk,High,29.03239156312274,1.3996452041271903,Weighted Ensemble,,,,,,,,,,pending
2026-05-29,DVA,DaVita Inc.,Healthcare,Medical Care Facilities,194.36000061035156,198.1893959396939,1.9702589613690196,Neutral Forecast,Stable Watchlist,Stable Watchlist,High Risk,High,55.70784020228625,1.9228879296134975,Weighted Ensemble,,,,,,,,,,pending
2026-05-29,DXCM,"DexCom, Inc.",Healthcare,Medical Devices,73.73999786376953,86.9781764214523,17.95250737888487,Positive Forecast,Potential Opportunity,Potential Opportunity,Medium Risk,High,37.96376925041868,1.7528486465223454,Weighted Ensemble,,,,,,,,,,pending
2026-05-29,EW,Edwards Lifesciences Corporation,Healthcare,Medical Devices,86.47000122070312,91.38251896626213,5.681181538346971,Positive Forecast,Potential Opportunity,Potential Opportunity,Low Risk,High,28.87423389869334,1.3930876184137495,Weighted Ensemble,,,,,,,,,,pending
2026-05-29,GILD,"Gilead Sciences, Inc.",Healthcare,Drug Manufacturers - General,134.42999267578125,138.24358753949778,2.8368631045857255,Positive Forecast,Needs Further Review,Needs Further Review,Low Risk,High,26.237050768301717,1.288723278723556,Weighted Ensemble,,,,,,,,,,pending
2026-05-29,HCA,"HCA Healthcare, Inc.",Healthcare,Medical Care Facilities,378.5400085449219,341.54194505400557,-9.773884571180194,Negative Forecast,Weak Fundamentals / Negative Forecast,Weak Fundamentals / Negative Forecast,Low Risk,High,32.19505206496519,1.4127112249573817,Weighted Ensemble,,,,,,,,,,pending
2026-05-29,HSIC,"Henry Schein, Inc.",Healthcare,Medical Distribution,76.58000183105469,80.60676562222275,5.258244574153475,Positive Forecast,Potential Opportunity,Potential Opportunity,Low Risk,High,26.87340563517151,1.3223885881413675,Weighted Ensemble,,,,,,,,,,pending
2026-05-29,HUM,Humana Inc.,Healthcare,Healthcare Plans,305.4200134277344,310.8456888366736,1.77646361417079,Neutral Forecast,Stable Watchlist,Stable Watchlist,High Risk,Moderate,59.76363138283003,2.3364863157958284,Weighted Ensemble,,,,,,,,,,pending
2026-05-29,IDXX,"IDEXX Laboratories, Inc.",Healthcare,Diagnostics & Research,563.530029296875,595.786567035628,5.7240139942497725,Positive Forecast,Potential Opportunity,Potential Opportunity,Low Risk,High,30.289657402985643,1.45981966014692,Weighted Ensemble,,,,,,,,,,pending
2026-05-29,ILMN,"Illumina, Inc.",Healthcare,Diagnostics & Research,162.9600067138672,188.31504664062328,15.55905675143697,Positive Forecast,Potential Opportunity,Potential Opportunity,Medium Risk,Moderate,43.37558274010427,2.049362722012193,Weighted Ensemble,,,,,,,,,,pending
2026-05-29,INCY,Incyte Corporation,Healthcare,Biotechnology,96.73999786376952,96.39040894755304,-0.3613695719828021,Neutral Forecast,Stable Watchlist,Stable Watchlist,Low Risk,High,28.848781236351652,1.315835230583995,Weighted Ensemble,,,,,,,,,,pending
2026-05-29,IQV,IQVIA Holdings Inc.,Healthcare,Diagnostics & Research,182.2100067138672,197.46648457457945,8.373018658997248,Positive Forecast,Potential Opportunity,Potential Opportunity,Medium Risk,Moderate,50.94319742575636,2.1887433456481253,Weighted Ensemble,,,,,,,,,,pending
2026-05-29,ISRG,"Intuitive Surgical, Inc.",Healthcare,Medical Instruments & Supplies,424.6400146484375,421.7456831605985,-0.6815965024481346,Neutral Forecast,Stable Watchlist,Stable Watchlist,Low Risk,High,30.126910593092,1.3664841499021398,Weighted Ensemble,,,,,,,,,,pending
2026-05-29,JNJ,Johnson & Johnson,Healthcare,Drug Manufacturers - General,225.3300018310547,220.79066181830424,-2.0145297900249988,Negative Forecast,Needs Further Review,Needs Further Review,Low Risk,High,16.82365629389415,0.836718526759087,Weighted Ensemble,,,,,,,,,,pending
2026-05-29,LH,Labcorp Holdings Inc.,Healthcare,Diagnostics & Research,260.05999755859375,266.77685173556074,2.582809443983643,Positive Forecast,Needs Further Review,Needs Further Review,Low Risk,High,22.68072382377245,1.1325909594196455,Weighted Ensemble,,,,,,,,,,pending
2026-05-29,LLY,Eli Lilly and Company,Healthcare,Drug Manufacturers - General,1105.0,1236.3775449572047,11.889370584362416,Positive Forecast,Potential Opportunity,Potential Opportunity,Medium Risk,High,41.46777439152513,1.8699660340149744,Weighted Ensemble,,,,,,,,,,pending
2026-05-29,MCK,McKesson Corporation,Healthcare,Medical Distribution,742.4400024414062,739.3197635683268,-0.4202681513413828,Neutral Forecast,Stable Watchlist,Stable Watchlist,Medium Risk,High,36.601370525182496,1.3452916683297542,Weighted Ensemble,,,,,,,,,,pending
2026-05-29,MDT,Medtronic plc,Healthcare,Medical Devices,73.80999755859375,70.4303218477304,-4.578886089489993,Negative Forecast,Needs Further Review,Needs Further Review,Low Risk,High,21.20760666791857,1.0790973413653768,Weighted Ensemble,,,,,,,,,,pending
2026-05-29,MRK,"Merck & Co., Inc.",Healthcare,Drug Manufacturers - General,118.72000122070312,124.46233935014524,4.836875059297703,Positive Forecast,Needs Further Review,Needs Further Review,Low Risk,High,26.012068973813346,1.2313622379101392,Weighted Ensemble,,,,,,,,,,pending
2026-05-29,MTD,Mettler-Toledo International Inc.,Healthcare,Diagnostics & Research,1180.5799560546875,1354.9115317957069,14.766604739217165,Positive Forecast,Potential Opportunity,Potential Opportunity,Medium Risk,High,41.3322298270988,1.6860841422494688,Weighted Ensemble,,,,,,,,,,pending
2026-05-29,PFE,Pfizer Inc.,Healthcare,Drug Manufacturers - General,26.18000030517578,26.55324027595792,1.4256683209753354,Neutral Forecast,Stable Watchlist,Stable Watchlist,Low Risk,High,22.10701487341703,1.0991158601342954,Weighted Ensemble,,,,,,,,,,pending
2026-05-29,PRGO,Perrigo Company plc,Healthcare,Drug Manufacturers - Specialty & Generic,11.050000190734863,10.997649735512148,-0.473759767593576,Neutral Forecast,Stable Watchlist,Stable Watchlist,Medium Risk,Moderate,49.26801308353531,2.4405812722058786,Weighted Ensemble,,,,,,,,,,pending
2026-05-29,REGN,"Regeneron Pharmaceuticals, Inc.",Healthcare,Biotechnology,614.780029296875,554.3362326995333,-9.831776199118144,Negative Forecast,Weak Fundamentals / Negative Forecast,Weak Fundamentals / Negative Forecast,Low Risk,High,32.55794438582496,1.495311890883097,Weighted Ensemble,,,,,,,,,,pending
2026-05-29,RMD,ResMed Inc.,Healthcare,Medical Instruments & Supplies,190.57000732421875,179.3149750163832,-5.905983037869783,Negative Forecast,Weak Fundamentals / Negative Forecast,Weak Fundamentals / Negative Forecast,Low Risk,High,28.87590579087312,1.3546645883040531,Weighted Ensemble,,,,,,,,,,pending
2026-05-29,STE,STERIS plc,Healthcare,Medical Devices,212.72999572753903,209.4559000452722,-1.539085106954194,Neutral Forecast,Stable Watchlist,Stable Watchlist,Low Risk,High,27.780029743808033,1.264080589145797,Weighted Ensemble,,,,,,,,,,pending
2026-05-29,SYK,Stryker Corporation,Healthcare,Medical Devices,305.0899963378906,303.5053079577235,-0.5194166964465291,Neutral Forecast,Stable Watchlist,Stable Watchlist,Low Risk,High,26.89083992546647,1.275806327241545,Weighted Ensemble,,,,,,,,,,pending
2026-05-29,TFX,Teleflex Incorporated,Healthcare,Medical Instruments & Supplies,128.63999938964844,125.89415602373349,-2.134517552039044,Negative Forecast,Needs Further Review,Needs Further Review,Medium Risk,High,40.11752782973984,1.7662678435981385,Weighted Ensemble,,,,,,,,,,pending
2026-05-29,TMO,Thermo Fisher Scientific Inc.,Healthcare,Diagnostics & Research,492.510009765625,546.3666457923864,10.93513531885182,Positive Forecast,Potential Opportunity,Potential Opportunity,Low Risk,High,33.43599868072758,1.549002429923882,Weighted Ensemble,,,,,,,,,,pending
2026-05-29,UHS,"Universal Health Services, Inc.",Healthcare,Medical Care Facilities,146.11000061035156,127.10657113873764,-13.006248300752906,Negative Forecast,Weak Fundamentals / Negative Forecast,Weak Fundamentals / Negative Forecast,Medium Risk,High,38.54557965423047,1.5249546399779894,Weighted Ensemble,,,,,,,,,,pending
2026-05-29,UNH,UnitedHealth Group Incorporated,Healthcare,Healthcare Plans,380.30999755859375,363.4822093369175,-4.424755680813684,Negative Forecast,Needs Further Review,Needs Further Review,Medium Risk,High,49.309237247380096,1.7836543245580592,Weighted Ensemble,,,,,,,,,,pending
2026-05-29,VRTX,Vertex Pharmaceuticals Incorporated,Healthcare,Biotechnology,447.5400085449219,448.0028980248948,0.1034297428464389,Neutral Forecast,Stable Watchlist,Stable Watchlist,Low Risk,High,30.4622091978721,1.4140745458443975,Weighted Ensemble,,,,,,,,,,pending
2026-05-29,WAT,Waters Corporation,Healthcare,Diagnostics & Research,383.5700073242187,451.3755210756174,17.67748063108726,Positive Forecast,Potential Opportunity,Potential Opportunity,Medium Risk,High,48.14125850032784,1.928870477417343,Weighted Ensemble,,,,,,,,,,pending
2026-05-29,WST,"West Pharmaceutical Services, Inc.",Healthcare,Medical Instruments & Supplies,322.80999755859375,348.6115503016491,7.992798531083935,Positive Forecast,Potential Opportunity,Potential Opportunity,Medium Risk,High,37.70344953765666,1.694975457826037,Weighted Ensemble,,,,,,,,,,pending
2026-05-29,XRAY,DENTSPLY SIRONA Inc.,Healthcare,Medical Instruments & Supplies,10.470000267028809,10.437392652996794,-0.3114385214936436,Neutral Forecast,Stable Watchlist,Stable Watchlist,Medium Risk,Moderate,51.2918405161659,2.247739110798991,Weighted Ensemble,,,,,,,,,,pending
2026-05-29,ZBH,"Zimmer Biomet Holdings, Inc.",Healthcare,Medical Devices,82.33000183105469,81.76514142753149,-0.6860930292244136,Neutral Forecast,Stable Watchlist,Stable Watchlist,Low Risk,High,30.85980077671289,1.2897694698810829,Weighted Ensemble,,,,,,,,,,pending
2026-05-29,ZTS,Zoetis Inc.,Healthcare,Drug Manufacturers - Specialty & Generic,77.69000244140625,78.68574919575738,1.2816922680651517,Neutral Forecast,Stable Watchlist,Stable Watchlist,Medium Risk,High,50.44557325685191,1.7350364342748137,Weighted Ensemble,,,,,,,,,,pending
2026-05-29,AAL,American Airlines Group Inc.,Industrials,Airlines,14.640000343322754,17.066799641712628,16.576497551085968,Positive Forecast,Potential Opportunity,Potential Opportunity,Medium Risk,Moderate,52.05333915784164,2.5676565093244035,Weighted Ensemble,,,,,,,,,,pending
2026-05-29,ALK,"Alaska Air Group, Inc.",Industrials,Airlines,46.02000045776367,54.86126534088497,19.21178790781554,Positive Forecast,Potential Opportunity,Potential Opportunity,High Risk,Moderate,60.30112713174841,2.9994081474941843,Weighted Ensemble,,,,,,,,,,pending
2026-05-29,ALLE,Allegion plc,Industrials,Security & Protection Services,130.07000732421875,129.0859497297139,-0.7565599593240215,Neutral Forecast,Stable Watchlist,Stable Watchlist,Low Risk,High,30.67351657392365,1.3099094353397776,Weighted Ensemble,,,,,,,,,,pending
2026-05-29,AME,"AMETEK, Inc.",Industrials,Specialty Industrial Machinery,225.8500061035156,222.47819932024024,-1.4929407536654682,Neutral Forecast,Stable Watchlist,Stable Watchlist,Low Risk,High,25.388806380431124,1.2084446949492835,Weighted Ensemble,,,,,,,,,,pending
2026-05-29,AOS,A. O. Smith Corporation,Industrials,Specialty Industrial Machinery,56.720001220703125,55.30691988844564,-2.4913281062160855,Negative Forecast,Needs Further Review,Needs Further Review,Low Risk,High,28.418577379808102,1.435834972847878,Weighted Ensemble,,,,,,,,,,pending
2026-05-29,BA,The Boeing Company,Industrials,Aerospace & Defense,231.1499938964844,234.56404990323577,1.47698727964503,Neutral Forecast,Stable Watchlist,Stable Watchlist,Low Risk,High,33.440191194712284,1.701864719778572,Weighted Ensemble,,,,,,,,,,pending
2026-05-29,CARR,Carrier Global Corporation,Industrials,Building Products & Equipment,63.869998931884766,61.88756477305877,-3.103858136807229,Negative Forecast,Needs Further Review,Needs Further Review,Medium Risk,High,42.30037254793404,1.8930535440988896,Weighted Ensemble,,,,,,,,,,pending
2026-05-29,CAT,Caterpillar Inc.,Industrials,Farm & Heavy Construction Machinery,875.8699951171875,858.8822812591652,-1.939524581584669,Neutral Forecast,Stable Watchlist,Stable Watchlist,Medium Risk,High,39.83892172319416,1.8908872934900305,Weighted Ensemble,,,,,,,,,,pending
2026-05-29,CHRW,"C.H. Robinson Worldwide, Inc.",Industrials,Integrated Freight & Logistics,178.64999389648438,199.54355545568927,11.695248963350824,Positive Forecast,Potential Opportunity,Potential Opportunity,Medium Risk,Moderate,48.12833975241874,2.035742444810208,Weighted Ensemble,,,,,,,,,,pending
2026-05-29,CMI,Cummins Inc.,Industrials,Specialty Industrial Machinery,646.6300048828125,604.7224440328954,-6.480918072694744,Negative Forecast,Weak Fundamentals / Negative Forecast,Weak Fundamentals / Negative Forecast,Medium Risk,High,42.43862666958072,1.9062995738159645,Weighted Ensemble,,,,,,,,,,pending
2026-05-29,CPRT,"Copart, Inc.",Industrials,Specialty Business Services,32.77000045776367,32.4266570414444,-1.047736989695185,Neutral Forecast,Stable Watchlist,Stable Watchlist,Low Risk,High,27.46596400784756,1.2495380049341982,Weighted Ensemble,,,,,,,,,,pending
2026-05-29,CSX,CSX Corporation,Industrials,Railroads,45.2599983215332,44.77751473242952,-1.0660265289363262,Neutral Forecast,Stable Watchlist,Stable Watchlist,Low Risk,High,25.06608637096673,1.197680169126304,Weighted Ensemble,,,,,,,,,,pending
2026-05-29,CTAS,Cintas Corporation,Industrials,Specialty Business Services,171.25999450683594,175.8648011315879,2.6887812521611223,Positive Forecast,Needs Further Review,Needs Further Review,Low Risk,High,22.033925536177577,1.0939136784763626,Weighted Ensemble,,,,,,,,,,pending
2026-05-29,DAL,"Delta Air Lines, Inc.",Industrials,Airlines,82.4800033569336,95.77038944698428,16.113464535805512,Positive Forecast,Potential Opportunity,Potential Opportunity,Medium Risk,Moderate,44.32257691881095,2.0979400477782963,Weighted Ensemble,,,,,,,,,,pending
2026-05-29,DE,Deere & Company,Industrials,Farm & Heavy Construction Machinery,542.1799926757812,521.1729917032573,-3.8745437412490418,Negative Forecast,Needs Further Review,Needs Further Review,Medium Risk,High,35.69631859957168,1.551028404664194,Weighted Ensemble,,,,,,,,,,pending
2026-05-29,DOV,Dover Corporation,Industrials,Specialty Industrial Machinery,211.36000061035156,210.449009429925,-0.4310139940366431,Neutral Forecast,Stable Watchlist,Stable Watchlist,Low Risk,High,27.037663079726943,1.3109698728708747,Weighted Ensemble,,,,,,,,,,pending
2026-05-29,EFX,Equifax Inc.,Industrials,Consulting Services,165.7899932861328,172.6778823761683,4.154586747674119,Positive Forecast,Needs Further Review,Needs Further Review,Medium Risk,High,42.965293917054645,1.9300158135300516,Weighted Ensemble,,,,,,,,,,pending
2026-05-29,EMR,Emerson Electric Co.,Industrials,Specialty Industrial Machinery,143.82000732421875,151.17594407675966,5.114682504471129,Positive Forecast,Potential Opportunity,Potential Opportunity,Medium Risk,High,37.96459159850007,1.8053301942680704,Weighted Ensemble,,,,,,,,,,pending
2026-05-29,ETN,Eaton Corporation plc,Industrials,Specialty Industrial Machinery,400.6000061035156,399.05207989853005,-0.3864019424367122,Neutral Forecast,Stable Watchlist,Stable Watchlist,Medium Risk,High,37.03259326163651,1.756727894070861,Weighted Ensemble,,,,,,,,,,pending
2026-05-29,EXPD,"Expeditors International of Washington, Inc.",Industrials,Integrated Freight & Logistics,157.99000549316406,162.89036474674043,3.101689400085753,Positive Forecast,Needs Further Review,Needs Further Review,Medium Risk,High,38.8812596349992,1.4400891873637105,Weighted Ensemble,,,,,,,,,,pending
2026-05-29,FAST,Fastenal Company,Industrials,Industrial Distribution,44.20000076293945,44.67780025165497,1.08099429970178,Neutral Forecast,Stable Watchlist,Stable Watchlist,Low Risk,High,28.812646904146483,1.3311416012029853,Weighted Ensemble,,,,,,,,,,pending
2026-05-29,FDX,FedEx Corporation,Industrials,Integrated Freight & Logistics,411.75,450.4712167899756,9.40405993684896,Positive Forecast,Potential Opportunity,Potential Opportunity,Low Risk,High,32.47955480739958,1.4542783333753329,Weighted Ensemble,,,,,,,,,,pending
2026-05-29,FLS,Flowserve Corporation,Industrials,Specialty Industrial Machinery,75.51000213623047,84.65665111484864,12.113162124027433,Positive Forecast,Potential Opportunity,Potential Opportunity,Medium Risk,Moderate,49.39292919063818,2.18498781541341,Weighted Ensemble,,,,,,,,,,pending
2026-05-29,GD,General Dynamics Corporation,Industrials,Aerospace & Defense,346.82000732421875,354.7793582634731,2.294951493906665,Positive Forecast,Needs Further Review,Needs Further Review,Low Risk,High,24.69746677534161,1.1475291114898558,Weighted Ensemble,,,,,,,,,,pending
2026-05-29,GE,GE Aerospace,Industrials,Aerospace & Defense,323.760009765625,363.3135153121525,12.216921285356062,Positive Forecast,Potential Opportunity,Potential Opportunity,Medium Risk,High,40.17767399297661,1.9169510335722544,Weighted Ensemble,,,,,,,,,,pending
2026-05-29,GPN,Global Payments Inc.,Industrials,Specialty Business Services,75.51000213623047,83.67389200311932,10.811666846678229,Positive Forecast,Potential Opportunity,Potential Opportunity,Medium Risk,High,45.58640715119958,1.9468823677824256,Weighted Ensemble,,,,,,,,,,pending
2026-05-29,GWW,"W.W. Grainger, Inc.",Industrials,Industrial Distribution,1234.239990234375,1200.028951095041,-2.771830390363341,Negative Forecast,Needs Further Review,Needs Further Review,Low Risk,High,26.9586813802618,1.1621853881144657,Weighted Ensemble,,,,,,,,,,pending
2026-05-29,HII,"Huntington Ingalls Industries, Inc.",Industrials,Aerospace & Defense,308.1700134277344,288.1495419435833,-6.496567028526239,Negative Forecast,Weak Fundamentals / Negative Forecast,Weak Fundamentals / Negative Forecast,Medium Risk,High,42.408623029247934,1.8774393983556448,Weighted Ensemble,,,,,,,,,,pending
2026-05-29,HON,Honeywell International Inc.,Industrials,Conglomerates,237.86000061035156,261.4300087543405,9.909193678427664,Positive Forecast,Potential Opportunity,Potential Opportunity,Low Risk,High,24.17043760959727,1.156057713105437,Weighted Ensemble,,,,,,,,,,pending
2026-05-29,HWM,Howmet Aerospace Inc.,Industrials,Aerospace & Defense,258.25,252.69152496913313,-2.15236206422725,Negative Forecast,Needs Further Review,Needs Further Review,Medium Risk,High,36.67404969573763,1.7735749737937647,Weighted Ensemble,,,,,,,,,,pending
2026-05-29,IEX,IDEX Corporation,Industrials,Specialty Industrial Machinery,210.8300018310547,210.75252619363,-0.0367479185845577,Neutral Forecast,Stable Watchlist,Stable Watchlist,Low Risk,High,25.3949154619752,1.1933702202100618,Weighted Ensemble,,,,,,,,,,pending
2026-05-29,IR,Ingersoll Rand Inc.,Industrials,Specialty Industrial Machinery,71.63999938964844,72.00064189119395,0.503409414598102,Neutral Forecast,Stable Watchlist,Stable Watchlist,Medium Risk,High,37.9468968930031,1.882603462234804,Weighted Ensemble,,,,,,,,,,pending
2026-05-29,ITW,Illinois Tool Works Inc.,Industrials,Specialty Industrial Machinery,247.27999877929688,244.097692669362,-1.2869241853948536,Neutral Forecast,Stable Watchlist,Stable Watchlist,Low Risk,High,22.65810261677829,1.060445227871838,Weighted Ensemble,,,,,,,,,,pending
2026-05-29,J,Jacobs Solutions Inc.,Industrials,Engineering & Construction,119.86000061035156,127.35352013182188,6.251893445112455,Positive Forecast,Potential Opportunity,Potential Opportunity,Medium Risk,High,39.39767548482761,1.7451533862876625,Weighted Ensemble,,,,,,,,,,pending
2026-05-29,JBHT,"J.B. Hunt Transport Services, Inc.",Industrials,Integrated Freight & Logistics,276.42999267578125,304.0301127212597,9.98448821646138,Positive Forecast,Potential Opportunity,Potential Opportunity,Medium Risk,High,35.85036629909866,1.748221841632494,Weighted Ensemble,,,,,,,,,,pending
2026-05-29,JCI,Johnson Controls International plc,Industrials,Building Products & Equipment,134.05999755859375,126.78683150775092,-5.42530671587095,Negative Forecast,Weak Fundamentals / Negative Forecast,Weak Fundamentals / Negative Forecast,Low Risk,High,30.21354632084659,1.4842645258995737,Weighted Ensemble,,,,,,,,,,pending
2026-05-29,LHX,"L3Harris Technologies, Inc.",Industrials,Aerospace & Defense,315.17999267578125,325.4035573824007,3.2437226169797606,Positive Forecast,Needs Further Review,Needs Further Review,Low Risk,High,27.75771644517596,1.412020680329859,Weighted Ensemble,,,,,,,,,,pending
2026-05-29,LMT,Lockheed Martin Corporation,Industrials,Aerospace & Defense,530.4500122070312,543.5654897102546,2.472519031275745,Positive Forecast,Needs Further Review,Needs Further Review,Low Risk,High,26.61462824739499,1.3497828321286158,Weighted Ensemble,,,,,,,,,,pending
2026-05-29,LUV,Southwest Airlines Co.,Industrials,Airlines,42.95000076293945,47.472894793039785,10.530602909797922,Positive Forecast,Potential Opportunity,Potential Opportunity,Medium Risk,Moderate,54.75214558285069,2.488512907103368,Weighted Ensemble,,,,,,,,,,pending
2026-05-29,MAS,Masco Corporation,Industrials,Building Products & Equipment,70.25,72.50970888755758,3.2166674555979777,Positive Forecast,Needs Further Review,Needs Further Review,Medium Risk,High,39.07371836972369,1.7794185559853275,Weighted Ensemble,,,,,,,,,,pending
2026-05-29,MMM,3M Company,Industrials,Conglomerates,153.1300048828125,162.25117027813047,5.956484754440012,Positive Forecast,Potential Opportunity,Potential Opportunity,Low Risk,High,27.95684447255356,1.3465800321179286,Weighted Ensemble,,,,,,,,,,pending
2026-05-29,NOC,Northrop Grumman Corporation,Industrials,Aerospace & Defense,563.6799926757812,582.3051842751245,3.3042137101460165,Positive Forecast,Needs Further Review,Needs Further Review,Low Risk,High,27.756317162110474,1.314240262395871,Weighted Ensemble,,,,,,,,,,pending
2026-05-29,NSC,Norfolk Southern Corporation,Industrials,Railroads,304.9599914550781,295.3880190888573,-3.1387633245100086,Negative Forecast,Needs Further Review,Needs Further Review,Low Risk,High,24.2402701415492,0.992395645771054,Weighted Ensemble,,,,,,,,,,pending
2026-05-29,ODFL,"Old Dominion Freight Line, Inc.",Industrials,Trucking,225.1499938964844,256.7482683986387,14.034321722736532,Positive Forecast,Potential Opportunity,Potential Opportunity,Medium Risk,Moderate,44.55514291367457,2.059462457895401,Weighted Ensemble,,,,,,,,,,pending
2026-05-29,OTIS,Otis Worldwide Corporation,Industrials,Specialty Industrial Machinery,70.83999633789062,68.8249826670274,-2.84445761579669,Negative Forecast,Needs Further Review,Needs Further Review,Low Risk,High,25.22263532254548,1.25860312691702,Weighted Ensemble,,,,,,,,,,pending
2026-05-29,PCAR,PACCAR Inc,Industrials,Farm & Heavy Construction Machinery,110.37000274658205,109.16737353678658,-1.0896341214712022,Neutral Forecast,Stable Watchlist,Stable Watchlist,Low Risk,High,27.14338304140515,1.2978567246557469,Weighted Ensemble,,,,,,,,,,pending
2026-05-29,PH,Parker-Hannifin Corporation,Industrials,Specialty Industrial Machinery,844.6300048828125,818.831997353088,-3.054356035256385,Negative Forecast,Needs Further Review,Needs Further Review,Low Risk,High,27.947525446945132,1.3493175945575748,Weighted Ensemble,,,,,,,,,,pending
2026-05-29,PNR,Pentair plc,Industrials,Specialty Industrial Machinery,70.83999633789062,67.23896705227784,-5.083327882227285,Negative Forecast,Weak Fundamentals / Negative Forecast,Weak Fundamentals / Negative Forecast,Medium Risk,High,35.78283148881411,1.561886841183973,Weighted Ensemble,,,,,,,,,,pending
2026-05-29,PWR,"Quanta Services, Inc.",Industrials,Engineering & Construction,711.72998046875,670.4156145753552,-5.804780889823535,Negative Forecast,Weak Fundamentals / Negative Forecast,Weak Fundamentals / Negative Forecast,Medium Risk,High,42.83154195235534,1.811979813417825,Weighted Ensemble,,,,,,,,,,pending
2026-05-29,RHI,Robert Half Inc.,Industrials,Staffing & Employment Services,29.440000534057617,34.29357001100816,16.486309065571163,Positive Forecast,High Volatility Speculative,High Volatility Speculative,High Risk,Moderate,69.78857605401153,3.0182874548333136,Weighted Ensemble,,,,,,,,,,pending
2026-05-29,ROK,"Rockwell Automation, Inc.",Industrials,Specialty Industrial Machinery,451.05999755859375,450.71322923811226,-0.0768785355292876,Neutral Forecast,Stable Watchlist,Stable Watchlist,Medium Risk,High,36.39929893816003,1.6724726018430902,Weighted Ensemble,,,,,,,,,,pending
2026-05-29,RSG,"Republic Services, Inc.",Industrials,Waste Management,200.44000244140625,193.07035991263797,-3.6767324082041046,Negative Forecast,Needs Further Review,Needs Further Review,Low Risk,High,20.39390628756615,1.01006291195787,Weighted Ensemble,,,,,,,,,,pending
2026-05-29,RTX,RTX Corporation,Industrials,Aerospace & Defense,179.66000366210938,185.47044688511008,3.2341328646127243,Positive Forecast,Needs Further Review,Needs Further Review,Low Risk,High,25.484933214140387,1.2425147967550514,Weighted Ensemble,,,,,,,,,,pending
2026-05-29,SNA,Snap-on Incorporated,Industrials,Tools & Accessories,371.2099914550781,378.4705764478373,1.9559239136583968,Neutral Forecast,Stable Watchlist,Stable Watchlist,Low Risk,High,22.261788191246072,1.077471845321385,Weighted Ensemble,,,,,,,,,,pending
2026-05-29,SWK,"Stanley Black & Decker, Inc.",Industrials,Tools & Accessories,79.41999816894531,81.97722471351562,3.219877365308522,Positive Forecast,Needs Further Review,Needs Further Review,Medium Risk,High,40.04318362243984,1.977487050952087,Weighted Ensemble,,,,,,,,,,pending
2026-05-29,TDG,TransDigm Group Incorporated,Industrials,Aerospace & Defense,1258.3199462890625,1342.2755360403914,6.6720383793425615,Positive Forecast,Potential Opportunity,Potential Opportunity,Low Risk,High,32.55796261387065,1.5058433472150223,Weighted Ensemble,,,,,,,,,,pending
2026-05-29,TT,Trane Technologies plc,Industrials,Building Products & Equipment,451.2999877929687,430.27971894924946,-4.657715358362067,Negative Forecast,Needs Further Review,Needs Further Review,Low Risk,High,32.69210162606361,1.5499290322762902,Weighted Ensemble,,,,,,,,,,pending
2026-05-29,TXT,Textron Inc.,Industrials,Aerospace & Defense,91.76000213623048,92.59862774609576,0.91393372966604,Neutral Forecast,Stable Watchlist,Stable Watchlist,Low Risk,High,30.478464728327193,1.3995863444512102,Weighted Ensemble,,,,,,,,,,pending
2026-05-29,UAL,"United Airlines Holdings, Inc.",Industrials,Airlines,114.8000030517578,136.30406270068306,18.731758778116163,Positive Forecast,Potential Opportunity,Potential Opportunity,High Risk,Moderate,56.67708477828036,2.738472429116397,Weighted Ensemble,,,,,,,,,,pending
2026-05-29,UNP,Union Pacific Corporation,Industrials,Railroads,262.6400146484375,257.3831698963926,-2.0015399249354964,Negative Forecast,Needs Further Review,Needs Further Review,Low Risk,High,25.6104914983722,1.091789822984791,Weighted Ensemble,,,,,,,,,,pending
2026-05-29,UPS,"United Parcel Service, Inc.",Industrials,Integrated Freight & Logistics,106.69000244140624,116.24595427079018,8.95674534699916,Positive Forecast,Potential Opportunity,Potential Opportunity,Low Risk,High,33.60244473531381,1.4601099583174018,Weighted Ensemble,,,,,,,,,,pending
2026-05-29,URI,"United Rentals, Inc.",Industrials,Rental & Leasing Services,995.6699829101562,1031.3349362005847,3.5820054739610105,Positive Forecast,Needs Further Review,Needs Further Review,Medium Risk,High,54.08230344812349,1.9665588932121725,Weighted Ensemble,,,,,,,,,,pending
2026-05-29,VRSK,"Verisk Analytics, Inc.",Industrials,Consulting Services,174.99000549316406,193.00259246813297,10.293494719429887,Positive Forecast,Potential Opportunity,Potential Opportunity,Medium Risk,High,40.38781431314456,1.907956386969084,Weighted Ensemble,,,,,,,,,,pending
2026-05-29,WAB,Westinghouse Air Brake Technologies Corporation,Industrials,Railroads,261.1600036621094,257.76921703561663,-1.2983560188947478,Neutral Forecast,Stable Watchlist,Stable Watchlist,Low Risk,High,26.770951040186553,1.2752070139381786,Weighted Ensemble,,,,,,,,,,pending
2026-05-29,WM,"Waste Management, Inc.",Industrials,Waste Management,211.4600067138672,204.75274850617745,-3.1718802585519277,Negative Forecast,Needs Further Review,Needs Further Review,Low Risk,High,20.46010620096294,0.9339885986647468,Weighted Ensemble,,,,,,,,,,pending
2026-05-29,XRX,Xerox Holdings Corporation,Industrials,Business Equipment & Supplies,3.240000009536743,3.8020311491486902,17.346640060421066,Positive Forecast,High Volatility Speculative,High Volatility Speculative,High Risk,Moderate,111.37176051225882,4.8087175188235065,Weighted Ensemble,,,,,,,,,,pending
2026-05-29,XYL,Xylem Inc.,Industrials,Specialty Industrial Machinery,109.54000091552734,109.8705929879927,0.3018003192461986,Neutral Forecast,Stable Watchlist,Stable Watchlist,Low Risk,High,28.571552271734568,1.3543747312646846,Weighted Ensemble,,,,,,,,,,pending
2026-05-29,AIV,Apartment Investment and Management Company,Real Estate,REIT - Residential,4.199999809265137,4.124180316759582,-1.8052260940178608,Neutral Forecast,Stable Watchlist,Stable Watchlist,Medium Risk,High,48.83178521489909,1.1852018042652417,Weighted Ensemble,,,,,,,,,,pending
2026-05-29,AMT,American Tower Corporation,Real Estate,REIT - Specialty,186.9600067138672,202.4803466560971,8.301422435217948,Positive Forecast,Potential Opportunity,Potential Opportunity,Low Risk,High,27.62065549961214,1.3406478799975663,Weighted Ensemble,,,,,,,,,,pending
2026-05-29,ARE,"Alexandria Real Estate Equities, Inc.",Real Estate,REIT - Office,49.68000030517578,52.50879419421187,5.694029532325469,Positive Forecast,Potential Opportunity,Potential Opportunity,Medium Risk,Moderate,45.57764902750311,2.120228433830182,Weighted Ensemble,,,,,,,,,,pending
2026-05-29,AVB,"AvalonBay Communities, Inc.",Real Estate,REIT - Residential,182.5099945068359,180.82276641298628,-0.9244579171725475,Neutral Forecast,Stable Watchlist,Stable Watchlist,Low Risk,High,21.75473315307206,1.03522406857327,Weighted Ensemble,,,,,,,,,,pending
2026-05-29,BXP,"BXP, Inc.",Real Estate,REIT - Office,60.0099983215332,61.137966536717904,1.8796338055886197,Neutral Forecast,Stable Watchlist,Stable Watchlist,Low Risk,High,30.259931105003364,1.4542963738168904,Weighted Ensemble,,,,,,,,,,pending
2026-05-29,CBRE,"CBRE Group, Inc.",Real Estate,Real Estate Services,125.04000091552734,119.2063682767217,-4.665413144667712,Negative Forecast,Needs Further Review,Needs Further Review,Medium Risk,High,39.95345907289466,1.6573453708147603,Weighted Ensemble,,,,,,,,,,pending
2026-05-29,CCI,Crown Castle Inc.,Real Estate,REIT - Specialty,91.5,94.61967801601511,3.409484170508322,Positive Forecast,Needs Further Review,Needs Further Review,Low Risk,High,33.44866562764321,1.5857104736923449,Weighted Ensemble,,,,,,,,,,pending
2026-05-29,DLR,"Digital Realty Trust, Inc.",Real Estate,REIT - Specialty,190.0,188.10076737514075,-0.9995961183469748,Neutral Forecast,Stable Watchlist,Stable Watchlist,Low Risk,High,21.83509382732478,1.0412692037027662,Weighted Ensemble,,,,,,,,,,pending
2026-05-29,EQIX,"Equinix, Inc.",Real Estate,REIT - Specialty,1068.0400390625,1059.7566922694507,-0.7755651932600044,Neutral Forecast,Stable Watchlist,Stable Watchlist,Low Risk,High,25.039318299087547,1.03398392621365,Weighted Ensemble,,,,,,,,,,pending
2026-05-29,EQR,Equity Residential,Real Estate,REIT - Residential,65.44999694824219,65.64131435184412,0.2923107907143558,Neutral Forecast,Stable Watchlist,Stable Watchlist,Low Risk,High,20.62847359244966,0.9872458394272846,Weighted Ensemble,,,,,,,,,,pending
2026-05-29,ESS,"Essex Property Trust, Inc.",Real Estate,REIT - Residential,272.6400146484375,275.80418626295557,1.160567577946395,Neutral Forecast,Stable Watchlist,Stable Watchlist,Low Risk,High,20.17432050318725,0.9348743981107128,Weighted Ensemble,,,,,,,,,,pending
2026-05-29,EXR,Extra Space Storage Inc.,Real Estate,REIT - Industrial,144.30999755859375,145.90119737457056,1.1026261817589855,Neutral Forecast,Stable Watchlist,Stable Watchlist,Low Risk,High,24.62817130775596,1.221652563544514,Weighted Ensemble,,,,,,,,,,pending
2026-05-29,FRT,Federal Realty Investment Trust,Real Estate,REIT - Retail,119.62999725341795,125.65996337021085,5.040513462538435,Positive Forecast,Potential Opportunity,Potential Opportunity,Low Risk,High,17.63002568654855,0.8324023019361927,Weighted Ensemble,,,,,,,,,,pending
2026-05-29,HST,"Host Hotels & Resorts, Inc.",Real Estate,REIT - Hotel & Motel,22.979999542236328,24.51691629272849,6.688062580973374,Positive Forecast,Potential Opportunity,Potential Opportunity,Low Risk,High,25.02726585063585,1.2567531362002675,Weighted Ensemble,,,,,,,,,,pending
2026-05-29,IRM,Iron Mountain Incorporated,Real Estate,REIT - Specialty,128.25,130.22009498404677,1.5361364398025477,Neutral Forecast,Stable Watchlist,Stable Watchlist,Medium Risk,High,35.00295715880271,1.5787115249229513,Weighted Ensemble,,,,,,,,,,pending
2026-05-29,KIM,Kimco Realty Corporation,Real Estate,REIT - Retail,24.079999923706055,24.94843150531415,3.606443456642833,Positive Forecast,Needs Further Review,Needs Further Review,Low Risk,High,17.88878458887297,0.880632193756521,Weighted Ensemble,,,,,,,,,,pending
2026-05-29,MAA,"Mid-America Apartment Communities, Inc.",Real Estate,REIT - Residential,129.07000732421875,129.9640584075296,0.6926869393173745,Neutral Forecast,Stable Watchlist,Stable Watchlist,Low Risk,High,19.48404908503793,0.9082930327756666,Weighted Ensemble,,,,,,,,,,pending
2026-05-29,O,Realty Income Corporation,Real Estate,REIT - Retail,61.279998779296875,60.63510567766994,-1.0523712703545416,Neutral Forecast,Stable Watchlist,Stable Watchlist,Low Risk,High,16.281452960060818,0.8434858131205721,Weighted Ensemble,,,,,,,,,,pending
2026-05-29,PLD,"Prologis, Inc.",Real Estate,REIT - Industrial,143.47000122070312,144.74752993521025,0.890450061781122,Neutral Forecast,Stable Watchlist,Stable Watchlist,Low Risk,High,21.31072000562933,1.0568310858960746,Weighted Ensemble,,,,,,,,,,pending
2026-05-29,PSA,Public Storage,Real Estate,REIT - Industrial,303.69000244140625,304.3516290906162,0.2178625058088975,Neutral Forecast,Stable Watchlist,Stable Watchlist,Low Risk,High,25.33949658575731,1.260714290572527,Weighted Ensemble,,,,,,,,,,pending
2026-05-29,REG,Regency Centers Corporation,Real Estate,REIT - Retail,77.3499984741211,77.79427938711774,0.574377403698707,Neutral Forecast,Stable Watchlist,Stable Watchlist,Low Risk,High,15.48596528035084,0.7627586912849337,Weighted Ensemble,,,,,,,,,,pending
2026-05-29,SBAC,SBA Communications Corporation,Real Estate,REIT - Specialty,203.16000366210935,203.82616734090908,0.3279009976332155,Neutral Forecast,Stable Watchlist,Stable Watchlist,Medium Risk,High,42.26000296955069,1.6392066064973556,Weighted Ensemble,,,,,,,,,,pending
2026-05-29,SLG,SL Green Realty Corp.,Real Estate,REIT - Office,45.400001525878906,47.831351725050546,5.3553967344818725,Positive Forecast,Potential Opportunity,Potential Opportunity,Medium Risk,Moderate,42.071443195230565,2.200245165635158,Weighted Ensemble,,,,,,,,,,pending
2026-05-29,SPG,"Simon Property Group, Inc.",Real Estate,REIT - Retail,204.91000366210935,208.23223217538265,1.6213110408955729,Neutral Forecast,Stable Watchlist,Stable Watchlist,Low Risk,High,21.07448106319969,1.031468278532568,Weighted Ensemble,,,,,,,,,,pending
2026-05-29,UDR,"UDR, Inc.",Real Estate,REIT - Residential,36.900001525878906,36.373682764962375,-1.4263380464833064,Neutral Forecast,Stable Watchlist,Stable Watchlist,Low Risk,High,21.64120546677509,0.987065719723884,Weighted Ensemble,,,,,,,,,,pending
2026-05-29,VNO,Vornado Realty Trust,Real Estate,REIT - Office,33.75,37.37463327745817,10.739654155431625,Positive Forecast,Potential Opportunity,Potential Opportunity,Medium Risk,High,35.58348974787802,1.8102654080880216,Weighted Ensemble,,,,,,,,,,pending
2026-05-29,VTR,"Ventas, Inc.",Real Estate,REIT - Healthcare Facilities,84.41999816894531,80.61393367740752,-4.508486820765998,Negative Forecast,Needs Further Review,Needs Further Review,Low Risk,High,20.13736694150713,0.8965795195063707,Weighted Ensemble,,,,,,,,,,pending
2026-05-29,WELL,Welltower Inc.,Real Estate,REIT - Healthcare Facilities,205.3300018310547,197.8016847910517,-3.666447656391328,Negative Forecast,Needs Further Review,Needs Further Review,Low Risk,High,23.79989057166132,1.1284492865863265,Weighted Ensemble,,,,,,,,,,pending
2026-05-29,WY,Weyerhaeuser Company,Real Estate,REIT - Specialty,24.510000228881836,25.64196432625289,4.618376527133531,Positive Forecast,Needs Further Review,Needs Further Review,Low Risk,High,22.84184451237882,1.102269985901531,Weighted Ensemble,,,,,,,,,,pending
2026-05-29,AAPL,Apple Inc.,Technology,Consumer Electronics,312.05999755859375,328.6842697487224,5.327267935713929,Positive Forecast,Potential Opportunity,Potential Opportunity,Low Risk,High,23.883138866480568,1.1175924686108418,Weighted Ensemble,,,,,,,,,,pending
2026-05-29,ACN,Accenture plc,Technology,Information Technology Services,187.07000732421875,214.19878929398797,14.501940935273078,Positive Forecast,Potential Opportunity,Potential Opportunity,Medium Risk,Moderate,44.73980991586597,2.100566267636434,Weighted Ensemble,,,,,,,,,,pending
2026-05-29,ADBE,Adobe Inc.,Technology,Software - Application,259.2099914550781,281.260399379466,8.506773909681355,Positive Forecast,Potential Opportunity,Potential Opportunity,Medium Risk,High,41.07748343143548,1.937915579855437,Weighted Ensemble,,,,,,,,,,pending
2026-05-29,ADI,"Analog Devices, Inc.",Technology,Semiconductors,413.8500061035156,411.3994049333745,-0.5921471871449357,Neutral Forecast,Stable Watchlist,Stable Watchlist,Medium Risk,High,35.50108478874832,1.7312989175875997,Weighted Ensemble,,,,,,,,,,pending
2026-05-29,ADP,"Automatic Data Processing, Inc.",Technology,Software - Application,221.83999633789065,234.51689884416055,5.7144350502789205,Positive Forecast,Potential Opportunity,Potential Opportunity,Low Risk,High,30.85333929695233,1.4377441179018453,Weighted Ensemble,,,,,,,,,,pending
2026-05-29,ADSK,"Autodesk, Inc.",Technology,Software - Application,231.30999755859375,228.71063062175176,-1.1237590092419314,Neutral Forecast,Stable Watchlist,Stable Watchlist,Medium Risk,High,38.63179633735586,1.8466878586254931,Weighted Ensemble,,,,,,,,,,pending
2026-05-29,AKAM,"Akamai Technologies, Inc.",Technology,Software - Infrastructure,149.5399932861328,146.68627311589847,-1.9083324183210135,Neutral Forecast,Stable Watchlist,Stable Watchlist,High Risk,Moderate,75.97790078778199,3.0276127869647773,Weighted Ensemble,,,,,,,,,,pending
2026-05-29,AMAT,"Applied Materials, Inc.",Technology,Semiconductor Equipment & Materials,450.05999755859375,468.6112074348516,4.121941513773987,Positive Forecast,Needs Further Review,Needs Further Review,Medium Risk,Moderate,51.85195548556474,2.4960418364353862,Weighted Ensemble,,,,,,,,,,pending
2026-05-29,AMD,"Advanced Micro Devices, Inc.",Technology,Semiconductors,516.0999755859375,619.8082289384948,20.094605359129403,Positive Forecast,High Volatility Speculative,High Volatility Speculative,High Risk,Moderate,74.9327911404381,3.3098795992159067,Weighted Ensemble,,,,,,,,,,pending
2026-05-29,ANET,"Arista Networks, Inc.",Technology,Computer Hardware,159.47000122070312,174.38333376322575,9.35181064047456,Positive Forecast,Potential Opportunity,Potential Opportunity,High Risk,Moderate,59.767054099400774,2.9043474717685243,Weighted Ensemble,,,,,,,,,,pending
2026-05-29,APH,Amphenol Corporation,Technology,Electronic Components,148.75999450683594,176.51275537200837,18.656064728408627,Positive Forecast,Potential Opportunity,Potential Opportunity,High Risk,Moderate,56.1227075115156,2.676934389506065,Weighted Ensemble,,,,,,,,,,pending
2026-05-29,AVGO,Broadcom Inc.,Technology,Semiconductors,446.7699890136719,465.65523885719097,4.227063211029865,Positive Forecast,Needs Further Review,Needs Further Review,Medium Risk,High,40.127994674572456,1.9393906180993343,Weighted Ensemble,,,,,,,,,,pending
2026-05-29,BR,"Broadridge Financial Solutions, Inc.",Technology,Information Technology Services,153.72000122070312,164.67178869485662,7.124503894863681,Positive Forecast,Potential Opportunity,Potential Opportunity,Low Risk,High,33.12566379843887,1.5849388231714,Weighted Ensemble,,,,,,,,,,pending
2026-05-29,CDNS,"Cadence Design Systems, Inc.",Technology,Software - Application,374.9299926757813,401.5386570764872,7.096968746300217,Positive Forecast,Potential Opportunity,Potential Opportunity,Medium Risk,Moderate,44.33020464493178,2.106527532735975,Weighted Ensemble,,,,,,,,,,pending
2026-05-29,CDW,CDW Corporation,Technology,Information Technology Services,125.4499969482422,147.9482168814914,17.934013934278084,Positive Forecast,Potential Opportunity,Potential Opportunity,Medium Risk,High,53.704089866066695,1.9162715029791983,Weighted Ensemble,,,,,,,,,,pending
2026-05-29,CRM,"Salesforce, Inc.",Technology,Software - Application,191.1000061035156,218.20114506447385,14.181652587848706,Positive Forecast,Potential Opportunity,Potential Opportunity,Medium Risk,Moderate,44.93548846492552,2.1359842517918333,Weighted Ensemble,,,,,,,,,,pending
2026-05-29,CSCO,"Cisco Systems, Inc.",Technology,Communication Equipment,120.41999816894533,126.8711360960774,5.357198160791652,Positive Forecast,Potential Opportunity,Potential Opportunity,Medium Risk,High,40.7721721873887,1.6982175537918442,Weighted Ensemble,,,,,,,,,,pending
2026-05-29,CTSH,Cognizant Technology Solutions Corporation,Technology,Information Technology Services,55.7599983215332,66.22600010727452,18.76973117070484,Positive Forecast,Potential Opportunity,Potential Opportunity,Medium Risk,High,42.23838796892853,1.88784882071864,Weighted Ensemble,,,,,,,,,,pending
2026-05-29,DXC,DXC Technology Company,Technology,Information Technology Services,9.90999984741211,11.547787046701728,16.52661175082974,Positive Forecast,High Volatility Speculative,High Volatility Speculative,High Risk,Moderate,72.44600117767087,3.092760974052528,Weighted Ensemble,,,,,,,,,,pending
2026-05-29,FFIV,"F5, Inc.",Technology,Software - Infrastructure,383.4500122070313,404.9745816250273,5.613396461798659,Positive Forecast,Potential Opportunity,Potential Opportunity,Medium Risk,High,37.12426274749902,1.7988813452355947,Weighted Ensemble,,,,,,,,,,pending
2026-05-29,FIS,"Fidelity National Information Services, Inc.",Technology,Information Technology Services,42.9900016784668,43.69412901135807,1.6378862651777113,Neutral Forecast,Stable Watchlist,Stable Watchlist,Medium Risk,High,37.83445665743434,1.7321699368243575,Weighted Ensemble,,,,,,,,,,pending
2026-05-29,FTNT,"Fortinet, Inc.",Technology,Software - Infrastructure,137.97000122070312,160.3706419464275,16.23587774699754,Positive Forecast,Potential Opportunity,Potential Opportunity,Medium Risk,Moderate,48.882826562633994,2.108553345616744,Weighted Ensemble,,,,,,,,,,pending
2026-05-29,FTV,Fortive Corporation,Technology,Scientific & Technical Instruments,58.31999969482422,57.83195333179829,-0.8368421906374651,Neutral Forecast,Stable Watchlist,Stable Watchlist,Low Risk,High,30.7122689987038,1.280036449503852,Weighted Ensemble,,,,,,,,,,pending
2026-05-29,GLW,Corning Incorporated,Technology,Electronic Components,181.16000366210935,164.43269780360404,-9.2334431002244,Negative Forecast,Weak Fundamentals / Negative Forecast,Weak Fundamentals / Negative Forecast,High Risk,Moderate,74.82544205882554,3.6222560590845982,Weighted Ensemble,,,,,,,,,,pending
2026-05-29,GRMN,Garmin Ltd.,Technology,Scientific & Technical Instruments,233.9199981689453,234.1796646462599,0.1110065318686793,Neutral Forecast,Stable Watchlist,Stable Watchlist,Low Risk,High,33.55271280421217,1.5526296722793158,Weighted Ensemble,,,,,,,,,,pending
2026-05-29,HPE,Hewlett Packard Enterprise Company,Technology,Communication Equipment,43.040000915527344,51.13173966067173,18.800507836943755,Positive Forecast,Potential Opportunity,Potential Opportunity,Medium Risk,Moderate,51.38399122079166,2.417814850545703,Weighted Ensemble,,,,,,,,,,pending
2026-05-29,HPQ,HP Inc.,Technology,Computer Hardware,27.040000915527344,31.804712517820487,17.62097426393604,Positive Forecast,Potential Opportunity,Potential Opportunity,Medium Risk,Moderate,46.19801532550916,2.0408977504668404,Weighted Ensemble,,,,,,,,,,pending
2026-05-29,IBM,International Business Machines Corporation,Technology,Information Technology Services,297.79998779296875,354.55271882071025,19.05733154938748,Positive Forecast,Potential Opportunity,Potential Opportunity,Medium Risk,Moderate,51.62521223919605,2.1197353557409815,Weighted Ensemble,,,,,,,,,,pending
2026-05-29,INTC,Intel Corporation,Technology,Semiconductors,114.68000030517578,115.08170908428096,0.3502866916953154,Neutral Forecast,Stable Watchlist,Stable Watchlist,High Risk,Moderate,86.46509012678894,3.87412143503342,Weighted Ensemble,,,,,,,,,,pending
2026-05-29,INTU,Intuit Inc.,Technology,Software - Application,331.5299987792969,297.0789084863117,-10.39154538649144,Negative Forecast,Weak Fundamentals / Negative Forecast,Weak Fundamentals / Negative Forecast,High Risk,Moderate,65.1181387787041,2.9966179345521846,Weighted Ensemble,,,,,,,,,,pending
2026-05-29,IPGP,IPG Photonics Corporation,Technology,Semiconductor Equipment & Materials,114.5199966430664,124.12095922823492,8.383656013449412,Positive Forecast,High Volatility Speculative,High Volatility Speculative,High Risk,Moderate,95.44757059211696,3.604789129021427,Weighted Ensemble,,,,,,,,,,pending
2026-05-29,IT,"Gartner, Inc.",Technology,Information Technology Services,162.1999969482422,184.8467247227667,13.962224537988796,Positive Forecast,Potential Opportunity,Potential Opportunity,High Risk,Moderate,59.21327482357928,2.534980036412893,Weighted Ensemble,,,,,,,,,,pending
2026-05-29,JKHY,"Jack Henry & Associates, Inc.",Technology,Information Technology Services,136.32000732421875,138.1143391866881,1.316264499752987,Neutral Forecast,Stable Watchlist,Stable Watchlist,Low Risk,High,30.31356390080406,1.3671315660348036,Weighted Ensemble,,,,,,,,,,pending
2026-05-29,KEYS,"Keysight Technologies, Inc.",Technology,Scientific & Technical Instruments,338.3299865722656,321.94196545310314,-4.843797998869393,Negative Forecast,Needs Further Review,Needs Further Review,Medium Risk,High,49.29455554087877,1.9696947437459973,Weighted Ensemble,,,,,,,,,,pending
2026-05-29,KLAC,KLA Corporation,Technology,Semiconductor Equipment & Materials,1921.7099609375,1984.350974573848,3.25964973433289,Positive Forecast,Needs Further Review,Needs Further Review,High Risk,Moderate,55.966017861084424,2.5280686912354695,Weighted Ensemble,,,,,,,,,,pending
2026-05-29,LDOS,"Leidos Holdings, Inc.",Technology,Information Technology Services,127.8000030517578,130.81587673901575,2.359838509578557,Positive Forecast,Needs Further Review,Needs Further Review,Medium Risk,High,38.72645207203086,1.6623053914093755,Weighted Ensemble,,,,,,,,,,pending
2026-05-29,LRCX,Lam Research Corporation,Technology,Semiconductor Equipment & Materials,318.17999267578125,344.9338028532818,8.408388582987406,Positive Forecast,Potential Opportunity,Potential Opportunity,High Risk,Moderate,58.80046000977225,2.956970976328645,Weighted Ensemble,,,,,,,,,,pending
2026-05-29,MCHP,Microchip Technology Incorporated,Technology,Semiconductors,94.6500015258789,93.17571685943729,-1.5576171607757865,Neutral Forecast,Stable Watchlist,Stable Watchlist,Medium Risk,Moderate,43.45078481272001,2.0564835692188628,Weighted Ensemble,,,,,,,,,,pending
2026-05-29,MSFT,Microsoft Corporation,Technology,Software - Infrastructure,450.239990234375,501.3067543878837,11.3421209268696,Positive Forecast,Potential Opportunity,Potential Opportunity,Low Risk,High,34.4625490529611,1.5224452432656357,Weighted Ensemble,,,,,,,,,,pending
2026-05-29,MSI,"Motorola Solutions, Inc.",Technology,Communication Equipment,403.2799987792969,408.2442447040538,1.2309675510274245,Neutral Forecast,Stable Watchlist,Stable Watchlist,Low Risk,High,31.07343228065459,1.192950085857678,Weighted Ensemble,,,,,,,,,,pending
2026-05-29,MU,"Micron Technology, Inc.",Technology,Semiconductors,971.0,1174.0935852593386,20.91592021208431,Positive Forecast,High Volatility Speculative,High Volatility Speculative,High Risk,Moderate,79.41117435875647,3.914864364482989,Weighted Ensemble,,,,,,,,,,pending
2026-05-29,NOW,"ServiceNow, Inc.",Technology,Software - Application,124.37000274658205,148.73344467740898,19.589484114163938,Positive Forecast,High Volatility Speculative,High Volatility Speculative,High Risk,Moderate,69.40257810292898,3.107780825380511,Weighted Ensemble,,,,,,,,,,pending
2026-05-29,NTAP,"NetApp, Inc.",Technology,Software - Infrastructure,174.2899932861328,204.6775995567008,17.435083734658523,Positive Forecast,Potential Opportunity,Potential Opportunity,Medium Risk,High,50.61456411580636,1.926720614464266,Weighted Ensemble,,,,,,,,,,pending
2026-05-29,NVDA,NVIDIA Corporation,Technology,Semiconductors,211.13999938964844,195.06401377861496,-7.613898672684026,Negative Forecast,Weak Fundamentals / Negative Forecast,Weak Fundamentals / Negative Forecast,Medium Risk,High,37.19609276136132,1.813166753008496,Weighted Ensemble,,,,,,,,,,pending
2026-05-29,ORCL,Oracle Corporation,Technology,Software - Infrastructure,225.77999877929688,271.62343443784175,20.304471568076092,Positive Forecast,Potential Opportunity,Potential Opportunity,High Risk,Moderate,57.95214876063669,2.8041815935729195,Weighted Ensemble,,,,,,,,,,pending
2026-05-29,PAYC,"Paycom Software, Inc.",Technology,Software - Application,139.6699981689453,144.62634210813167,3.548610298677847,Positive Forecast,Needs Further Review,Needs Further Review,Medium Risk,Moderate,45.88936192390758,2.2778301133797667,Weighted Ensemble,,,,,,,,,,pending
2026-05-29,PAYX,"Paychex, Inc.",Technology,Software - Application,96.9800033569336,104.49939781204164,7.7535514485734,Positive Forecast,Potential Opportunity,Potential Opportunity,Low Risk,High,30.73841783119522,1.5128853438316592,Weighted Ensemble,,,,,,,,,,pending
2026-05-29,QCOM,QUALCOMM Incorporated,Technology,Semiconductors,251.02000427246097,304.44898183068875,21.284748884090988,Positive Forecast,Potential Opportunity,Potential Opportunity,High Risk,Moderate,59.49372882332524,2.334707656873749,Weighted Ensemble,,,,,,,,,,pending
2026-05-29,QRVO,"Qorvo, Inc.",Technology,Semiconductors,103.55999755859376,119.00774677970372,14.916714547400115,Positive Forecast,Potential Opportunity,Potential Opportunity,Medium Risk,High,38.32156002774662,1.6682699202854625,Weighted Ensemble,,,,,,,,,,pending
2026-05-29,ROP,"Roper Technologies, Inc.",Technology,Software - Application,325.5299987792969,329.72880845407497,1.289838015090217,Neutral Forecast,Stable Watchlist,Stable Watchlist,Low Risk,High,33.22240046946568,1.466495381257478,Weighted Ensemble,,,,,,,,,,pending
2026-05-29,SNPS,"Synopsys, Inc.",Technology,Software - Infrastructure,475.6199951171875,444.02338589278054,-6.643246614689087,Negative Forecast,Weak Fundamentals / Negative Forecast,Weak Fundamentals / Negative Forecast,Medium Risk,Moderate,46.46744622155963,2.1012868994678287,Weighted Ensemble,,,,,,,,,,pending
2026-05-29,STX,Seagate Technology Holdings plc,Technology,Computer Hardware,879.7999877929688,1006.218273472565,14.368980158402152,Positive Forecast,High Volatility Speculative,High Volatility Speculative,High Risk,Moderate,71.0676798575925,3.506335407646929,Weighted Ensemble,,,,,,,,,,pending
2026-05-29,SWKS,"Skyworks Solutions, Inc.",Technology,Semiconductors,77.8499984741211,90.90021273363774,16.763281329870296,Positive Forecast,Potential Opportunity,Potential Opportunity,Medium Risk,Moderate,50.79274058778533,2.147032900628859,Weighted Ensemble,,,,,,,,,,pending
2026-05-29,TDY,Teledyne Technologies Incorporated,Technology,Scientific & Technical Instruments,619.8300170898438,609.6882187739784,-1.6362225184707857,Neutral Forecast,Stable Watchlist,Stable Watchlist,Low Risk,High,30.854681465020363,1.4212804811674191,Weighted Ensemble,,,,,,,,,,pending
2026-05-29,TEL,TE Connectivity plc,Technology,Electronic Components,213.41000366210935,222.62827258917872,4.319511161090929,Positive Forecast,Needs Further Review,Needs Further Review,Medium Risk,Moderate,42.43519144702082,2.053707296104398,Weighted Ensemble,,,,,,,,,,pending
2026-05-29,TXN,Texas Instruments Incorporated,Technology,Semiconductors,305.67999267578125,307.00487145288315,0.4334201808579375,Neutral Forecast,Stable Watchlist,Stable Watchlist,Medium Risk,High,45.67205401807629,1.8278099736131677,Weighted Ensemble,,,,,,,,,,pending
2026-05-29,TYL,"Tyler Technologies, Inc.",Technology,Software - Application,313.1499938964844,323.44791263615315,3.2884939934161,Positive Forecast,Needs Further Review,Needs Further Review,Medium Risk,Moderate,50.64503275380133,2.2383098654548745,Weighted Ensemble,,,,,,,,,,pending
2026-05-29,VRSN,"VeriSign, Inc.",Technology,Software - Infrastructure,285.3800048828125,277.37930255091476,-2.803525893547841,Negative Forecast,Needs Further Review,Needs Further Review,Low Risk,High,32.39855984954143,1.448474800366721,Weighted Ensemble,,,,,,,,,,pending
2026-05-29,WDC,Western Digital Corporation,Technology,Computer Hardware,531.2100219726562,603.2718229317157,13.565595146615822,Positive Forecast,High Volatility Speculative,High Volatility Speculative,High Risk,Moderate,72.77662069416267,3.607000289454862,Weighted Ensemble,,,,,,,,,,pending
2026-05-29,ZBRA,Zebra Technologies Corporation,Technology,Communication Equipment,243.6300048828125,232.39074137664696,-4.61325094647997,Negative Forecast,Needs Further Review,Needs Further Review,Medium Risk,Moderate,45.99848634458572,2.081093572982167,Weighted Ensemble,,,,,,,,,,pending
2026-05-29,ABNB,ABNB,Unknown,Unknown,133.30999755859375,133.0569169700198,-0.189843667548415,Neutral Forecast,Stable Watchlist,Stable Watchlist,Low Risk,High,33.797295552478055,1.6015118699300952,Weighted Ensemble,,,,,,,,,,pending
2026-05-29,ACGL,ACGL,Unknown,Unknown,89.33999633789062,85.81842876832039,-3.941759249968405,Negative Forecast,Needs Further Review,Needs Further Review,Low Risk,High,21.7231605371763,0.9689603808101186,Weighted Ensemble,,,,,,,,,,pending
2026-05-29,AMTM,AMTM,Unknown,Unknown,23.229999542236328,23.18163422344558,-0.2082019790952223,Neutral Forecast,Stable Watchlist,Stable Watchlist,Medium Risk,High,42.24701876099619,1.9769204378130352,Weighted Ensemble,,,,,,,,,,pending
2026-05-29,AXON,AXON,Unknown,Unknown,448.7200012207031,532.6749864129697,18.70988254677181,Positive Forecast,High Volatility Speculative,High Volatility Speculative,High Risk,Moderate,68.16025723623504,3.0283888496083806,Weighted Ensemble,,,,,,,,,,pending
2026-05-29,BALL,BALL,Unknown,Unknown,54.66999816894531,52.86638500188482,-3.29909132516674,Negative Forecast,Needs Further Review,Needs Further Review,Low Risk,High,30.40591539906279,1.341647236455563,Weighted Ensemble,,,,,,,,,,pending
2026-05-29,BG,BG,Unknown,Unknown,123.3000030517578,124.38311083339052,0.8784328911801211,Neutral Forecast,Stable Watchlist,Stable Watchlist,Low Risk,High,26.27865340485019,1.3493382614385168,Weighted Ensemble,,,,,,,,,,pending
2026-05-29,BLDR,BLDR,Unknown,Unknown,76.26000213623047,78.639032925066,3.1196311594453507,Positive Forecast,Needs Further Review,Needs Further Review,Medium Risk,Moderate,48.53789552115427,2.4990394037624344,Weighted Ensemble,,,,,,,,,,pending
2026-05-29,BRO,BRO,Unknown,Unknown,56.25,55.86021990309954,-0.6929423944897053,Neutral Forecast,Stable Watchlist,Stable Watchlist,Low Risk,High,32.8990028235277,1.5925916505477002,Weighted Ensemble,,,,,,,,,,pending
2026-05-29,BX,BX,Unknown,Unknown,116.97000122070312,112.57100645364116,-3.76078885282883,Negative Forecast,Needs Further Review,Needs Further Review,Medium Risk,High,40.150741901032426,1.9503493812653911,Weighted Ensemble,,,,,,,,,,pending
2026-05-29,CEG,CEG,Unknown,Unknown,287.75,302.9553168641714,5.284210899798915,Positive Forecast,Potential Opportunity,Potential Opportunity,Medium Risk,Moderate,50.26287504035361,2.37498580732094,Weighted Ensemble,,,,,,,,,,pending
2026-05-29,COR,COR,Unknown,Unknown,269.3599853515625,278.57191209758184,3.419931410374911,Positive Forecast,Needs Further Review,Needs Further Review,Medium Risk,High,43.52208670558736,1.547397372726667,Weighted Ensemble,,,,,,,,,,pending
2026-05-29,CPAY,CPAY,Unknown,Unknown,361.7999877929687,397.2240748942654,9.79106918089985,Positive Forecast,Potential Opportunity,Potential Opportunity,Medium Risk,Moderate,46.20884186213791,2.007477802947363,Weighted Ensemble,,,,,,,,,,pending
2026-05-29,CPT,CPT,Unknown,Unknown,106.55999755859376,108.69381209686378,2.002453629089756,Positive Forecast,Needs Further Review,Needs Further Review,Low Risk,High,19.81349945122406,0.960365204265778,Weighted Ensemble,,,,,,,,,,pending
2026-05-29,CRL,CRL,Unknown,Unknown,180.7100067138672,207.8606980092229,15.024453702968184,Positive Forecast,Potential Opportunity,Potential Opportunity,Medium Risk,Moderate,54.73278622724933,2.534619498242323,Weighted Ensemble,,,,,,,,,,pending
2026-05-29,CRWD,CRWD,Unknown,Unknown,731.0,881.3638443492198,20.569609350098467,Positive Forecast,Potential Opportunity,Potential Opportunity,High Risk,Moderate,56.248697049349985,2.7223498845026817,Weighted Ensemble,,,,,,,,,,pending
2026-05-29,CSGP,CSGP,Unknown,Unknown,32.20000076293945,31.919131106961043,-0.8722659916880401,Neutral Forecast,Stable Watchlist,Stable Watchlist,Medium Risk,Moderate,49.82525339072915,2.177442907327134,Weighted Ensemble,,,,,,,,,,pending
2026-05-29,CZR,CZR,Unknown,Unknown,29.049999237060547,31.046433484323444,6.872407227866447,Positive Forecast,Potential Opportunity,Potential Opportunity,High Risk,Moderate,56.55820546729885,2.2139935955258663,Weighted Ensemble,,,,,,,,,,pending
2026-05-29,DECK,DECK,Unknown,Unknown,113.8499984741211,133.90627754524627,17.616406974027417,Positive Forecast,Potential Opportunity,Potential Opportunity,Medium Risk,High,47.95613266137838,1.9827049391084075,Weighted Ensemble,,,,,,,,,,pending
2026-05-29,DELL,DELL,Unknown,Unknown,420.9100036621094,504.61431117085374,19.88650941542815,Positive Forecast,High Volatility Speculative,High Volatility Speculative,High Risk,Moderate,82.3393157210217,3.349825745210956,Weighted Ensemble,,,,,,,,,,pending
2026-05-29,DOC,DOC,Unknown,Unknown,19.149999618530273,18.781085871071795,-1.9264425838499923,Neutral Forecast,Stable Watchlist,Stable Watchlist,Medium Risk,High,36.160728287730606,1.2800777243477148,Weighted Ensemble,,,,,,,,,,pending
2026-05-29,EG,EG,Unknown,Unknown,324.0299987792969,304.16966179030567,-6.129166146285877,Negative Forecast,Weak Fundamentals / Negative Forecast,Weak Fundamentals / Negative Forecast,Low Risk,High,20.07431775802171,0.9750289138094,Weighted Ensemble,,,,,,,,,,pending
2026-05-29,ELV,ELV,Unknown,Unknown,393.19000244140625,389.3355800778518,-0.9802951091384547,Neutral Forecast,Stable Watchlist,Stable Watchlist,Medium Risk,High,41.45190003790982,1.7073754238576735,Weighted Ensemble,,,,,,,,,,pending
2026-05-29,ENPH,ENPH,Unknown,Unknown,68.36000061035156,80.11338653340263,17.19336720027953,Positive Forecast,High Volatility Speculative,High Volatility Speculative,High Risk,Moderate,98.6932711750664,4.260363597408797,Weighted Ensemble,,,,,,,,,,pending
2026-05-29,EPAM,EPAM,Unknown,Unknown,102.45999908447266,117.1549095949155,14.342095102233692,Positive Forecast,Potential Opportunity,Potential Opportunity,High Risk,Moderate,57.54873067509888,2.4075706536492123,Weighted Ensemble,,,,,,,,,,pending
2026-05-29,EQT,EQT,Unknown,Unknown,54.93000030517578,53.47907691063776,-2.641404308168754,Negative Forecast,Needs Further Review,Needs Further Review,Low Risk,High,31.18249856604129,1.480422505888226,Weighted Ensemble,,,,,,,,,,pending
2026-05-29,ERIE,ERIE,Unknown,Unknown,213.07000732421875,211.02739480253817,-0.9586579300072304,Neutral Forecast,Stable Watchlist,Stable Watchlist,Medium Risk,High,35.54518248830904,1.742804662346889,Weighted Ensemble,,,,,,,,,,pending
2026-05-29,FB,ProShares S&P 500 Dynamic Daily Buffer ETF,Unknown,Unknown,44.560001373291016,44.655639642031886,0.2146280650659843,Neutral Forecast,Stable Watchlist,Stable Watchlist,Low Risk,High,4.35661017695304,0.2040191583819266,Weighted Ensemble,,,,,,,,,,pending
2026-05-29,FDS,FDS,Unknown,Unknown,245.47000122070312,290.45219045234876,18.324923211778515,Positive Forecast,Potential Opportunity,Potential Opportunity,Medium Risk,Moderate,51.92376612686679,2.420761506303506,Weighted Ensemble,,,,,,,,,,pending
2026-05-29,FICO,FICO,Unknown,Unknown,1250.5899658203125,1459.5575265872155,16.709518425556276,Positive Forecast,Potential Opportunity,Potential Opportunity,High Risk,Moderate,60.76100969484079,2.6652538319790935,Weighted Ensemble,,,,,,,,,,pending
2026-05-29,FISV,"Fiserv, Inc.",Unknown,Unknown,56.560001373291016,58.85251404515697,4.053240127657663,Positive Forecast,Needs Further Review,Needs Further Review,Medium Risk,High,39.954536288460666,1.8727877665188557,Weighted Ensemble,,,,,,,,,,pending
2026-05-29,FSLR,FSLR,Unknown,Unknown,306.7900085449219,367.6805919277401,19.8476422591521,Positive Forecast,Potential Opportunity,Potential Opportunity,High Risk,Moderate,56.455162930050975,2.5582723453675995,Weighted Ensemble,,,,,,,,,,pending
2026-05-29,GDDY,GDDY,Unknown,Unknown,85.83000183105469,85.35190051331693,-0.5570328644275623,Neutral Forecast,Stable Watchlist,Stable Watchlist,Medium Risk,Moderate,48.8020898880047,2.2166162936199885,Weighted Ensemble,,,,,,,,,,pending
2026-05-29,GEHC,GEHC,Unknown,Unknown,62.34000015258789,62.07941989227358,-0.4179984916209467,Neutral Forecast,Stable Watchlist,Stable Watchlist,Medium Risk,High,38.81642911656949,1.6329893178101855,Weighted Ensemble,,,,,,,,,,pending
2026-05-29,GEN,GEN,Unknown,Unknown,25.790000915527344,28.977312197179288,12.358709455232956,Positive Forecast,Potential Opportunity,Potential Opportunity,Medium Risk,High,43.42677680051398,1.9006001219889952,Weighted Ensemble,,,,,,,,,,pending
2026-05-29,GEV,GEV,Unknown,Unknown,968.3200073242188,900.5527577240723,-6.998435340338497,Negative Forecast,Weak Fundamentals / Negative Forecast,Weak Fundamentals / Negative Forecast,Medium Risk,Moderate,47.36361217235083,2.2692787061461615,Weighted Ensemble,,,,,,,,,,pending
2026-05-29,GNRC,GNRC,Unknown,Unknown,277.9100036621094,284.3872072920705,2.330683870536845,Positive Forecast,Needs Further Review,Needs Further Review,High Risk,Moderate,56.517258959387526,2.4201571795881405,Weighted Ensemble,,,,,,,,,,pending
2026-05-29,HUBB,HUBB,Unknown,Unknown,473.6099853515625,470.1518553178723,-0.7301640887328931,Neutral Forecast,Stable Watchlist,Stable Watchlist,Low Risk,High,32.26591807030538,1.4736338758839176,Weighted Ensemble,,,,,,,,,,pending
2026-05-29,INFO,Harbor PanAgora Dynamic Large Cap Core ETF,Unknown,Unknown,27.323999404907227,27.84259990583141,1.89796703344623,Neutral Forecast,Stable Watchlist,Stable Watchlist,Low Risk,High,14.2228088158297,0.7094181262083235,Weighted Ensemble,,,,,,,,,,pending
2026-05-29,INVH,INVH,Unknown,Unknown,29.25,29.835005882018603,2.0000201094653085,Positive Forecast,Needs Further Review,Needs Further Review,Low Risk,High,21.915586753450768,1.032734292586307,Weighted Ensemble,,,,,,,,,,pending
2026-05-29,JBL,JBL,Unknown,Unknown,364.55999755859375,380.0753418918635,4.255909709560527,Positive Forecast,Needs Further Review,Needs Further Review,Medium Risk,Moderate,46.60464420707771,2.2987089885125855,Weighted Ensemble,,,,,,,,,,pending
2026-05-29,KDP,KDP,Unknown,Unknown,30.030000686645508,30.928722353385936,2.9927460745616776,Positive Forecast,Needs Further Review,Needs Further Review,Low Risk,High,26.465350724219576,1.193877587460212,Weighted Ensemble,,,,,,,,,,pending
2026-05-29,KKR,KKR,Unknown,Unknown,95.94000244140624,93.49699348530864,-2.546392426443405,Negative Forecast,Needs Further Review,Needs Further Review,Medium Risk,High,43.54227779601461,1.9928293477533736,Weighted Ensemble,,,,,,,,,,pending
2026-05-29,KVUE,KVUE,Unknown,Unknown,17.280000686645508,17.251287739407804,-0.166162882504363,Neutral Forecast,Stable Watchlist,Stable Watchlist,Low Risk,High,19.83499609794427,0.9646925454328352,Weighted Ensemble,,,,,,,,,,pending
2026-05-29,LULU,LULU,Unknown,Unknown,131.17999267578125,140.71578905106196,7.269246003732421,Positive Forecast,Potential Opportunity,Potential Opportunity,Medium Risk,Moderate,45.132332907718734,2.1187874066031926,Weighted Ensemble,,,,,,,,,,pending
2026-05-29,META,META,Unknown,Unknown,632.510009765625,649.1651027485909,2.6331746100172277,Positive Forecast,Needs Further Review,Needs Further Review,Medium Risk,High,40.91403733472338,1.723372358258858,Weighted Ensemble,,,,,,,,,,pending
2026-05-29,MOH,MOH,Unknown,Unknown,173.60000610351562,159.80062042704952,-7.948954603283649,Negative Forecast,Weak Fundamentals / Negative Forecast,Weak Fundamentals / Negative Forecast,High Risk,Moderate,69.11314283223061,2.62719145548432,Weighted Ensemble,,,,,,,,,,pending
2026-05-29,MPWR,MPWR,Unknown,Unknown,1566.2099609375,1545.884573513927,-1.2977434654678468,Neutral Forecast,Stable Watchlist,Stable Watchlist,Medium Risk,Moderate,52.90621848162819,2.6837970221440526,Weighted Ensemble,,,,,,,,,,pending
2026-05-29,MRNA,MRNA,Unknown,Unknown,47.189998626708984,44.9959618745704,-4.649368120338931,Negative Forecast,Needs Further Review,Needs Further Review,High Risk,Moderate,64.49341106802503,2.884324705942113,Weighted Ensemble,,,,,,,,,,pending
2026-05-29,MTCH,MTCH,Unknown,Unknown,36.130001068115234,36.51311003645345,1.0603624605931918,Neutral Forecast,Stable Watchlist,Stable Watchlist,Medium Risk,High,35.92666635013921,1.7689776548207985,Weighted Ensemble,,,,,,,,,,pending
2026-05-29,NDSN,NDSN,Unknown,Unknown,287.3299865722656,294.93806342044223,2.6478534102680995,Positive Forecast,Needs Further Review,Needs Further Review,Low Risk,High,22.15268524474937,1.0723666499407918,Weighted Ensemble,,,,,,,,,,pending
2026-05-29,NXPI,NXPI,Unknown,Unknown,321.3500061035156,356.13077606893955,10.82332948648524,Positive Forecast,Potential Opportunity,Potential Opportunity,High Risk,Moderate,55.04394024488697,2.1791062085641437,Weighted Ensemble,,,,,,,,,,pending
2026-05-29,ON,ON,Unknown,Unknown,120.62000274658205,125.44630429077688,4.001244763967306,Positive Forecast,Needs Further Review,Needs Further Review,High Risk,Moderate,57.651622792951386,2.7762545138947807,Weighted Ensemble,,,,,,,,,,pending
2026-05-29,PANW,PANW,Unknown,Unknown,281.69000244140625,340.56422952282037,20.90036088293919,Positive Forecast,Potential Opportunity,Potential Opportunity,Medium Risk,Moderate,48.51338908275279,2.290786763922406,Weighted Ensemble,,,,,,,,,,pending
2026-05-29,PCG,PCG,Unknown,Unknown,16.34000015258789,15.915878488598144,-2.5956037945481696,Negative Forecast,Needs Further Review,Needs Further Review,Low Risk,High,26.83748350032653,1.1856442530017128,Weighted Ensemble,,,,,,,,,,pending
2026-05-29,PLTR,PLTR,Unknown,Unknown,156.5399932861328,189.36548822236216,20.969398456680025,Positive Forecast,Potential Opportunity,Potential Opportunity,High Risk,Moderate,57.398202131803174,2.6745508040136015,Weighted Ensemble,,,,,,,,,,pending
2026-05-29,PODD,PODD,Unknown,Unknown,144.94000244140625,139.08043558931172,-4.04275338305126,Negative Forecast,Needs Further Review,Needs Further Review,Medium Risk,Moderate,45.85537929543833,2.0256131988349058,Weighted Ensemble,,,,,,,,,,pending
2026-05-29,POOL,POOL,Unknown,Unknown,181.3999938964844,185.69399076951223,2.367142788041208,Positive Forecast,Needs Further Review,Needs Further Review,Medium Risk,High,40.95864021295874,1.7356422863103802,Weighted Ensemble,,,,,,,,,,pending
2026-05-29,PTC,PTC,Unknown,Unknown,138.72999572753906,137.0241264109335,-1.2296326455281097,Neutral Forecast,Stable Watchlist,Stable Watchlist,Low Risk,High,32.861212918884505,1.5213202608452523,Weighted Ensemble,,,,,,,,,,pending
2026-05-29,RVTY,RVTY,Unknown,Unknown,104.5500030517578,113.97521214341634,9.015025171249938,Positive Forecast,Potential Opportunity,Potential Opportunity,Medium Risk,High,42.51051415072735,1.9696252334104587,Weighted Ensemble,,,,,,,,,,pending
2026-05-29,SMCI,SMCI,Unknown,Unknown,46.09000015258789,54.15396029437662,17.496116543917925,Positive Forecast,High Volatility Speculative,High Volatility Speculative,High Risk,Moderate,105.5443273603351,4.186690864149314,Weighted Ensemble,,,,,,,,,,pending
2026-05-29,SOLV,SOLV,Unknown,Unknown,74.94999694824219,75.38526079427024,0.5807389776528317,Neutral Forecast,Stable Watchlist,Stable Watchlist,Low Risk,High,28.62637056563015,1.3975654245106954,Weighted Ensemble,,,,,,,,,,pending
2026-05-29,STLD,STLD,Unknown,Unknown,260.1499938964844,296.3749642719086,13.92464778985865,Positive Forecast,Potential Opportunity,Potential Opportunity,Medium Risk,High,37.926818713322966,1.9139674732366296,Weighted Ensemble,,,,,,,,,,pending
2026-05-29,SW,SW,Unknown,Unknown,41.150001525878906,42.4364980680512,3.1263584312705963,Positive Forecast,Needs Further Review,Needs Further Review,Medium Risk,Moderate,47.71704666620876,2.2515764347120366,Weighted Ensemble,,,,,,,,,,pending
2026-05-29,TECH,TECH,Unknown,Unknown,51.68000030517578,60.5766630198891,17.21490453207739,Positive Forecast,Potential Opportunity,Potential Opportunity,High Risk,Moderate,56.07781157936199,2.4973935073600395,Weighted Ensemble,,,,,,,,,,pending
2026-05-29,TER,TER,Unknown,Unknown,374.30999755859375,404.2417211216792,7.99650657431344,Positive Forecast,High Volatility Speculative,High Volatility Speculative,High Risk,Moderate,79.11507387893715,3.549286291692582,Weighted Ensemble,,,,,,,,,,pending
2026-05-29,TRGP,TRGP,Unknown,Unknown,255.07000732421875,245.5792823019745,-3.720831438319839,Negative Forecast,Needs Further Review,Needs Further Review,Low Risk,High,26.37063616389028,1.3392433372646948,Weighted Ensemble,,,,,,,,,,pending
2026-05-29,TRMB,TRMB,Unknown,Unknown,56.40999984741211,56.98565146794952,1.020477968612905,Neutral Forecast,Stable Watchlist,Stable Watchlist,Low Risk,High,32.76630658209994,1.554068056718715,Weighted Ensemble,,,,,,,,,,pending
2026-05-29,TSLA,TSLA,Unknown,Unknown,435.7900085449219,436.7869912151681,0.2287759358171335,Neutral Forecast,Stable Watchlist,Stable Watchlist,Medium Risk,High,38.81118778222615,1.9700803033831136,Weighted Ensemble,,,,,,,,,,pending
2026-05-29,UBER,UBER,Unknown,Unknown,70.4000015258789,67.01194228997119,-4.812584037604423,Negative Forecast,Needs Further Review,Needs Further Review,Low Risk,High,33.68059338168451,1.599380741087989,Weighted Ensemble,,,,,,,,,,pending
2026-05-29,VICI,VICI,Unknown,Unknown,28.219999313354492,28.37501523635834,0.5493122848181299,Neutral Forecast,Stable Watchlist,Stable Watchlist,Low Risk,High,18.07145359315811,0.8470942505141303,Weighted Ensemble,,,,,,,,,,pending
2026-05-29,VLTO,VLTO,Unknown,Unknown,82.2300033569336,79.29591594780133,-3.568147013683491,Negative Forecast,Needs Further Review,Needs Further Review,Low Risk,High,24.728746687405906,1.1381569331191252,Weighted Ensemble,,,,,,,,,,pending
2026-05-29,VST,VST,Unknown,Unknown,160.22999572753906,182.40697945221217,13.840719163709933,Positive Forecast,Potential Opportunity,Potential Opportunity,Medium Risk,Moderate,48.61485402156423,2.3311322485414294,Weighted Ensemble,,,,,,,,,,pending
2026-05-29,VTRS,VTRS,Unknown,Unknown,16.260000228881836,15.53931791992871,-4.432240460077078,Negative Forecast,Needs Further Review,Needs Further Review,Medium Risk,High,35.70783147041498,1.596591790402543,Weighted Ensemble,,,,,,,,,,pending
2026-05-29,WBD,WBD,Unknown,Unknown,27.010000228881836,27.175223744409983,0.6117123810738574,Neutral Forecast,Stable Watchlist,Stable Watchlist,Low Risk,High,13.06907633260611,0.615972654658046,Weighted Ensemble,,,,,,,,,,pending
2026-05-29,WTW,WTW,Unknown,Unknown,249.6699981689453,250.41393467903816,0.2979679238790431,Neutral Forecast,Stable Watchlist,Stable Watchlist,Medium Risk,High,39.73231131450816,1.510071066550341,Weighted Ensemble,,,,,,,,,,pending
2026-05-29,AEE,Ameren Corporation,Utilities,Utilities - Regulated Electric,107.97000122070312,106.95503517778953,-0.940044485911315,Neutral Forecast,Stable Watchlist,Stable Watchlist,Low Risk,High,17.74625777512774,0.877487158485529,Weighted Ensemble,,,,,,,,,,pending
2026-05-29,AEP,"American Electric Power Company, Inc.",Utilities,Utilities - Regulated Electric,126.66999816894533,125.59972613216044,-0.8449293852182873,Neutral Forecast,Stable Watchlist,Stable Watchlist,Low Risk,High,19.88834303755476,0.9579560289359396,Weighted Ensemble,,,,,,,,,,pending
2026-05-29,AES,The AES Corporation,Utilities,Utilities - Diversified,14.670000076293944,14.817373106005476,1.004587791036763,Neutral Forecast,Stable Watchlist,Stable Watchlist,Medium Risk,High,40.41289022085078,0.9719913200604317,Weighted Ensemble,,,,,,,,,,pending
2026-05-29,ATO,Atmos Energy Corporation,Utilities,Utilities - Regulated Gas,169.1300048828125,159.9263959143829,-5.441736358256849,Negative Forecast,Weak Fundamentals / Negative Forecast,Weak Fundamentals / Negative Forecast,Low Risk,High,16.732406152473988,0.8102705677858625,Weighted Ensemble,,,,,,,,,,pending
2026-05-29,AWK,"American Water Works Company, Inc.",Utilities,Utilities - Regulated Water,123.2699966430664,120.5584602277608,-2.1996726609452035,Negative Forecast,Needs Further Review,Needs Further Review,Low Risk,High,22.48434941625794,1.113911975068474,Weighted Ensemble,,,,,,,,,,pending
2026-05-29,CMS,CMS Energy Corporation,Utilities,Utilities - Regulated Electric,72.56999969482422,72.09599112988761,-0.6531742688851322,Neutral Forecast,Stable Watchlist,Stable Watchlist,Low Risk,High,17.55109759138274,0.8596864883045511,Weighted Ensemble,,,,,,,,,,pending
2026-05-29,CNP,"CenterPoint Energy, Inc.",Utilities,Utilities - Regulated Electric,42.2599983215332,42.20284334818163,-0.1352460379120497,Neutral Forecast,Stable Watchlist,Stable Watchlist,Low Risk,High,17.523054932578518,0.8596239372705966,Weighted Ensemble,,,,,,,,,,pending
2026-05-29,D,"Dominion Energy, Inc.",Utilities,Utilities - Regulated Electric,66.94000244140625,70.42273319998736,5.202764612429776,Positive Forecast,Potential Opportunity,Potential Opportunity,Low Risk,High,23.548721152648135,0.9659626194481044,Weighted Ensemble,,,,,,,,,,pending
2026-05-29,DTE,DTE Energy Company,Utilities,Utilities - Regulated Electric,142.8699951171875,142.32266307660788,-0.3830979626832602,Neutral Forecast,Stable Watchlist,Stable Watchlist,Low Risk,High,18.6997953334644,0.8880161607937337,Weighted Ensemble,,,,,,,,,,pending
2026-05-29,DUK,Duke Energy Corporation,Utilities,Utilities - Regulated Electric,122.7300033569336,121.60597854317017,-0.915851693162954,Neutral Forecast,Stable Watchlist,Stable Watchlist,Low Risk,High,16.01423686768647,0.8207801471017976,Weighted Ensemble,,,,,,,,,,pending
2026-05-29,ED,"Consolidated Edison, Inc.",Utilities,Utilities - Regulated Electric,105.62999725341795,104.32618932408094,-1.2343159739075191,Neutral Forecast,Stable Watchlist,Stable Watchlist,Low Risk,High,17.512236915889503,0.9156385208977398,Weighted Ensemble,,,,,,,,,,pending
2026-05-29,EIX,Edison International,Utilities,Utilities - Regulated Electric,69.94000244140625,69.44440582563753,-0.7086025142534351,Neutral Forecast,Stable Watchlist,Stable Watchlist,Low Risk,High,24.47745512452842,1.1546622746198998,Weighted Ensemble,,,,,,,,,,pending
2026-05-29,ES,Eversource Energy,Utilities,Utilities - Regulated Electric,68.2699966430664,67.76719651110952,-0.7364877056983915,Neutral Forecast,Stable Watchlist,Stable Watchlist,Low Risk,High,22.27143532949217,1.040494675217403,Weighted Ensemble,,,,,,,,,,pending
2026-05-29,ETR,Entergy Corporation,Utilities,Utilities - Regulated Electric,109.0500030517578,106.53821132773312,-2.303339434876065,Negative Forecast,Needs Further Review,Needs Further Review,Low Risk,High,23.23145016638286,1.0247189210247107,Weighted Ensemble,,,,,,,,,,pending
2026-05-29,EVRG,"Evergy, Inc.",Utilities,Utilities - Regulated Electric,82.04000091552734,81.79059592705086,-0.3040041268810872,Neutral Forecast,Stable Watchlist,Stable Watchlist,Low Risk,High,18.05726681002758,0.920510816639414,Weighted Ensemble,,,,,,,,,,pending
2026-05-29,EXC,Exelon Corporation,Utilities,Utilities - Regulated Electric,45.63999938964844,46.80197243795096,2.5459532511870866,Positive Forecast,Needs Further Review,Needs Further Review,Low Risk,High,21.77497598957138,1.0340420236823853,Weighted Ensemble,,,,,,,,,,pending
2026-05-29,FE,FirstEnergy Corp.,Utilities,Utilities - Regulated Electric,46.38999938964844,48.34788143684672,4.2204830199570305,Positive Forecast,Needs Further Review,Needs Further Review,Low Risk,High,17.10772692366088,0.8630562079626652,Weighted Ensemble,,,,,,,,,,pending
2026-05-29,LNT,Alliant Energy Corporation,Utilities,Utilities - Regulated Electric,71.61000061035156,71.14194938046796,-0.6536115429329298,Neutral Forecast,Stable Watchlist,Stable Watchlist,Low Risk,High,16.74280376538022,0.7864388250216205,Weighted Ensemble,,,,,,,,,,pending
2026-05-29,NEE,"NextEra Energy, Inc.",Utilities,Utilities - Regulated Electric,87.01000213623047,80.79737764238962,-7.140126814517049,Negative Forecast,Weak Fundamentals / Negative Forecast,Weak Fundamentals / Negative Forecast,Low Risk,High,24.69754307766529,1.103532915230741,Weighted Ensemble,,,,,,,,,,pending
2026-05-29,NI,NiSource Inc.,Utilities,Utilities - Regulated Gas,46.220001220703125,45.35871855819853,-1.8634414533913988,Neutral Forecast,Stable Watchlist,Stable Watchlist,Low Risk,High,17.548313582310378,0.8606592925386797,Weighted Ensemble,,,,,,,,,,pending
2026-05-29,NRG,"NRG Energy, Inc.",Utilities,Utilities - Independent Power Producers,134.0800018310547,135.14699915155205,0.7957915467825075,Neutral Forecast,Stable Watchlist,Stable Watchlist,Medium Risk,Moderate,49.70251759725334,2.365410254190388,Weighted Ensemble,,,,,,,,,,pending
2026-05-29,PEG,Public Service Enterprise Group Incorporated,Utilities,Utilities - Regulated Electric,78.6500015258789,79.59356460653171,1.1996987442426676,Neutral Forecast,Stable Watchlist,Stable Watchlist,Low Risk,High,20.240555616037632,1.029761522832096,Weighted Ensemble,,,,,,,,,,pending
2026-05-29,PNW,Pinnacle West Capital Corporation,Utilities,Utilities - Regulated Electric,99.73999786376952,99.75138414274038,0.0114159607125844,Neutral Forecast,Stable Watchlist,Stable Watchlist,Low Risk,High,17.27869441493358,0.8785722407287325,Weighted Ensemble,,,,,,,,,,pending
2026-05-29,PPL,PPL Corporation,Utilities,Utilities - Regulated Electric,35.38999938964844,35.13553547973972,-0.7190277318375584,Neutral Forecast,Stable Watchlist,Stable Watchlist,Low Risk,High,18.57072383836001,0.9437317657609766,Weighted Ensemble,,,,,,,,,,pending
2026-05-29,SO,The Southern Company,Utilities,Utilities - Regulated Electric,92.0500030517578,90.7800925490818,-1.3795876812322752,Neutral Forecast,Stable Watchlist,Stable Watchlist,Low Risk,High,18.98245484671119,0.8752427541724995,Weighted Ensemble,,,,,,,,,,pending
2026-05-29,SRE,Sempra,Utilities,Utilities - Diversified,89.12999725341797,86.21806560578108,-3.267061300762268,Negative Forecast,Needs Further Review,Needs Further Review,Low Risk,High,19.27692203771893,0.9228143213063452,Weighted Ensemble,,,,,,,,,,pending
2026-05-29,WEC,"WEC Energy Group, Inc.",Utilities,Utilities - Regulated Electric,111.0500030517578,110.84942791107127,-0.180616960985621,Neutral Forecast,Stable Watchlist,Stable Watchlist,Low Risk,High,16.30041756197978,0.8152254215657665,Weighted Ensemble,,,,,,,,,,pending
2026-05-29,XEL,Xcel Energy Inc.,Utilities,Utilities - Regulated Electric,79.5,79.41626173597888,-0.1053311497121027,Neutral Forecast,Stable Watchlist,Stable Watchlist,Low Risk,High,20.51317298918378,0.9321085905438689,Weighted Ensemble,,,,,,,,,,pending
